Id,Name,AllIngredients,Verbs,Steps,Ingredient
116470,fried catfish with a creamy thai sauce,"catfish fillets, vegetable oil, curry powder, garlic powder, coriander seed, salt, cornmeal, flour, canola oil, onions, fresh ginger, garlic, lemongrass, red curry paste, brown sugar, fish sauce, unsweetened coconut milk, basil leaves, lime, juice of, cashews",combine,1,{}
116470,fried catfish with a creamy thai sauce,"catfish fillets, vegetable oil, curry powder, garlic powder, coriander seed, salt, cornmeal, flour, canola oil, onions, fresh ginger, garlic, lemongrass, red curry paste, brown sugar, fish sauce, unsweetened coconut milk, basil leaves, lime, juice of, cashews",let,3,"[' soy sauce, tomato sauce, a.1. original sauce, worcestershire sauce, adobo sauce, spaghetti sauce, thai sweet chili sauce, sriracha sauce, tabasco sauce, picante sauce, pesto sauce, tamari soy sauce, applesauce, hot sauce,spaghetti sauce, hot pepper sauce, hoisin sauce, oyster sauce, reduced sodium soy sauce, low sodium soy sauce, chili-garlic sauce, fish sauce, sweet chili sauce, teriyaki sauce, dark soy sauce, barbecue sauce, soya sauce, red chili sauce, chili sauce,hoisin sauce, sweet soy sauce, vegetarian oyster sauce, light soy sauce, pizza sauce, cranberry sauce, horseradish sauce, ""franks red hot sauce"", remoulade sauce, liquid hot pepper sauce, pasta sauce, sweet and sour sauce,soya sauce, spaghetti sauce with meat, hollandaise sauce mix, louisiana hot sauce, garlic sauce, green enchilada sauce,soy sauce, red enchilada sauce, pickapeppa sauce, bearnaise sauce mix, seafood cocktail sauce, dark soya sauce, alfredo sauce, cayenne pepper sauce, maggi seasoning sauce']"
116470,fried catfish with a creamy thai sauce,"catfish fillets, vegetable oil, curry powder, garlic powder, coriander seed, salt, cornmeal, flour, canola oil, onions, fresh ginger, garlic, lemongrass, red curry paste, brown sugar, fish sauce, unsweetened coconut milk, basil leaves, lime, juice of, cashews",sit,3,"[' soy sauce, tomato sauce, a.1. original sauce, worcestershire sauce, adobo sauce, spaghetti sauce, thai sweet chili sauce, sriracha sauce, tabasco sauce, picante sauce, pesto sauce, tamari soy sauce, applesauce, hot sauce,spaghetti sauce, hot pepper sauce, hoisin sauce, oyster sauce, reduced sodium soy sauce, low sodium soy sauce, chili-garlic sauce, fish sauce, sweet chili sauce, teriyaki sauce, dark soy sauce, barbecue sauce, soya sauce, red chili sauce, chili sauce,hoisin sauce, sweet soy sauce, vegetarian oyster sauce, light soy sauce, pizza sauce, cranberry sauce, horseradish sauce, ""franks red hot sauce"", remoulade sauce, liquid hot pepper sauce, pasta sauce, sweet and sour sauce,soya sauce, spaghetti sauce with meat, hollandaise sauce mix, louisiana hot sauce, garlic sauce, green enchilada sauce,soy sauce, red enchilada sauce, pickapeppa sauce, bearnaise sauce mix, seafood cocktail sauce, dark soya sauce, alfredo sauce, cayenne pepper sauce, maggi seasoning sauce']"
116470,fried catfish with a creamy thai sauce,"catfish fillets, vegetable oil, curry powder, garlic powder, coriander seed, salt, cornmeal, flour, canola oil, onions, fresh ginger, garlic, lemongrass, red curry paste, brown sugar, fish sauce, unsweetened coconut milk, basil leaves, lime, juice of, cashews",making,3,"[' soy sauce, tomato sauce, a.1. original sauce, worcestershire sauce, adobo sauce, spaghetti sauce, thai sweet chili sauce, sriracha sauce, tabasco sauce, picante sauce, pesto sauce, tamari soy sauce, applesauce, hot sauce,spaghetti sauce, hot pepper sauce, hoisin sauce, oyster sauce, reduced sodium soy sauce, low sodium soy sauce, chili-garlic sauce, fish sauce, sweet chili sauce, teriyaki sauce, dark soy sauce, barbecue sauce, soya sauce, red chili sauce, chili sauce,hoisin sauce, sweet soy sauce, vegetarian oyster sauce, light soy sauce, pizza sauce, cranberry sauce, horseradish sauce, ""franks red hot sauce"", remoulade sauce, liquid hot pepper sauce, pasta sauce, sweet and sour sauce,soya sauce, spaghetti sauce with meat, hollandaise sauce mix, louisiana hot sauce, garlic sauce, green enchilada sauce,soy sauce, red enchilada sauce, pickapeppa sauce, bearnaise sauce mix, seafood cocktail sauce, dark soya sauce, alfredo sauce, cayenne pepper sauce, maggi seasoning sauce']"
116470,fried catfish with a creamy thai sauce,"catfish fillets, vegetable oil, curry powder, garlic powder, coriander seed, salt, cornmeal, flour, canola oil, onions, fresh ginger, garlic, lemongrass, red curry paste, brown sugar, fish sauce, unsweetened coconut milk, basil leaves, lime, juice of, cashews",add,4,"[' buckwheat flour, whole wheat flour,whole wheat flour, wheat germ,buckwheat flour, bulgur wheat, whole wheat bread crumbs, whole wheat hamburger buns, wheat, whole wheat pasta, whole wheat angel hair pasta, whole wheat bread,whole wheat tortillas, wheat flour,wheat berries, whole wheat crackers,whole wheat macaroni, whole grain wheat flour,wheat flour, canola oil, peanut oil, olive oil, vegetable oil,olive oil, extra virgin olive oil, boiling water, sesame oil,peanut oil, palm oil,canola oil, sunflower oil,light olive oil, oil, hard-boiled egg, chili oil, toasted sesame oil, light vegetable oil,oil, rapeseed oil,crab boil seasoning, cooking oil, hard-boiled eggs, sesame seed oil,safflower oil, boiled ham, salad oil, boiled potatoes,vegetable oil, crab boil seasoning, crab boil, coconut oil, olive oil flavored cooking spray,extra virgin olive oil, dark sesame oil, corn oil,sesame oil,olive oil flavored cooking spray, light olive oil, sun-dried tomato packed in oil,grapeseed oil, hardboiled egg, hot chili oil,no-boil lasagna noodles,coconut oil, safflower oil, orange oil, boiling potato, fire oil, grapeseed oil, sweet onions, red onions, brown onions, onions,yellow onions, yellow onions, green onions, white onions, spring onions,onions, white pearl onions, diced onions, ""frenchs french fried onions"", frozen pearl onions, french-fried onions, green onions with top, fresh ginger, ginger, ground ginger, candied ginger,fresh ginger, minced ginger, crystallized ginger, ginger paste, ginger powder, gingerroot, fresh gingerroot, ginger-garlic paste, powdered ginger, ginger juice,gingerroot, dried ginger, fresh garlic, garlic, garlic clove, garlic cloves, garlic powder, minced garlic cloves, fresh garlic cloves, garlic granules, garlic salt, granulated garlic, chili-garlic sauce, garlic paste,garlic clove, cream cheese with garlic and herbs, bulbs of garlic,garlic, garlic pepper seasoning, chili paste with garlic,garlic cloves, diced tomatoes with basil and garlic, garlic chives, garlic sauce, minced garlic clove, bulb of garlic, roasted garlic, head of garlic, lemon zest, lemon juice, lemon peel, lemon, fresh lemon juice, lemon wedges, lemons, fresh lemon zest,lemons, lemongrass, lemon thyme, lemon twist, fresh lemongrass,lemon juice, lemon pepper seasoning, lemon extract, lemon rind, candied lemon peel, lemon wedge, preserved lemon, lemon cucumber']"
116470,fried catfish with a creamy thai sauce,"catfish fillets, vegetable oil, curry powder, garlic powder, coriander seed, salt, cornmeal, flour, canola oil, onions, fresh ginger, garlic, lemongrass, red curry paste, brown sugar, fish sauce, unsweetened coconut milk, basil leaves, lime, juice of, cashews",add,5,"[' curry powder, dried curry leaves, curry leaves, madras curry powder, curry paste, mild curry powder, curry leaf, mild curry paste, curry, red curry paste,curry powder, thai curry paste, thai red curry paste, tomato paste, ginger paste, chili paste, garlic paste,tomato paste, tahini paste, ginger-garlic paste, tamarind paste, hot chili paste, guava paste, hot pepper paste, chili paste with garlic, onion paste, almond paste, poppy seed paste, sesame paste, sambal chili paste,tamarind paste, red chili paste, sambal oelek chili paste, shrimp paste, hot bean paste, cooked chicken breasts, cooked wild rice, cooking spray, cooked rice, cooked chicken,cooking spray, cooked shrimp, nonstick cooking spray, cooking oil, cooked white rice,nonstick cooking spray, cooked long-grain rice, cooked pasta,cooked chicken, tart cooking apples,cooked brown rice, pam cooking spray, olive oil flavored cooking spray, cooked couscous, cooked turkey breast, cooked chicken breast, hard-cooked egg, quick-cooking tapioca, rotisserie-cooked chicken,olive oil flavored cooking spray, cooked ditalini, cooked basmati rice, cooked brown rice, quick-cooking rolled oats,cooked wild rice, uncooked rice, cooked spaghetti, cooked bacon, brown sugar, sugar, dark brown sugar, powdered sugar, white sugar, ""confectioners sugar"", granulated sugar, cinnamon sugar,sugar, light brown sugar, icing sugar,granulated sugar, sugar snap pea, unbleached cane sugar,dark brown sugar, palm sugar, caster sugar, sugar-free chocolate syrup, splenda sugar substitute, golden brown sugar, catfish fillets, fish sauce, fish,cod fish fillets, fish stock, cod fish fillet, fish fillets, crawfish meat,catfish fillets, white fish fillets, crawfish tail,crawfish, crawfish tails, crawfish tail meat, fish fumet, whitefish trimmings,white fish fillet,salt cod fish,fish fillet, white fish fillet, soy sauce, tomato sauce, a.1. original sauce, worcestershire sauce, adobo sauce, spaghetti sauce, thai sweet chili sauce, sriracha sauce, tabasco sauce, picante sauce, pesto sauce, tamari soy sauce, applesauce, hot sauce,spaghetti sauce, hot pepper sauce, hoisin sauce, oyster sauce, reduced sodium soy sauce, low sodium soy sauce, chili-garlic sauce, sweet chili sauce, teriyaki sauce, dark soy sauce, barbecue sauce, soya sauce, red chili sauce, chili sauce,hoisin sauce, sweet soy sauce, vegetarian oyster sauce, light soy sauce, pizza sauce, cranberry sauce, horseradish sauce, ""franks red hot sauce"", remoulade sauce, liquid hot pepper sauce, pasta sauce, sweet and sour sauce,soya sauce, spaghetti sauce with meat, hollandaise sauce mix, louisiana hot sauce, garlic sauce, green enchilada sauce,soy sauce, red enchilada sauce, pickapeppa sauce, bearnaise sauce mix, seafood cocktail sauce, dark soya sauce, alfredo sauce, cayenne pepper sauce, maggi seasoning sauce, low-fat buttermilk, skim milk, milk, buttermilk, coconut milk, nonfat dry milk powder,skim milk,milk, reduced-fat milk, whole milk, 2% low-fat milk, coconut milk powder, unsweetened coconut milk, evaporated skim milk, evaporated milk, powdered milk, soymilk, 2% milk,buttermilk, 1% low-fat milk,whole milk, whole milk ricotta cheese,coconut milk, nonfat milk, milk chocolate chips, basil, dried basil, dried basil leaves, fresh basil, basil leaves, fresh basil leaves, thai basil, ground basil, dried sweet basil leaves, diced tomatoes with basil and garlic, fresh basil leaf, sweet basil, basil pesto, lime juice, fresh lime juice, lime, lime wedge, limes, dried limes, fresh lime leaves, lime rind, lime wedges, lime zest, kaffir lime leaves, key limes,fresh lime juice, lime pickle, lime peel, juice of, orange juice, lemon juice, apple juice, fresh orange juice, fresh lemon juice, diced tomatoes with juice, unsweetened pineapple juice, mango juice, tomato juice, pineapple juice, pineapple chunks in juice, clamato juice, juice and zest of, spicy vegetable juice, juice, tomatoes with juice, clam juice, tamarind juice,lemon juice, mangoes in juice, ginger juice, cherry juice, pineapple juice concentrate, bottled clam juice, maraschino cherry juice,pickle juice,cranberry juice cocktail, v8 vegetable juice, jalapeno juice']"
116470,fried catfish with a creamy thai sauce,"catfish fillets, vegetable oil, curry powder, garlic powder, coriander seed, salt, cornmeal, flour, canola oil, onions, fresh ginger, garlic, lemongrass, red curry paste, brown sugar, fish sauce, unsweetened coconut milk, basil leaves, lime, juice of, cashews",add,7,"[' vegan egg replacer powder, lettuce cup, soy sauce, tomato sauce, a.1. original sauce, worcestershire sauce, adobo sauce, spaghetti sauce, thai sweet chili sauce, sriracha sauce, tabasco sauce, picante sauce, pesto sauce, tamari soy sauce, applesauce, hot sauce,spaghetti sauce, hot pepper sauce, hoisin sauce, oyster sauce, reduced sodium soy sauce, low sodium soy sauce, chili-garlic sauce, fish sauce, sweet chili sauce, teriyaki sauce, dark soy sauce, barbecue sauce, soya sauce, red chili sauce, chili sauce,hoisin sauce, sweet soy sauce, vegetarian oyster sauce, light soy sauce, pizza sauce, cranberry sauce, horseradish sauce, ""franks red hot sauce"", remoulade sauce, liquid hot pepper sauce, pasta sauce, sweet and sour sauce,soya sauce, spaghetti sauce with meat, hollandaise sauce mix, louisiana hot sauce, garlic sauce, green enchilada sauce,soy sauce, red enchilada sauce, pickapeppa sauce, bearnaise sauce mix, seafood cocktail sauce, dark soya sauce, alfredo sauce, cayenne pepper sauce, maggi seasoning sauce, roasted cashews, raw cashews, cashews, unsalted cashews, new potato, dried chipotle powder, chipotle pepper, sweet potatoes, potatoes, sweet potato, russet potatoes, potato, red potatoes,baby red potatoes, baby potatoes,sweet potato, chipotle chile in adobo,potatoes, chipotle peppers,chipotle chiles in adobo, pureed chipotle chiles, boiled potatoes, instant mashed potatoes, baking potatoes, yukon gold potatoes, white potatoes, potato chips, yukon gold potato, simply potatoes shredded hash browns, chipotle chiles, chipotle chiles in adobo, chipotle chile, instant potato flakes, idaho potatoes, new potatoes, russet potato, boiling potato, ground chipotle chile pepper,new potato']"
116470,fried catfish with a creamy thai sauce,"catfish fillets, vegetable oil, curry powder, garlic powder, coriander seed, salt, cornmeal, flour, canola oil, onions, fresh ginger, garlic, lemongrass, red curry paste, brown sugar, fish sauce, unsweetened coconut milk, basil leaves, lime, juice of, cashews",add,10,"[' catfish fillets,catfish fillets']"
116470,fried catfish with a creamy thai sauce,"catfish fillets, vegetable oil, curry powder, garlic powder, coriander seed, salt, cornmeal, flour, canola oil, onions, fresh ginger, garlic, lemongrass, red curry paste, brown sugar, fish sauce, unsweetened coconut milk, basil leaves, lime, juice of, cashews",stir,6,{}
116470,fried catfish with a creamy thai sauce,"catfish fillets, vegetable oil, curry powder, garlic powder, coriander seed, salt, cornmeal, flour, canola oil, onions, fresh ginger, garlic, lemongrass, red curry paste, brown sugar, fish sauce, unsweetened coconut milk, basil leaves, lime, juice of, cashews",blending,7,"[' vegan egg replacer powder, lettuce cup, soy sauce, tomato sauce, a.1. original sauce, worcestershire sauce, adobo sauce, spaghetti sauce, thai sweet chili sauce, sriracha sauce, tabasco sauce, picante sauce, pesto sauce, tamari soy sauce, applesauce, hot sauce,spaghetti sauce, hot pepper sauce, hoisin sauce, oyster sauce, reduced sodium soy sauce, low sodium soy sauce, chili-garlic sauce, fish sauce, sweet chili sauce, teriyaki sauce, dark soy sauce, barbecue sauce, soya sauce, red chili sauce, chili sauce,hoisin sauce, sweet soy sauce, vegetarian oyster sauce, light soy sauce, pizza sauce, cranberry sauce, horseradish sauce, ""franks red hot sauce"", remoulade sauce, liquid hot pepper sauce, pasta sauce, sweet and sour sauce,soya sauce, spaghetti sauce with meat, hollandaise sauce mix, louisiana hot sauce, garlic sauce, green enchilada sauce,soy sauce, red enchilada sauce, pickapeppa sauce, bearnaise sauce mix, seafood cocktail sauce, dark soya sauce, alfredo sauce, cayenne pepper sauce, maggi seasoning sauce, roasted cashews, raw cashews, cashews, unsalted cashews, new potato, dried chipotle powder, chipotle pepper, sweet potatoes, potatoes, sweet potato, russet potatoes, potato, red potatoes,baby red potatoes, baby potatoes,sweet potato, chipotle chile in adobo,potatoes, chipotle peppers,chipotle chiles in adobo, pureed chipotle chiles, boiled potatoes, instant mashed potatoes, baking potatoes, yukon gold potatoes, white potatoes, potato chips, yukon gold potato, simply potatoes shredded hash browns, chipotle chiles, chipotle chiles in adobo, chipotle chile, instant potato flakes, idaho potatoes, new potatoes, russet potato, boiling potato, ground chipotle chile pepper,new potato']"
116470,fried catfish with a creamy thai sauce,"catfish fillets, vegetable oil, curry powder, garlic powder, coriander seed, salt, cornmeal, flour, canola oil, onions, fresh ginger, garlic, lemongrass, red curry paste, brown sugar, fish sauce, unsweetened coconut milk, basil leaves, lime, juice of, cashews",shaking,9,"[' buckwheat flour, whole wheat flour,whole wheat flour, wheat germ,buckwheat flour, bulgur wheat, whole wheat bread crumbs, whole wheat hamburger buns, wheat, whole wheat pasta, whole wheat angel hair pasta, whole wheat bread,whole wheat tortillas, wheat flour,wheat berries, whole wheat crackers,whole wheat macaroni, whole grain wheat flour,wheat flour, canola oil, peanut oil, olive oil, vegetable oil,olive oil, extra virgin olive oil, boiling water, sesame oil,peanut oil, palm oil,canola oil, sunflower oil,light olive oil, oil, hard-boiled egg, chili oil, toasted sesame oil, light vegetable oil,oil, rapeseed oil,crab boil seasoning, cooking oil, hard-boiled eggs, sesame seed oil,safflower oil, boiled ham, salad oil, boiled potatoes,vegetable oil, crab boil seasoning, crab boil, coconut oil, olive oil flavored cooking spray,extra virgin olive oil, dark sesame oil, corn oil,sesame oil,olive oil flavored cooking spray, light olive oil, sun-dried tomato packed in oil,grapeseed oil, hardboiled egg, hot chili oil,no-boil lasagna noodles,coconut oil, safflower oil, orange oil, boiling potato, fire oil, grapeseed oil']"
116470,fried catfish with a creamy thai sauce,"catfish fillets, vegetable oil, curry powder, garlic powder, coriander seed, salt, cornmeal, flour, canola oil, onions, fresh ginger, garlic, lemongrass, red curry paste, brown sugar, fish sauce, unsweetened coconut milk, basil leaves, lime, juice of, cashews",fry,10,"[' catfish fillets,catfish fillets']"
116470,fried catfish with a creamy thai sauce,"catfish fillets, vegetable oil, curry powder, garlic powder, coriander seed, salt, cornmeal, flour, canola oil, onions, fresh ginger, garlic, lemongrass, red curry paste, brown sugar, fish sauce, unsweetened coconut milk, basil leaves, lime, juice of, cashews",depending,10,"[' catfish fillets,catfish fillets']"
116470,fried catfish with a creamy thai sauce,"catfish fillets, vegetable oil, curry powder, garlic powder, coriander seed, salt, cornmeal, flour, canola oil, onions, fresh ginger, garlic, lemongrass, red curry paste, brown sugar, fish sauce, unsweetened coconut milk, basil leaves, lime, juice of, cashews",serve,13,"[' long-grain rice, rice, basmati rice, cooked wild rice, brown basmati rice, cooked rice, rice wine, brown rice, long grain white rice, rice vinegar, rice sticks, rice wine vinegar, cooked white rice, jasmine rice, cooked long-grain rice,rice wine vinegar, long grain rice, steamed rice, converted rice, rice vermicelli,cooked brown rice, white rice, wild rice,rice, instant rice, seasoned rice vinegar,basmati rice,rice noodles, cooked basmati rice, dried rice noodles, cooked brown rice, minute rice,jasmine rice,cooked wild rice,wild rice, uncooked rice, wide rice noodles, rice flour,white rice, rice noodles']"
116470,fried catfish with a creamy thai sauce,"catfish fillets, vegetable oil, curry powder, garlic powder, coriander seed, salt, cornmeal, flour, canola oil, onions, fresh ginger, garlic, lemongrass, red curry paste, brown sugar, fish sauce, unsweetened coconut milk, basil leaves, lime, juice of, cashews",placing,14,"[' catfish fillets, fish sauce, fish,cod fish fillets, fish stock, cod fish fillet, fish fillets, crawfish meat,catfish fillets, white fish fillets, crawfish tail,crawfish, crawfish tails, crawfish tail meat, fish fumet, whitefish trimmings,white fish fillet,salt cod fish,fish fillet, white fish fillet, long-grain rice, rice, basmati rice, cooked wild rice, brown basmati rice, cooked rice, rice wine, brown rice, long grain white rice, rice vinegar, rice sticks, rice wine vinegar, cooked white rice, jasmine rice, cooked long-grain rice,rice wine vinegar, long grain rice, steamed rice, converted rice, rice vermicelli,cooked brown rice, white rice, wild rice,rice, instant rice, seasoned rice vinegar,basmati rice,rice noodles, cooked basmati rice, dried rice noodles, cooked brown rice, minute rice,jasmine rice,cooked wild rice,wild rice, uncooked rice, wide rice noodles, rice flour,white rice, rice noodles, desiccated coconut, coconut milk, coconut, coconut extract, sweetened coconut, coconut butter, flaked coconut, coconut milk powder, shredded coconut, unsweetened coconut milk, coconuts, coconut oil, dried coconut, unsweetened dried shredded coconut,sweetened flaked coconut, unsweetened flaked coconut,coconut water, coconut rum, coconut syrup,coconut oil, cream of coconut,coconut milk, creamed coconut, sweetened flaked coconut, grated fresh coconut, soy sauce, tomato sauce, a.1. original sauce, worcestershire sauce, adobo sauce, spaghetti sauce, thai sweet chili sauce, sriracha sauce, tabasco sauce, picante sauce, pesto sauce, tamari soy sauce, applesauce, hot sauce,spaghetti sauce, hot pepper sauce, hoisin sauce, oyster sauce, reduced sodium soy sauce, low sodium soy sauce, chili-garlic sauce, sweet chili sauce, teriyaki sauce, dark soy sauce, barbecue sauce, soya sauce, red chili sauce, chili sauce,hoisin sauce, sweet soy sauce, vegetarian oyster sauce, light soy sauce, pizza sauce, cranberry sauce, horseradish sauce, ""franks red hot sauce"", remoulade sauce, liquid hot pepper sauce, pasta sauce, sweet and sour sauce,soya sauce, spaghetti sauce with meat, hollandaise sauce mix, louisiana hot sauce, garlic sauce, green enchilada sauce,soy sauce, red enchilada sauce, pickapeppa sauce, bearnaise sauce mix, seafood cocktail sauce, dark soya sauce, alfredo sauce, cayenne pepper sauce, maggi seasoning sauce']"
116470,fried catfish with a creamy thai sauce,"catfish fillets, vegetable oil, curry powder, garlic powder, coriander seed, salt, cornmeal, flour, canola oil, onions, fresh ginger, garlic, lemongrass, red curry paste, brown sugar, fish sauce, unsweetened coconut milk, basil leaves, lime, juice of, cashews",topping,14,"[' catfish fillets, fish sauce, fish,cod fish fillets, fish stock, cod fish fillet, fish fillets, crawfish meat,catfish fillets, white fish fillets, crawfish tail,crawfish, crawfish tails, crawfish tail meat, fish fumet, whitefish trimmings,white fish fillet,salt cod fish,fish fillet, white fish fillet, long-grain rice, rice, basmati rice, cooked wild rice, brown basmati rice, cooked rice, rice wine, brown rice, long grain white rice, rice vinegar, rice sticks, rice wine vinegar, cooked white rice, jasmine rice, cooked long-grain rice,rice wine vinegar, long grain rice, steamed rice, converted rice, rice vermicelli,cooked brown rice, white rice, wild rice,rice, instant rice, seasoned rice vinegar,basmati rice,rice noodles, cooked basmati rice, dried rice noodles, cooked brown rice, minute rice,jasmine rice,cooked wild rice,wild rice, uncooked rice, wide rice noodles, rice flour,white rice, rice noodles, desiccated coconut, coconut milk, coconut, coconut extract, sweetened coconut, coconut butter, flaked coconut, coconut milk powder, shredded coconut, unsweetened coconut milk, coconuts, coconut oil, dried coconut, unsweetened dried shredded coconut,sweetened flaked coconut, unsweetened flaked coconut,coconut water, coconut rum, coconut syrup,coconut oil, cream of coconut,coconut milk, creamed coconut, sweetened flaked coconut, grated fresh coconut, soy sauce, tomato sauce, a.1. original sauce, worcestershire sauce, adobo sauce, spaghetti sauce, thai sweet chili sauce, sriracha sauce, tabasco sauce, picante sauce, pesto sauce, tamari soy sauce, applesauce, hot sauce,spaghetti sauce, hot pepper sauce, hoisin sauce, oyster sauce, reduced sodium soy sauce, low sodium soy sauce, chili-garlic sauce, sweet chili sauce, teriyaki sauce, dark soy sauce, barbecue sauce, soya sauce, red chili sauce, chili sauce,hoisin sauce, sweet soy sauce, vegetarian oyster sauce, light soy sauce, pizza sauce, cranberry sauce, horseradish sauce, ""franks red hot sauce"", remoulade sauce, liquid hot pepper sauce, pasta sauce, sweet and sour sauce,soya sauce, spaghetti sauce with meat, hollandaise sauce mix, louisiana hot sauce, garlic sauce, green enchilada sauce,soy sauce, red enchilada sauce, pickapeppa sauce, bearnaise sauce mix, seafood cocktail sauce, dark soya sauce, alfredo sauce, cayenne pepper sauce, maggi seasoning sauce']"
