Id,Name,AllIngredients,Verbs,Steps,Ingredient
133620,chicken to please a  crowd,"butter, olive oil, sweet onions, garlic cloves, flour, salt, fresh cracked pepper, garlic powder, chicken breasts, chicken broth, sun-dried tomato packed in oil, oil, fresh thyme, fresh parsley, fresh mushrooms, green peppercorn, capers, sweet butter, baby spinach, pine nuts",garlic,2,"[' sweet onions, red onions, brown onions, onions,yellow onions, yellow onions, green onions, white onions, spring onions,onions, white pearl onions, diced onions, ""frenchs french fried onions"", frozen pearl onions, french-fried onions']"
133620,chicken to please a  crowd,"butter, olive oil, sweet onions, garlic cloves, flour, salt, fresh cracked pepper, garlic powder, chicken breasts, chicken broth, sun-dried tomato packed in oil, oil, fresh thyme, fresh parsley, fresh mushrooms, green peppercorn, capers, sweet butter, baby spinach, pine nuts",remove,3,"[' sweet onions, red onions, brown onions, onions,yellow onions, yellow onions, green onions, white onions, spring onions,onions, white pearl onions, diced onions, ""frenchs french fried onions"", frozen pearl onions, french-fried onions, fresh garlic, garlic, garlic clove, garlic cloves, garlic powder, minced garlic cloves, fresh garlic cloves, garlic granules, garlic salt, granulated garlic, chili-garlic sauce, garlic paste, ginger-garlic paste,garlic clove, cream cheese with garlic and herbs, bulbs of garlic,garlic, garlic pepper seasoning, chili paste with garlic,garlic cloves, diced tomatoes with basil and garlic, garlic chives, garlic sauce, canola oil, peanut oil, olive oil, vegetable oil,olive oil, extra virgin olive oil, boiling water, sesame oil,peanut oil, palm oil,canola oil, sunflower oil,light olive oil, oil, hard-boiled egg, chili oil, toasted sesame oil, light vegetable oil,oil, rapeseed oil,crab boil seasoning, cooking oil, hard-boiled eggs, sesame seed oil,safflower oil, boiled ham, salad oil, boiled potatoes,vegetable oil, crab boil seasoning, crab boil, coconut oil, olive oil flavored cooking spray,extra virgin olive oil, dark sesame oil, corn oil,sesame oil,olive oil flavored cooking spray, light olive oil, sun-dried tomato packed in oil, panko breadcrumbs, campanelle pasta, pancetta, spanish onion, spanish olives with pimento, panir,pancetta']"
133620,chicken to please a  crowd,"butter, olive oil, sweet onions, garlic cloves, flour, salt, fresh cracked pepper, garlic powder, chicken breasts, chicken broth, sun-dried tomato packed in oil, oil, fresh thyme, fresh parsley, fresh mushrooms, green peppercorn, capers, sweet butter, baby spinach, pine nuts",leaving,3,"[' sweet onions, red onions, brown onions, onions,yellow onions, yellow onions, green onions, white onions, spring onions,onions, white pearl onions, diced onions, ""frenchs french fried onions"", frozen pearl onions, french-fried onions, fresh garlic, garlic, garlic clove, garlic cloves, garlic powder, minced garlic cloves, fresh garlic cloves, garlic granules, garlic salt, granulated garlic, chili-garlic sauce, garlic paste, ginger-garlic paste,garlic clove, cream cheese with garlic and herbs, bulbs of garlic,garlic, garlic pepper seasoning, chili paste with garlic,garlic cloves, diced tomatoes with basil and garlic, garlic chives, garlic sauce, canola oil, peanut oil, olive oil, vegetable oil,olive oil, extra virgin olive oil, boiling water, sesame oil,peanut oil, palm oil,canola oil, sunflower oil,light olive oil, oil, hard-boiled egg, chili oil, toasted sesame oil, light vegetable oil,oil, rapeseed oil,crab boil seasoning, cooking oil, hard-boiled eggs, sesame seed oil,safflower oil, boiled ham, salad oil, boiled potatoes,vegetable oil, crab boil seasoning, crab boil, coconut oil, olive oil flavored cooking spray,extra virgin olive oil, dark sesame oil, corn oil,sesame oil,olive oil flavored cooking spray, light olive oil, sun-dried tomato packed in oil, panko breadcrumbs, campanelle pasta, pancetta, spanish onion, spanish olives with pimento, panir,pancetta']"
133620,chicken to please a  crowd,"butter, olive oil, sweet onions, garlic cloves, flour, salt, fresh cracked pepper, garlic powder, chicken breasts, chicken broth, sun-dried tomato packed in oil, oil, fresh thyme, fresh parsley, fresh mushrooms, green peppercorn, capers, sweet butter, baby spinach, pine nuts",set,3,"[' sweet onions, red onions, brown onions, onions,yellow onions, yellow onions, green onions, white onions, spring onions,onions, white pearl onions, diced onions, ""frenchs french fried onions"", frozen pearl onions, french-fried onions, fresh garlic, garlic, garlic clove, garlic cloves, garlic powder, minced garlic cloves, fresh garlic cloves, garlic granules, garlic salt, granulated garlic, chili-garlic sauce, garlic paste, ginger-garlic paste,garlic clove, cream cheese with garlic and herbs, bulbs of garlic,garlic, garlic pepper seasoning, chili paste with garlic,garlic cloves, diced tomatoes with basil and garlic, garlic chives, garlic sauce, canola oil, peanut oil, olive oil, vegetable oil,olive oil, extra virgin olive oil, boiling water, sesame oil,peanut oil, palm oil,canola oil, sunflower oil,light olive oil, oil, hard-boiled egg, chili oil, toasted sesame oil, light vegetable oil,oil, rapeseed oil,crab boil seasoning, cooking oil, hard-boiled eggs, sesame seed oil,safflower oil, boiled ham, salad oil, boiled potatoes,vegetable oil, crab boil seasoning, crab boil, coconut oil, olive oil flavored cooking spray,extra virgin olive oil, dark sesame oil, corn oil,sesame oil,olive oil flavored cooking spray, light olive oil, sun-dried tomato packed in oil, panko breadcrumbs, campanelle pasta, pancetta, spanish onion, spanish olives with pimento, panir,pancetta']"
133620,chicken to please a  crowd,"butter, olive oil, sweet onions, garlic cloves, flour, salt, fresh cracked pepper, garlic powder, chicken breasts, chicken broth, sun-dried tomato packed in oil, oil, fresh thyme, fresh parsley, fresh mushrooms, green peppercorn, capers, sweet butter, baby spinach, pine nuts",toss,5,"['boneless skinless chicken breasts, chicken broth,chicken breasts, chicken stock, chicken thigh fillet, chicken bouillon cube,chicken thighs, chicken stock cube, reduced-sodium chicken broth, cooked chicken breasts, boneless chicken,boneless chicken breasts, chicken thighs, low-fat chicken broth, chicken, boneless chicken thighs, boneless skinless chicken breasts, cream of chicken soup, organic free range fat free chicken broth, boneless skinless chicken thighs, cooked chicken,chicken broth, boneless skinless chicken breast halves, ground chicken,skinless chicken thighs,chicken tenders,chicken, chicken bouillon cubes,chicken breast halves, chicken base,skinless chicken breasts, low sodium chicken broth, chicken legs, chicken breasts, chicken livers, chicken-flavored ramen noodles, skinless chicken thighs, chicken stock powder, boneless chicken breasts,chicken wings,boneless chicken thighs, boneless chicken breast halves, roasting chickens, chicken giblets, homemade chicken stock,cooked chicken,boneless chicken breast, chicken bouillon, chicken breast,boneless skinless chicken breast, rich chicken broth,chicken breast, cooked chicken breast,skinless chicken breast, skinless chicken leg quarters,boneless skinless chicken breast halves, rotisserie-cooked chicken, boneless skinless chicken legs, skinless chicken breast half, whole chicken breasts,skinless chicken piece,skinless chicken drumsticks, chicken tenders,skinless chicken,chicken stock, skinless chicken breast,chicken fillets,chicken pieces,whole chicken,chicken piece, chicken breast fillets,ground chicken,whole chickens, boneless skinless chicken,boneless skinless chicken thighs,boneless chicken,swanson chicken broth, reduced-sodium fat-free chicken broth,roasting chickens, chicken legs-thighs, grilled chicken breast,all-purpose flour, buckwheat flour, flour, all-purpose flour, flour tortillas, white flour, whole wheat flour, unbleached all-purpose flour,flour,whole wheat flour, plain flour, cornflour, chickpea flour, self rising flour,cake flour,buckwheat flour, flour tortilla, oat flour, rye flour, gram flour, cake flour,bread flour']"
133620,chicken to please a  crowd,"butter, olive oil, sweet onions, garlic cloves, flour, salt, fresh cracked pepper, garlic powder, chicken breasts, chicken broth, sun-dried tomato packed in oil, oil, fresh thyme, fresh parsley, fresh mushrooms, green peppercorn, capers, sweet butter, baby spinach, pine nuts",toss,15,"[' baby portabella mushrooms,baby shrimp, baby bok choy, baby spinach,baby red potatoes, baby peas, baby potatoes, mixed baby greens,baby greens, baby carrots, baby corn,baby carrots, frozen baby peas, baby greens, frozen leaf spinach, spinach, fresh spinach, frozen chopped spinach, spinach and artichoke cream cheese, frozen spinach, canned spinach,fresh spinach, spinach fettuccine, spinach leaves, fresh spinach leaves, sweet onions, red onions, brown onions, onions,yellow onions, yellow onions, green onions, white onions, spring onions,onions, white pearl onions, diced onions, ""frenchs french fried onions"", frozen pearl onions, french-fried onions']"
133620,chicken to please a  crowd,"butter, olive oil, sweet onions, garlic cloves, flour, salt, fresh cracked pepper, garlic powder, chicken breasts, chicken broth, sun-dried tomato packed in oil, oil, fresh thyme, fresh parsley, fresh mushrooms, green peppercorn, capers, sweet butter, baby spinach, pine nuts",add,6,"[' panko breadcrumbs, campanelle pasta, pancetta, spanish onion, spanish olives with pimento, panir,pancetta, canola oil, peanut oil, olive oil, vegetable oil,olive oil, extra virgin olive oil, boiling water, sesame oil,peanut oil, palm oil,canola oil, sunflower oil,light olive oil, oil, hard-boiled egg, chili oil, toasted sesame oil, light vegetable oil,oil, rapeseed oil,crab boil seasoning, cooking oil, hard-boiled eggs, sesame seed oil,safflower oil, boiled ham, salad oil, boiled potatoes,vegetable oil, crab boil seasoning, crab boil, coconut oil, olive oil flavored cooking spray,extra virgin olive oil, dark sesame oil, corn oil,sesame oil,olive oil flavored cooking spray, light olive oil, sun-dried tomato packed in oil']"
133620,chicken to please a  crowd,"butter, olive oil, sweet onions, garlic cloves, flour, salt, fresh cracked pepper, garlic powder, chicken breasts, chicken broth, sun-dried tomato packed in oil, oil, fresh thyme, fresh parsley, fresh mushrooms, green peppercorn, capers, sweet butter, baby spinach, pine nuts",add,12,"[' panko breadcrumbs, campanelle pasta, pancetta, spanish onion, spanish olives with pimento, panir,pancetta, chicken broth, vegetable broth, reduced-sodium chicken broth, low sodium vegetable broth, low-fat chicken broth, beef broth, organic free range fat free chicken broth,chicken broth, broth, low sodium chicken broth, low sodium beef broth, rich chicken broth,vegetable broth,swanson chicken broth, reduced-sodium fat-free chicken broth, sherry wine vinegar, dry red wine, white wine, red wine vinegar, sherry wine, white wine vinegar, cabernet sauvignon wine,sherry wine vinegar, chianti wine, riesling wine, rice wine, dry white wine, rice wine vinegar, red wine, madeira wine, shaoxing wine,rice wine vinegar, burgundy wine, chardonnay wine, water, boiling water, seltzer water, hot water, cold water, warm water,warm water, sliced water chestnuts,water, water chestnuts, ice water, tap water, water chestnut,hot water, rose water, tomatoes, crushed tomatoes, crushed tomatoes in puree, roma tomatoes, whole tomatoes, cherry tomatoes, diced tomatoes, diced tomatoes with juice, chopped tomatoes,tomatoes, grape tomatoes, sun-dried tomatoes, plum tomatoes, canned tomatoes, italian-style diced tomatoes, fresh tomatoes, canned stewed tomatoes, italian-style tomatoes, whole canned tomatoes, stewed tomatoes, tomatoes with juice, rotel tomatoes,roma tomatoes, diced tomatoes with basil and garlic, thyme, dried thyme, dried thyme leaves, thyme leaves, dry thyme leaves, fresh thyme, fresh thyme leaves, lemon thyme, fresh thyme leave, ground thyme, fresh parsley, fresh parsley leaves, parsley, italian parsley, dried parsley flakes, fresh italian parsley, dried parsley, fresh parsley sprig, flat leaf parsley, fresh flat-leaf parsley, flat-leaf italian parsley, capers, peppercorns, black peppercorns, szechuan peppercorns, white peppercorns, whole black peppercorns']"
133620,chicken to please a  crowd,"butter, olive oil, sweet onions, garlic cloves, flour, salt, fresh cracked pepper, garlic powder, chicken breasts, chicken broth, sun-dried tomato packed in oil, oil, fresh thyme, fresh parsley, fresh mushrooms, green peppercorn, capers, sweet butter, baby spinach, pine nuts",add,13,"[' sliced mushrooms, mixed mushrooms, baby portabella mushrooms, mushrooms, cremini mushrooms, portabella mushrooms, dried shiitake mushrooms, button mushrooms, fresh mushrooms, shiitake mushrooms, dried porcini mushrooms,dried porcini mushrooms,dried shiitake mushrooms, oyster mushrooms, low-fat buttermilk, butter, unsalted butter,unsalted butter,butter, buttermilk, peanut butter, natural-style peanut butter, reduced-fat creamy peanut butter, coconut butter, clarified butter,butternut squash, smooth cashew butter, smooth peanut butter, butternut squash,peanut butter, butter flavor shortening, salted butter, sweet butter, boiling water, hard-boiled egg,crab boil seasoning, hard-boiled eggs, boiled ham, boiled potatoes, crab boil seasoning, crab boil,boneless skinless chicken breasts, chicken broth,chicken breasts, chicken stock, chicken thigh fillet, chicken bouillon cube,chicken thighs, chicken stock cube, reduced-sodium chicken broth, cooked chicken breasts, boneless chicken,boneless chicken breasts, chicken thighs, low-fat chicken broth, chicken, boneless chicken thighs, boneless skinless chicken breasts, cream of chicken soup, organic free range fat free chicken broth, boneless skinless chicken thighs, cooked chicken,chicken broth, boneless skinless chicken breast halves, ground chicken,skinless chicken thighs,chicken tenders,chicken, chicken bouillon cubes,chicken breast halves, chicken base,skinless chicken breasts, low sodium chicken broth, chicken legs, chicken breasts, chicken livers, chicken-flavored ramen noodles, skinless chicken thighs, chicken stock powder, boneless chicken breasts,chicken wings,boneless chicken thighs, boneless chicken breast halves, roasting chickens, chicken giblets, homemade chicken stock,cooked chicken,boneless chicken breast, chicken bouillon, chicken breast,boneless skinless chicken breast, rich chicken broth,chicken breast, cooked chicken breast,skinless chicken breast, skinless chicken leg quarters,boneless skinless chicken breast halves, rotisserie-cooked chicken, boneless skinless chicken legs, skinless chicken breast half, whole chicken breasts,skinless chicken piece,skinless chicken drumsticks, chicken tenders,skinless chicken,chicken stock, skinless chicken breast,chicken fillets,chicken pieces,whole chicken,chicken piece, chicken breast fillets,ground chicken,whole chickens, boneless skinless chicken,boneless skinless chicken thighs,boneless chicken,swanson chicken broth, reduced-sodium fat-free chicken broth,roasting chickens, chicken legs-thighs, grilled chicken breast']"
133620,chicken to please a  crowd,"butter, olive oil, sweet onions, garlic cloves, flour, salt, fresh cracked pepper, garlic powder, chicken breasts, chicken broth, sun-dried tomato packed in oil, oil, fresh thyme, fresh parsley, fresh mushrooms, green peppercorn, capers, sweet butter, baby spinach, pine nuts",needed,6,"[' panko breadcrumbs, campanelle pasta, pancetta, spanish onion, spanish olives with pimento, panir,pancetta, canola oil, peanut oil, olive oil, vegetable oil,olive oil, extra virgin olive oil, boiling water, sesame oil,peanut oil, palm oil,canola oil, sunflower oil,light olive oil, oil, hard-boiled egg, chili oil, toasted sesame oil, light vegetable oil,oil, rapeseed oil,crab boil seasoning, cooking oil, hard-boiled eggs, sesame seed oil,safflower oil, boiled ham, salad oil, boiled potatoes,vegetable oil, crab boil seasoning, crab boil, coconut oil, olive oil flavored cooking spray,extra virgin olive oil, dark sesame oil, corn oil,sesame oil,olive oil flavored cooking spray, light olive oil, sun-dried tomato packed in oil']"
133620,chicken to please a  crowd,"butter, olive oil, sweet onions, garlic cloves, flour, salt, fresh cracked pepper, garlic powder, chicken breasts, chicken broth, sun-dried tomato packed in oil, oil, fresh thyme, fresh parsley, fresh mushrooms, green peppercorn, capers, sweet butter, baby spinach, pine nuts",needed,10,"[' canola oil, peanut oil, olive oil, vegetable oil,olive oil, extra virgin olive oil, boiling water, sesame oil,peanut oil, palm oil,canola oil, sunflower oil,light olive oil, oil, hard-boiled egg, chili oil, toasted sesame oil, light vegetable oil,oil, rapeseed oil,crab boil seasoning, cooking oil, hard-boiled eggs, sesame seed oil,safflower oil, boiled ham, salad oil, boiled potatoes,vegetable oil, crab boil seasoning, crab boil, coconut oil, olive oil flavored cooking spray,extra virgin olive oil, dark sesame oil, corn oil,sesame oil,olive oil flavored cooking spray, light olive oil, sun-dried tomato packed in oil']"
133620,chicken to please a  crowd,"butter, olive oil, sweet onions, garlic cloves, flour, salt, fresh cracked pepper, garlic powder, chicken breasts, chicken broth, sun-dried tomato packed in oil, oil, fresh thyme, fresh parsley, fresh mushrooms, green peppercorn, capers, sweet butter, baby spinach, pine nuts",crowd,8,"[' panko breadcrumbs, campanelle pasta, pancetta, spanish onion, spanish olives with pimento, panir,pancetta']"
133620,chicken to please a  crowd,"butter, olive oil, sweet onions, garlic cloves, flour, salt, fresh cracked pepper, garlic powder, chicken breasts, chicken broth, sun-dried tomato packed in oil, oil, fresh thyme, fresh parsley, fresh mushrooms, green peppercorn, capers, sweet butter, baby spinach, pine nuts",browned,9,{}
133620,chicken to please a  crowd,"butter, olive oil, sweet onions, garlic cloves, flour, salt, fresh cracked pepper, garlic powder, chicken breasts, chicken broth, sun-dried tomato packed in oil, oil, fresh thyme, fresh parsley, fresh mushrooms, green peppercorn, capers, sweet butter, baby spinach, pine nuts",adding,10,"[' canola oil, peanut oil, olive oil, vegetable oil,olive oil, extra virgin olive oil, boiling water, sesame oil,peanut oil, palm oil,canola oil, sunflower oil,light olive oil, oil, hard-boiled egg, chili oil, toasted sesame oil, light vegetable oil,oil, rapeseed oil,crab boil seasoning, cooking oil, hard-boiled eggs, sesame seed oil,safflower oil, boiled ham, salad oil, boiled potatoes,vegetable oil, crab boil seasoning, crab boil, coconut oil, olive oil flavored cooking spray,extra virgin olive oil, dark sesame oil, corn oil,sesame oil,olive oil flavored cooking spray, light olive oil, sun-dried tomato packed in oil']"
133620,chicken to please a  crowd,"butter, olive oil, sweet onions, garlic cloves, flour, salt, fresh cracked pepper, garlic powder, chicken breasts, chicken broth, sun-dried tomato packed in oil, oil, fresh thyme, fresh parsley, fresh mushrooms, green peppercorn, capers, sweet butter, baby spinach, pine nuts",is,11,"['boneless skinless chicken breasts, chicken broth,chicken breasts, chicken stock, chicken thigh fillet, chicken bouillon cube,chicken thighs, chicken stock cube, reduced-sodium chicken broth, cooked chicken breasts, boneless chicken,boneless chicken breasts, chicken thighs, low-fat chicken broth, chicken, boneless chicken thighs, boneless skinless chicken breasts, cream of chicken soup, organic free range fat free chicken broth, boneless skinless chicken thighs, cooked chicken,chicken broth, boneless skinless chicken breast halves, ground chicken,skinless chicken thighs,chicken tenders,chicken, chicken bouillon cubes,chicken breast halves, chicken base,skinless chicken breasts, low sodium chicken broth, chicken legs, chicken breasts, chicken livers, chicken-flavored ramen noodles, skinless chicken thighs, chicken stock powder, boneless chicken breasts,chicken wings,boneless chicken thighs, boneless chicken breast halves, roasting chickens, chicken giblets, homemade chicken stock,cooked chicken,boneless chicken breast, chicken bouillon, chicken breast,boneless skinless chicken breast, rich chicken broth,chicken breast, cooked chicken breast,skinless chicken breast, skinless chicken leg quarters,boneless skinless chicken breast halves, rotisserie-cooked chicken, boneless skinless chicken legs, skinless chicken breast half, whole chicken breasts,skinless chicken piece,skinless chicken drumsticks, chicken tenders,skinless chicken,chicken stock, skinless chicken breast,chicken fillets,chicken pieces,whole chicken,chicken piece, chicken breast fillets,ground chicken,whole chickens, boneless skinless chicken,boneless skinless chicken thighs,boneless chicken,swanson chicken broth, reduced-sodium fat-free chicken broth,roasting chickens, chicken legs-thighs, grilled chicken breast, canola oil, peanut oil, olive oil, vegetable oil,olive oil, extra virgin olive oil, boiling water, sesame oil,peanut oil, palm oil,canola oil, sunflower oil,light olive oil, oil, hard-boiled egg, chili oil, toasted sesame oil, light vegetable oil,oil, rapeseed oil,crab boil seasoning, cooking oil, hard-boiled eggs, sesame seed oil,safflower oil, boiled ham, salad oil, boiled potatoes,vegetable oil, crab boil seasoning, crab boil, coconut oil, olive oil flavored cooking spray,extra virgin olive oil, dark sesame oil, corn oil,sesame oil,olive oil flavored cooking spray, light olive oil, sun-dried tomato packed in oil']"
133620,chicken to please a  crowd,"butter, olive oil, sweet onions, garlic cloves, flour, salt, fresh cracked pepper, garlic powder, chicken breasts, chicken broth, sun-dried tomato packed in oil, oil, fresh thyme, fresh parsley, fresh mushrooms, green peppercorn, capers, sweet butter, baby spinach, pine nuts",discard,11,"['boneless skinless chicken breasts, chicken broth,chicken breasts, chicken stock, chicken thigh fillet, chicken bouillon cube,chicken thighs, chicken stock cube, reduced-sodium chicken broth, cooked chicken breasts, boneless chicken,boneless chicken breasts, chicken thighs, low-fat chicken broth, chicken, boneless chicken thighs, boneless skinless chicken breasts, cream of chicken soup, organic free range fat free chicken broth, boneless skinless chicken thighs, cooked chicken,chicken broth, boneless skinless chicken breast halves, ground chicken,skinless chicken thighs,chicken tenders,chicken, chicken bouillon cubes,chicken breast halves, chicken base,skinless chicken breasts, low sodium chicken broth, chicken legs, chicken breasts, chicken livers, chicken-flavored ramen noodles, skinless chicken thighs, chicken stock powder, boneless chicken breasts,chicken wings,boneless chicken thighs, boneless chicken breast halves, roasting chickens, chicken giblets, homemade chicken stock,cooked chicken,boneless chicken breast, chicken bouillon, chicken breast,boneless skinless chicken breast, rich chicken broth,chicken breast, cooked chicken breast,skinless chicken breast, skinless chicken leg quarters,boneless skinless chicken breast halves, rotisserie-cooked chicken, boneless skinless chicken legs, skinless chicken breast half, whole chicken breasts,skinless chicken piece,skinless chicken drumsticks, chicken tenders,skinless chicken,chicken stock, skinless chicken breast,chicken fillets,chicken pieces,whole chicken,chicken piece, chicken breast fillets,ground chicken,whole chickens, boneless skinless chicken,boneless skinless chicken thighs,boneless chicken,swanson chicken broth, reduced-sodium fat-free chicken broth,roasting chickens, chicken legs-thighs, grilled chicken breast, canola oil, peanut oil, olive oil, vegetable oil,olive oil, extra virgin olive oil, boiling water, sesame oil,peanut oil, palm oil,canola oil, sunflower oil,light olive oil, oil, hard-boiled egg, chili oil, toasted sesame oil, light vegetable oil,oil, rapeseed oil,crab boil seasoning, cooking oil, hard-boiled eggs, sesame seed oil,safflower oil, boiled ham, salad oil, boiled potatoes,vegetable oil, crab boil seasoning, crab boil, coconut oil, olive oil flavored cooking spray,extra virgin olive oil, dark sesame oil, corn oil,sesame oil,olive oil flavored cooking spray, light olive oil, sun-dried tomato packed in oil']"
133620,chicken to please a  crowd,"butter, olive oil, sweet onions, garlic cloves, flour, salt, fresh cracked pepper, garlic powder, chicken breasts, chicken broth, sun-dried tomato packed in oil, oil, fresh thyme, fresh parsley, fresh mushrooms, green peppercorn, capers, sweet butter, baby spinach, pine nuts",scraping,12,"[' panko breadcrumbs, campanelle pasta, pancetta, spanish onion, spanish olives with pimento, panir,pancetta, chicken broth, vegetable broth, reduced-sodium chicken broth, low sodium vegetable broth, low-fat chicken broth, beef broth, organic free range fat free chicken broth,chicken broth, broth, low sodium chicken broth, low sodium beef broth, rich chicken broth,vegetable broth,swanson chicken broth, reduced-sodium fat-free chicken broth, sherry wine vinegar, dry red wine, white wine, red wine vinegar, sherry wine, white wine vinegar, cabernet sauvignon wine,sherry wine vinegar, chianti wine, riesling wine, rice wine, dry white wine, rice wine vinegar, red wine, madeira wine, shaoxing wine,rice wine vinegar, burgundy wine, chardonnay wine, water, boiling water, seltzer water, hot water, cold water, warm water,warm water, sliced water chestnuts,water, water chestnuts, ice water, tap water, water chestnut,hot water, rose water, tomatoes, crushed tomatoes, crushed tomatoes in puree, roma tomatoes, whole tomatoes, cherry tomatoes, diced tomatoes, diced tomatoes with juice, chopped tomatoes,tomatoes, grape tomatoes, sun-dried tomatoes, plum tomatoes, canned tomatoes, italian-style diced tomatoes, fresh tomatoes, canned stewed tomatoes, italian-style tomatoes, whole canned tomatoes, stewed tomatoes, tomatoes with juice, rotel tomatoes,roma tomatoes, diced tomatoes with basil and garlic, thyme, dried thyme, dried thyme leaves, thyme leaves, dry thyme leaves, fresh thyme, fresh thyme leaves, lemon thyme, fresh thyme leave, ground thyme, fresh parsley, fresh parsley leaves, parsley, italian parsley, dried parsley flakes, fresh italian parsley, dried parsley, fresh parsley sprig, flat leaf parsley, fresh flat-leaf parsley, flat-leaf italian parsley, capers, peppercorns, black peppercorns, szechuan peppercorns, white peppercorns, whole black peppercorns']"
133620,chicken to please a  crowd,"butter, olive oil, sweet onions, garlic cloves, flour, salt, fresh cracked pepper, garlic powder, chicken breasts, chicken broth, sun-dried tomato packed in oil, oil, fresh thyme, fresh parsley, fresh mushrooms, green peppercorn, capers, sweet butter, baby spinach, pine nuts",bring,13,"[' sliced mushrooms, mixed mushrooms, baby portabella mushrooms, mushrooms, cremini mushrooms, portabella mushrooms, dried shiitake mushrooms, button mushrooms, fresh mushrooms, shiitake mushrooms, dried porcini mushrooms,dried porcini mushrooms,dried shiitake mushrooms, oyster mushrooms, low-fat buttermilk, butter, unsalted butter,unsalted butter,butter, buttermilk, peanut butter, natural-style peanut butter, reduced-fat creamy peanut butter, coconut butter, clarified butter,butternut squash, smooth cashew butter, smooth peanut butter, butternut squash,peanut butter, butter flavor shortening, salted butter, sweet butter, boiling water, hard-boiled egg,crab boil seasoning, hard-boiled eggs, boiled ham, boiled potatoes, crab boil seasoning, crab boil,boneless skinless chicken breasts, chicken broth,chicken breasts, chicken stock, chicken thigh fillet, chicken bouillon cube,chicken thighs, chicken stock cube, reduced-sodium chicken broth, cooked chicken breasts, boneless chicken,boneless chicken breasts, chicken thighs, low-fat chicken broth, chicken, boneless chicken thighs, boneless skinless chicken breasts, cream of chicken soup, organic free range fat free chicken broth, boneless skinless chicken thighs, cooked chicken,chicken broth, boneless skinless chicken breast halves, ground chicken,skinless chicken thighs,chicken tenders,chicken, chicken bouillon cubes,chicken breast halves, chicken base,skinless chicken breasts, low sodium chicken broth, chicken legs, chicken breasts, chicken livers, chicken-flavored ramen noodles, skinless chicken thighs, chicken stock powder, boneless chicken breasts,chicken wings,boneless chicken thighs, boneless chicken breast halves, roasting chickens, chicken giblets, homemade chicken stock,cooked chicken,boneless chicken breast, chicken bouillon, chicken breast,boneless skinless chicken breast, rich chicken broth,chicken breast, cooked chicken breast,skinless chicken breast, skinless chicken leg quarters,boneless skinless chicken breast halves, rotisserie-cooked chicken, boneless skinless chicken legs, skinless chicken breast half, whole chicken breasts,skinless chicken piece,skinless chicken drumsticks, chicken tenders,skinless chicken,chicken stock, skinless chicken breast,chicken fillets,chicken pieces,whole chicken,chicken piece, chicken breast fillets,ground chicken,whole chickens, boneless skinless chicken,boneless skinless chicken thighs,boneless chicken,swanson chicken broth, reduced-sodium fat-free chicken broth,roasting chickens, chicken legs-thighs, grilled chicken breast']"
133620,chicken to please a  crowd,"butter, olive oil, sweet onions, garlic cloves, flour, salt, fresh cracked pepper, garlic powder, chicken breasts, chicken broth, sun-dried tomato packed in oil, oil, fresh thyme, fresh parsley, fresh mushrooms, green peppercorn, capers, sweet butter, baby spinach, pine nuts",heat,13,"[' sliced mushrooms, mixed mushrooms, baby portabella mushrooms, mushrooms, cremini mushrooms, portabella mushrooms, dried shiitake mushrooms, button mushrooms, fresh mushrooms, shiitake mushrooms, dried porcini mushrooms,dried porcini mushrooms,dried shiitake mushrooms, oyster mushrooms, low-fat buttermilk, butter, unsalted butter,unsalted butter,butter, buttermilk, peanut butter, natural-style peanut butter, reduced-fat creamy peanut butter, coconut butter, clarified butter,butternut squash, smooth cashew butter, smooth peanut butter, butternut squash,peanut butter, butter flavor shortening, salted butter, sweet butter, boiling water, hard-boiled egg,crab boil seasoning, hard-boiled eggs, boiled ham, boiled potatoes, crab boil seasoning, crab boil,boneless skinless chicken breasts, chicken broth,chicken breasts, chicken stock, chicken thigh fillet, chicken bouillon cube,chicken thighs, chicken stock cube, reduced-sodium chicken broth, cooked chicken breasts, boneless chicken,boneless chicken breasts, chicken thighs, low-fat chicken broth, chicken, boneless chicken thighs, boneless skinless chicken breasts, cream of chicken soup, organic free range fat free chicken broth, boneless skinless chicken thighs, cooked chicken,chicken broth, boneless skinless chicken breast halves, ground chicken,skinless chicken thighs,chicken tenders,chicken, chicken bouillon cubes,chicken breast halves, chicken base,skinless chicken breasts, low sodium chicken broth, chicken legs, chicken breasts, chicken livers, chicken-flavored ramen noodles, skinless chicken thighs, chicken stock powder, boneless chicken breasts,chicken wings,boneless chicken thighs, boneless chicken breast halves, roasting chickens, chicken giblets, homemade chicken stock,cooked chicken,boneless chicken breast, chicken bouillon, chicken breast,boneless skinless chicken breast, rich chicken broth,chicken breast, cooked chicken breast,skinless chicken breast, skinless chicken leg quarters,boneless skinless chicken breast halves, rotisserie-cooked chicken, boneless skinless chicken legs, skinless chicken breast half, whole chicken breasts,skinless chicken piece,skinless chicken drumsticks, chicken tenders,skinless chicken,chicken stock, skinless chicken breast,chicken fillets,chicken pieces,whole chicken,chicken piece, chicken breast fillets,ground chicken,whole chickens, boneless skinless chicken,boneless skinless chicken thighs,boneless chicken,swanson chicken broth, reduced-sodium fat-free chicken broth,roasting chickens, chicken legs-thighs, grilled chicken breast']"
133620,chicken to please a  crowd,"butter, olive oil, sweet onions, garlic cloves, flour, salt, fresh cracked pepper, garlic powder, chicken breasts, chicken broth, sun-dried tomato packed in oil, oil, fresh thyme, fresh parsley, fresh mushrooms, green peppercorn, capers, sweet butter, baby spinach, pine nuts",stay,14,"[' sliced mushrooms, mixed mushrooms, baby portabella mushrooms, mushrooms, cremini mushrooms, portabella mushrooms, dried shiitake mushrooms, button mushrooms, fresh mushrooms, shiitake mushrooms, dried porcini mushrooms,dried porcini mushrooms,dried shiitake mushrooms, oyster mushrooms']"
133620,chicken to please a  crowd,"butter, olive oil, sweet onions, garlic cloves, flour, salt, fresh cracked pepper, garlic powder, chicken breasts, chicken broth, sun-dried tomato packed in oil, oil, fresh thyme, fresh parsley, fresh mushrooms, green peppercorn, capers, sweet butter, baby spinach, pine nuts",wilt,17,"['boneless skinless chicken breasts, chicken broth,chicken breasts, chicken stock, chicken thigh fillet, chicken bouillon cube,chicken thighs, chicken stock cube, reduced-sodium chicken broth, cooked chicken breasts, boneless chicken,boneless chicken breasts, chicken thighs, low-fat chicken broth, chicken, boneless chicken thighs, boneless skinless chicken breasts, cream of chicken soup, organic free range fat free chicken broth, boneless skinless chicken thighs, cooked chicken,chicken broth, boneless skinless chicken breast halves, ground chicken,skinless chicken thighs,chicken tenders,chicken, chicken bouillon cubes,chicken breast halves, chicken base,skinless chicken breasts, low sodium chicken broth, chicken legs, chicken breasts, chicken livers, chicken-flavored ramen noodles, skinless chicken thighs, chicken stock powder, boneless chicken breasts,chicken wings,boneless chicken thighs, boneless chicken breast halves, roasting chickens, chicken giblets, homemade chicken stock,cooked chicken,boneless chicken breast, chicken bouillon, chicken breast,boneless skinless chicken breast, rich chicken broth,chicken breast, cooked chicken breast,skinless chicken breast, skinless chicken leg quarters,boneless skinless chicken breast halves, rotisserie-cooked chicken, boneless skinless chicken legs, skinless chicken breast half, whole chicken breasts,skinless chicken piece,skinless chicken drumsticks, chicken tenders,skinless chicken,chicken stock, skinless chicken breast,chicken fillets,chicken pieces,whole chicken,chicken piece, chicken breast fillets,ground chicken,whole chickens, boneless skinless chicken,boneless skinless chicken thighs,boneless chicken,swanson chicken broth, reduced-sodium fat-free chicken broth,roasting chickens, chicken legs-thighs, grilled chicken breast, frozen leaf spinach, spinach, fresh spinach, frozen chopped spinach, spinach and artichoke cream cheese, baby spinach, frozen spinach, canned spinach,fresh spinach, spinach fettuccine, spinach leaves, fresh spinach leaves']"
133620,chicken to please a  crowd,"butter, olive oil, sweet onions, garlic cloves, flour, salt, fresh cracked pepper, garlic powder, chicken breasts, chicken broth, sun-dried tomato packed in oil, oil, fresh thyme, fresh parsley, fresh mushrooms, green peppercorn, capers, sweet butter, baby spinach, pine nuts",sit,19,{}
133620,chicken to please a  crowd,"butter, olive oil, sweet onions, garlic cloves, flour, salt, fresh cracked pepper, garlic powder, chicken breasts, chicken broth, sun-dried tomato packed in oil, oil, fresh thyme, fresh parsley, fresh mushrooms, green peppercorn, capers, sweet butter, baby spinach, pine nuts",watch,19,{}
133620,chicken to please a  crowd,"butter, olive oil, sweet onions, garlic cloves, flour, salt, fresh cracked pepper, garlic powder, chicken breasts, chicken broth, sun-dried tomato packed in oil, oil, fresh thyme, fresh parsley, fresh mushrooms, green peppercorn, capers, sweet butter, baby spinach, pine nuts",disappear,19,{}
