Id,Name,AllIngredients,Verbs,Steps,Ingredient
202296,almond pork tenderloin with dried cranberry apple conserve,"pork tenderloin, breadcrumbs, sliced almonds, dried rosemary, fresh coarse ground black pepper, salt, egg whites, cooking spray, dried sweetened cranberries, boiling water, dried apple, raisins, crystallized ginger, white wine vinegar, sugar, ground red pepper, ground allspice, ground cinnamon, ground ginger, strawberry jam",conserve,1,{}
202296,almond pork tenderloin with dried cranberry apple conserve,"pork tenderloin, breadcrumbs, sliced almonds, dried rosemary, fresh coarse ground black pepper, salt, egg whites, cooking spray, dried sweetened cranberries, boiling water, dried apple, raisins, crystallized ginger, white wine vinegar, sugar, ground red pepper, ground allspice, ground cinnamon, ground ginger, strawberry jam",conserve,20,"['pork spareribs, ground pork,pork chops, boneless pork top loin,pork tenderloin']"
202296,almond pork tenderloin with dried cranberry apple conserve,"pork tenderloin, breadcrumbs, sliced almonds, dried rosemary, fresh coarse ground black pepper, salt, egg whites, cooking spray, dried sweetened cranberries, boiling water, dried apple, raisins, crystallized ginger, white wine vinegar, sugar, ground red pepper, ground allspice, ground cinnamon, ground ginger, strawberry jam",combine,2,{}
202296,almond pork tenderloin with dried cranberry apple conserve,"pork tenderloin, breadcrumbs, sliced almonds, dried rosemary, fresh coarse ground black pepper, salt, egg whites, cooking spray, dried sweetened cranberries, boiling water, dried apple, raisins, crystallized ginger, white wine vinegar, sugar, ground red pepper, ground allspice, ground cinnamon, ground ginger, strawberry jam",combine,3,"[' white vinegar, sherry wine vinegar, cider vinegar, red wine vinegar, balsamic vinegar, apple cider vinegar, white wine vinegar, champagne vinegar,balsamic vinegar, boiling water']"
202296,almond pork tenderloin with dried cranberry apple conserve,"pork tenderloin, breadcrumbs, sliced almonds, dried rosemary, fresh coarse ground black pepper, salt, egg whites, cooking spray, dried sweetened cranberries, boiling water, dried apple, raisins, crystallized ginger, white wine vinegar, sugar, ground red pepper, ground allspice, ground cinnamon, ground ginger, strawberry jam",combine,12,"[' panko breadcrumbs, breadcrumbs']"
202296,almond pork tenderloin with dried cranberry apple conserve,"pork tenderloin, breadcrumbs, sliced almonds, dried rosemary, fresh coarse ground black pepper, salt, egg whites, cooking spray, dried sweetened cranberries, boiling water, dried apple, raisins, crystallized ginger, white wine vinegar, sugar, ground red pepper, ground allspice, ground cinnamon, ground ginger, strawberry jam",cover,2,{}
202296,almond pork tenderloin with dried cranberry apple conserve,"pork tenderloin, breadcrumbs, sliced almonds, dried rosemary, fresh coarse ground black pepper, salt, egg whites, cooking spray, dried sweetened cranberries, boiling water, dried apple, raisins, crystallized ginger, white wine vinegar, sugar, ground red pepper, ground allspice, ground cinnamon, ground ginger, strawberry jam",let,2,{}
202296,almond pork tenderloin with dried cranberry apple conserve,"pork tenderloin, breadcrumbs, sliced almonds, dried rosemary, fresh coarse ground black pepper, salt, egg whites, cooking spray, dried sweetened cranberries, boiling water, dried apple, raisins, crystallized ginger, white wine vinegar, sugar, ground red pepper, ground allspice, ground cinnamon, ground ginger, strawberry jam",let,18,{}
202296,almond pork tenderloin with dried cranberry apple conserve,"pork tenderloin, breadcrumbs, sliced almonds, dried rosemary, fresh coarse ground black pepper, salt, egg whites, cooking spray, dried sweetened cranberries, boiling water, dried apple, raisins, crystallized ginger, white wine vinegar, sugar, ground red pepper, ground allspice, ground cinnamon, ground ginger, strawberry jam",stand,2,{}
202296,almond pork tenderloin with dried cranberry apple conserve,"pork tenderloin, breadcrumbs, sliced almonds, dried rosemary, fresh coarse ground black pepper, salt, egg whites, cooking spray, dried sweetened cranberries, boiling water, dried apple, raisins, crystallized ginger, white wine vinegar, sugar, ground red pepper, ground allspice, ground cinnamon, ground ginger, strawberry jam",stand,18,{}
202296,almond pork tenderloin with dried cranberry apple conserve,"pork tenderloin, breadcrumbs, sliced almonds, dried rosemary, fresh coarse ground black pepper, salt, egg whites, cooking spray, dried sweetened cranberries, boiling water, dried apple, raisins, crystallized ginger, white wine vinegar, sugar, ground red pepper, ground allspice, ground cinnamon, ground ginger, strawberry jam",bring,3,"[' white vinegar, sherry wine vinegar, cider vinegar, red wine vinegar, balsamic vinegar, apple cider vinegar, white wine vinegar, champagne vinegar,balsamic vinegar, boiling water']"
202296,almond pork tenderloin with dried cranberry apple conserve,"pork tenderloin, breadcrumbs, sliced almonds, dried rosemary, fresh coarse ground black pepper, salt, egg whites, cooking spray, dried sweetened cranberries, boiling water, dried apple, raisins, crystallized ginger, white wine vinegar, sugar, ground red pepper, ground allspice, ground cinnamon, ground ginger, strawberry jam",bring,5,[' boiling water']
202296,almond pork tenderloin with dried cranberry apple conserve,"pork tenderloin, breadcrumbs, sliced almonds, dried rosemary, fresh coarse ground black pepper, salt, egg whites, cooking spray, dried sweetened cranberries, boiling water, dried apple, raisins, crystallized ginger, white wine vinegar, sugar, ground red pepper, ground allspice, ground cinnamon, ground ginger, strawberry jam",stirring,3,"[' white vinegar, sherry wine vinegar, cider vinegar, red wine vinegar, balsamic vinegar, apple cider vinegar, white wine vinegar, champagne vinegar,balsamic vinegar, boiling water']"
202296,almond pork tenderloin with dried cranberry apple conserve,"pork tenderloin, breadcrumbs, sliced almonds, dried rosemary, fresh coarse ground black pepper, salt, egg whites, cooking spray, dried sweetened cranberries, boiling water, dried apple, raisins, crystallized ginger, white wine vinegar, sugar, ground red pepper, ground allspice, ground cinnamon, ground ginger, strawberry jam",add,4,{}
202296,almond pork tenderloin with dried cranberry apple conserve,"pork tenderloin, breadcrumbs, sliced almonds, dried rosemary, fresh coarse ground black pepper, salt, egg whites, cooking spray, dried sweetened cranberries, boiling water, dried apple, raisins, crystallized ginger, white wine vinegar, sugar, ground red pepper, ground allspice, ground cinnamon, ground ginger, strawberry jam",reduce,6,[' buckwheat flour']
202296,almond pork tenderloin with dried cranberry apple conserve,"pork tenderloin, breadcrumbs, sliced almonds, dried rosemary, fresh coarse ground black pepper, salt, egg whites, cooking spray, dried sweetened cranberries, boiling water, dried apple, raisins, crystallized ginger, white wine vinegar, sugar, ground red pepper, ground allspice, ground cinnamon, ground ginger, strawberry jam",simmer,6,[' buckwheat flour']
202296,almond pork tenderloin with dried cranberry apple conserve,"pork tenderloin, breadcrumbs, sliced almonds, dried rosemary, fresh coarse ground black pepper, salt, egg whites, cooking spray, dried sweetened cranberries, boiling water, dried apple, raisins, crystallized ginger, white wine vinegar, sugar, ground red pepper, ground allspice, ground cinnamon, ground ginger, strawberry jam",stir,7,"[' jamaican jerk spice, strawberry jam']"
202296,almond pork tenderloin with dried cranberry apple conserve,"pork tenderloin, breadcrumbs, sliced almonds, dried rosemary, fresh coarse ground black pepper, salt, egg whites, cooking spray, dried sweetened cranberries, boiling water, dried apple, raisins, crystallized ginger, white wine vinegar, sugar, ground red pepper, ground allspice, ground cinnamon, ground ginger, strawberry jam",trim,11,"[' low-fat buttermilk,fat-free mayonnaise, low-fat chicken broth, nonfat dry milk powder, reduced-fat creamy peanut butter,pork spareribs, ground pork,pork chops, boneless pork top loin,pork tenderloin']"
202296,almond pork tenderloin with dried cranberry apple conserve,"pork tenderloin, breadcrumbs, sliced almonds, dried rosemary, fresh coarse ground black pepper, salt, egg whites, cooking spray, dried sweetened cranberries, boiling water, dried apple, raisins, crystallized ginger, white wine vinegar, sugar, ground red pepper, ground allspice, ground cinnamon, ground ginger, strawberry jam",coated,15,"['pork spareribs, ground pork,pork chops, boneless pork top loin,pork tenderloin, panko breadcrumbs, campanelle pasta, pancetta, cooking spray']"
202296,almond pork tenderloin with dried cranberry apple conserve,"pork tenderloin, breadcrumbs, sliced almonds, dried rosemary, fresh coarse ground black pepper, salt, egg whites, cooking spray, dried sweetened cranberries, boiling water, dried apple, raisins, crystallized ginger, white wine vinegar, sugar, ground red pepper, ground allspice, ground cinnamon, ground ginger, strawberry jam",insert,16,"['pork spareribs, ground pork,pork chops, boneless pork top loin,pork tenderloin']"
202296,almond pork tenderloin with dried cranberry apple conserve,"pork tenderloin, breadcrumbs, sliced almonds, dried rosemary, fresh coarse ground black pepper, salt, egg whites, cooking spray, dried sweetened cranberries, boiling water, dried apple, raisins, crystallized ginger, white wine vinegar, sugar, ground red pepper, ground allspice, ground cinnamon, ground ginger, strawberry jam",registers,17,{}
202296,almond pork tenderloin with dried cranberry apple conserve,"pork tenderloin, breadcrumbs, sliced almonds, dried rosemary, fresh coarse ground black pepper, salt, egg whites, cooking spray, dried sweetened cranberries, boiling water, dried apple, raisins, crystallized ginger, white wine vinegar, sugar, ground red pepper, ground allspice, ground cinnamon, ground ginger, strawberry jam",cut,19,{}
202296,almond pork tenderloin with dried cranberry apple conserve,"pork tenderloin, breadcrumbs, sliced almonds, dried rosemary, fresh coarse ground black pepper, salt, egg whites, cooking spray, dried sweetened cranberries, boiling water, dried apple, raisins, crystallized ginger, white wine vinegar, sugar, ground red pepper, ground allspice, ground cinnamon, ground ginger, strawberry jam",serve,20,"['pork spareribs, ground pork,pork chops, boneless pork top loin,pork tenderloin']"
