Id,Name,AllIngredients,Verbs,Steps,Ingredient
21508,italian eggplant  aubergine  crepes,"eggplant, seasoned flour, olive oil, parmesan cheese, ricotta cheese, eggs, garlic clove, salt, pepper, frozen spinach, carrot, celery, onion, green pepper, red pepper, basil, oregano, thyme, sugar, whole canned tomatoes, tomato puree, dry red wine",cut,1,{}
21508,italian eggplant  aubergine  crepes,"eggplant, seasoned flour, olive oil, parmesan cheese, ricotta cheese, eggs, garlic clove, salt, pepper, frozen spinach, carrot, celery, onion, green pepper, red pepper, basil, oregano, thyme, sugar, whole canned tomatoes, tomato puree, dry red wine",lengthwise,1,"[' eggplant, eggplants,eggplants, japanese eggplants, japanese eggplant,eggplant, pepperoni slices, cheese slices, dill pickle slices']"
21508,italian eggplant  aubergine  crepes,"eggplant, seasoned flour, olive oil, parmesan cheese, ricotta cheese, eggs, garlic clove, salt, pepper, frozen spinach, carrot, celery, onion, green pepper, red pepper, basil, oregano, thyme, sugar, whole canned tomatoes, tomato puree, dry red wine",weighted,3,[' vegan egg replacer powder']
21508,italian eggplant  aubergine  crepes,"eggplant, seasoned flour, olive oil, parmesan cheese, ricotta cheese, eggs, garlic clove, salt, pepper, frozen spinach, carrot, celery, onion, green pepper, red pepper, basil, oregano, thyme, sugar, whole canned tomatoes, tomato puree, dry red wine",let,3,[' vegan egg replacer powder']
21508,italian eggplant  aubergine  crepes,"eggplant, seasoned flour, olive oil, parmesan cheese, ricotta cheese, eggs, garlic clove, salt, pepper, frozen spinach, carrot, celery, onion, green pepper, red pepper, basil, oregano, thyme, sugar, whole canned tomatoes, tomato puree, dry red wine",stand,3,[' vegan egg replacer powder']
21508,italian eggplant  aubergine  crepes,"eggplant, seasoned flour, olive oil, parmesan cheese, ricotta cheese, eggs, garlic clove, salt, pepper, frozen spinach, carrot, celery, onion, green pepper, red pepper, basil, oregano, thyme, sugar, whole canned tomatoes, tomato puree, dry red wine",add,6,"[' canola oil, peanut oil, olive oil, vegetable oil,olive oil, extra virgin olive oil, boiling water, sesame oil,peanut oil, palm oil,canola oil, sunflower oil,light olive oil, oil, hard-boiled egg, chili oil, toasted sesame oil, light vegetable oil,oil, rapeseed oil,crab boil seasoning, cooking oil, hard-boiled eggs, sesame seed oil,safflower oil, boiled ham, salad oil, boiled potatoes,vegetable oil, crab boil seasoning, crab boil, coconut oil, olive oil flavored cooking spray,extra virgin olive oil, dark sesame oil, corn oil,sesame oil,olive oil flavored cooking spray, light olive oil, sun-dried tomato packed in oil,grapeseed oil, hardboiled egg, hot chili oil,no-boil lasagna noodles,coconut oil, safflower oil, orange oil, boiling potato, fire oil, grapeseed oil, virgin olive oil,vegetable oil cooking spray,reynolds wrap foil, light vegetable oil cooking spray,boiling water, sun-dried tomatoes packed in oil, reynolds wrap foil, garlic-flavored olive oil, lite olive oil, olive oil mayonnaise,canola oil cooking spray']"
21508,italian eggplant  aubergine  crepes,"eggplant, seasoned flour, olive oil, parmesan cheese, ricotta cheese, eggs, garlic clove, salt, pepper, frozen spinach, carrot, celery, onion, green pepper, red pepper, basil, oregano, thyme, sugar, whole canned tomatoes, tomato puree, dry red wine",add,10,"[' frozen leaf spinach, spinach, fresh spinach, frozen chopped spinach, spinach and artichoke cream cheese, baby spinach, frozen spinach, canned spinach,fresh spinach, spinach fettuccine, spinach leaves, fresh spinach leaves,frozen chopped spinach,baby spinach, baby spinach leaves']"
21508,italian eggplant  aubergine  crepes,"eggplant, seasoned flour, olive oil, parmesan cheese, ricotta cheese, eggs, garlic clove, salt, pepper, frozen spinach, carrot, celery, onion, green pepper, red pepper, basil, oregano, thyme, sugar, whole canned tomatoes, tomato puree, dry red wine",add,18,{}
21508,italian eggplant  aubergine  crepes,"eggplant, seasoned flour, olive oil, parmesan cheese, ricotta cheese, eggs, garlic clove, salt, pepper, frozen spinach, carrot, celery, onion, green pepper, red pepper, basil, oregano, thyme, sugar, whole canned tomatoes, tomato puree, dry red wine",needed,6,"[' canola oil, peanut oil, olive oil, vegetable oil,olive oil, extra virgin olive oil, boiling water, sesame oil,peanut oil, palm oil,canola oil, sunflower oil,light olive oil, oil, hard-boiled egg, chili oil, toasted sesame oil, light vegetable oil,oil, rapeseed oil,crab boil seasoning, cooking oil, hard-boiled eggs, sesame seed oil,safflower oil, boiled ham, salad oil, boiled potatoes,vegetable oil, crab boil seasoning, crab boil, coconut oil, olive oil flavored cooking spray,extra virgin olive oil, dark sesame oil, corn oil,sesame oil,olive oil flavored cooking spray, light olive oil, sun-dried tomato packed in oil,grapeseed oil, hardboiled egg, hot chili oil,no-boil lasagna noodles,coconut oil, safflower oil, orange oil, boiling potato, fire oil, grapeseed oil, virgin olive oil,vegetable oil cooking spray,reynolds wrap foil, light vegetable oil cooking spray,boiling water, sun-dried tomatoes packed in oil, reynolds wrap foil, garlic-flavored olive oil, lite olive oil, olive oil mayonnaise,canola oil cooking spray']"
21508,italian eggplant  aubergine  crepes,"eggplant, seasoned flour, olive oil, parmesan cheese, ricotta cheese, eggs, garlic clove, salt, pepper, frozen spinach, carrot, celery, onion, green pepper, red pepper, basil, oregano, thyme, sugar, whole canned tomatoes, tomato puree, dry red wine",keep,7,{}
21508,italian eggplant  aubergine  crepes,"eggplant, seasoned flour, olive oil, parmesan cheese, ricotta cheese, eggs, garlic clove, salt, pepper, frozen spinach, carrot, celery, onion, green pepper, red pepper, basil, oregano, thyme, sugar, whole canned tomatoes, tomato puree, dry red wine",combine,9,"[' ricotta cheese,part-skim ricotta cheese, whole milk ricotta cheese, low-fat ricotta cheese, fat-free ricotta cheese, eggs, hard-boiled eggs,eggs, extra-large eggs, fresh garlic, garlic, garlic clove, garlic cloves, garlic powder, minced garlic cloves, fresh garlic cloves, garlic granules, garlic salt, granulated garlic, chili-garlic sauce, garlic paste, ginger-garlic paste,garlic clove, cream cheese with garlic and herbs, bulbs of garlic,garlic, garlic pepper seasoning, chili paste with garlic,garlic cloves, diced tomatoes with basil and garlic, garlic chives, garlic sauce, minced garlic clove, bulb of garlic, roasted garlic, head of garlic, garlic-flavored olive oil, garlic sea salt, salt, salt and pepper, unsalted butter,salt, salt & freshly ground black pepper,unsalted butter, kosher salt, coarse salt, seasoning salt, sea salt, salted peanuts, salt & pepper,kosher salt, celery salt, kosher salt & freshly ground black pepper, coarse sea salt, no-salt-added corn, salt and black pepper,sea salt,coarse salt, onion salt, salted butter, saltine crackers, unsalted cashews, salt & fresh ground pepper, fine sea salt, table salt, unsalted dry roasted peanuts, unsalted peanuts, ""lawrys seasoned salt"",salt cod fish, black salt, saltines, flaked sea salt, fresh coarse ground black pepper, cracked black pepper, green pepper, cayenne pepper, red chili pepper, ground cayenne pepper, pepper, red peppers, habanero pepper, green bell pepper, fresh jalapeno peppers, serrano pepper, fresh ground black pepper, red bell pepper, yellow bell pepper, peppercorns, black pepper, white pepper, ground red pepper, ground black pepper, red pepper, red bell peppers, yellow pepper, black peppercorns, chipotle pepper, fresh cracked pepper, piquillo peppers, red pepper flakes, crushed red pepper flakes, bell pepper, green peppers, bell peppers, scotch bonnet pepper, yellow peppers, jalapeno pepper, peppercorn, pepperoni, hot pepper sauce, dried red chili peppers, szechuan peppercorns, roasted red pepper, poblano pepper, dry crushed red pepper, fresh ground white pepper, red chili peppers, red cayenne pepper, pickled jalapeno pepper, coarse black pepper, thai red chili pepper, red sweet bell pepper, green chili pepper, sweet red pepper, fresh ground pepper, pepperoncini peppers, chili pepper, monterey jack pepper cheese, green bell peppers, chinese red peppers, yellow bell peppers, jalapeno peppers, dried red pepper flakes, habanero peppers, chipotle peppers, chili peppers, red chili pepper flakes, pickled sweet peppers, white peppercorns, roasted red and yellow peppers, hot pepper flakes, ground pepper, roasted red peppers,roasted red peppers, liquid hot pepper sauce, sweet pepper, pepperoni slices, scotch bonnet peppers, lemon pepper seasoning, cracked pepper, hot pepper paste, hot chili pepper, poblano peppers,white pepper, dried hot peppers, peppercorn ranch dressing, pepper bacon, whole black peppercorns, green pepper ring,bell peppers, del monte zesty jalapeno pepper diced tomato, white pepper powder, pepper rings, hot red pepper flakes, pepperoncini pepper, green peppercorn, orange bell pepper, szechwan pepper, chili pepper flakes,dried pasilla peppers, sweet green pepper, serrano peppers, whole black peppercorn, yellow sweet pepper, fresh chili peppers, pickled jalapeno peppers,red bell peppers, fresh jalapeno pepper, dried chili pepper flakes, ground szechuan peppercorns, cayenne pepper sauce, sweet bell pepper, hot pepper, green pepper rings, ground chipotle chile pepper, fat free monterey jack pepper cheese,bell pepper, ground dried arbol chile peppers, hot green chili peppers, lemon pepper, turkey pepperoni, hot red chili peppers, cubanelle pepper, fresh black pepper']"
21508,italian eggplant  aubergine  crepes,"eggplant, seasoned flour, olive oil, parmesan cheese, ricotta cheese, eggs, garlic clove, salt, pepper, frozen spinach, carrot, celery, onion, green pepper, red pepper, basil, oregano, thyme, sugar, whole canned tomatoes, tomato puree, dry red wine",blend,10,"[' frozen leaf spinach, spinach, fresh spinach, frozen chopped spinach, spinach and artichoke cream cheese, baby spinach, frozen spinach, canned spinach,fresh spinach, spinach fettuccine, spinach leaves, fresh spinach leaves,frozen chopped spinach,baby spinach, baby spinach leaves']"
21508,italian eggplant  aubergine  crepes,"eggplant, seasoned flour, olive oil, parmesan cheese, ricotta cheese, eggs, garlic clove, salt, pepper, frozen spinach, carrot, celery, onion, green pepper, red pepper, basil, oregano, thyme, sugar, whole canned tomatoes, tomato puree, dry red wine",place,12,"[' egg roll wraps, kaiser rolls, ciabatta roll, rolls, quick-cooking rolled oats, panko breadcrumbs, campanelle pasta, pancetta, spanish onion, spanish olives with pimento, panir,pancetta,panir,pancakes, japanese eggplants, japanese-style bread crumbs, spanish olives,spanish onion, pan dripping, japanese eggplant']"
21508,italian eggplant  aubergine  crepes,"eggplant, seasoned flour, olive oil, parmesan cheese, ricotta cheese, eggs, garlic clove, salt, pepper, frozen spinach, carrot, celery, onion, green pepper, red pepper, basil, oregano, thyme, sugar, whole canned tomatoes, tomato puree, dry red wine",place,15,"[' tomato sauce, tomatoes, crushed tomatoes, tomato paste, crushed tomatoes in puree, roma tomatoes, whole tomatoes, cherry tomatoes, chopped tomato, diced tomatoes, diced tomatoes with juice, chopped tomatoes, tomato puree, diced tomato,tomatoes, grape tomatoes, sun-dried tomatoes, plum tomatoes, roma tomato, tomato juice, canned tomatoes,tomato puree, tomato ketchup,tomato paste, italian-style diced tomatoes, fresh tomato, fresh tomatoes, canned stewed tomatoes, italian-style tomatoes, whole canned tomatoes, sun-dried tomato, stewed tomatoes, tomatoes with juice, rotel tomatoes, del monte zesty jalapeno pepper diced tomato,roma tomatoes, diced tomatoes with basil and garlic, sun-dried tomato packed in oil, ro-tel tomatoes,green tomatoes, diced tomatoes with mild green chilies, italian plum tomatoes, italian plum tomato, fire-roasted tomatoes, sun-dried tomato pesto, tomato soup, beefsteak tomato, diced tomatoes with green chilies, yellow cherry tomatoes,crushed tomatoes, green tomatoes, plum tomato, sun-dried tomato tortillas, italian tomatoes, sun-dried tomatoes packed in oil, hunts tomato sauce, contadina tomato paste, tomato and basil pasta sauce, canned tomato, san marzano tomatoes, tomato concentrate, pork and beans in tomato sauce, soy sauce, a.1. original sauce, worcestershire sauce, adobo sauce, spaghetti sauce, thai sweet chili sauce, sriracha sauce, tabasco sauce, picante sauce, pesto sauce, tamari soy sauce, applesauce, hot sauce,spaghetti sauce, hot pepper sauce, hoisin sauce, oyster sauce, reduced sodium soy sauce, low sodium soy sauce, chili-garlic sauce, fish sauce, sweet chili sauce, teriyaki sauce, dark soy sauce, barbecue sauce, soya sauce, red chili sauce, chili sauce,hoisin sauce, sweet soy sauce, vegetarian oyster sauce, light soy sauce, pizza sauce, cranberry sauce, horseradish sauce, ""franks red hot sauce"", remoulade sauce, liquid hot pepper sauce, pasta sauce, sweet and sour sauce,soya sauce, spaghetti sauce with meat, hollandaise sauce mix, louisiana hot sauce, garlic sauce, green enchilada sauce,soy sauce, red enchilada sauce, pickapeppa sauce, bearnaise sauce mix, seafood cocktail sauce, dark soya sauce, alfredo sauce, cayenne pepper sauce, maggi seasoning sauce, unsweetened applesauce, thai fish sauce,reduced sodium soy sauce, steak sauce,light soy sauce, browning sauce, plum sauce, marinara sauce, crepes, assorted fresh vegetables, mixed vegetables, dehydrated mixed vegetables, frozen mixed vegetables, red food coloring, yellow food coloring, green food coloring, orange food coloring, seafood stock']"
21508,italian eggplant  aubergine  crepes,"eggplant, seasoned flour, olive oil, parmesan cheese, ricotta cheese, eggs, garlic clove, salt, pepper, frozen spinach, carrot, celery, onion, green pepper, red pepper, basil, oregano, thyme, sugar, whole canned tomatoes, tomato puree, dry red wine",baking,12,"[' egg roll wraps, kaiser rolls, ciabatta roll, rolls, quick-cooking rolled oats, panko breadcrumbs, campanelle pasta, pancetta, spanish onion, spanish olives with pimento, panir,pancetta,panir,pancakes, japanese eggplants, japanese-style bread crumbs, spanish olives,spanish onion, pan dripping, japanese eggplant']"
21508,italian eggplant  aubergine  crepes,"eggplant, seasoned flour, olive oil, parmesan cheese, ricotta cheese, eggs, garlic clove, salt, pepper, frozen spinach, carrot, celery, onion, green pepper, red pepper, basil, oregano, thyme, sugar, whole canned tomatoes, tomato puree, dry red wine",bake,14,"[' monterey jack cheese, parmesan cheese, mozzarella cheese, ricotta cheese, cream cheese, parmigiano-reggiano cheese, sharp cheddar cheese, swiss cheese, cheddar cheese, teleme cheese, manchego cheese, gruyere cheese, reduced-fat cream cheese, processed cheese,cream cheese, soy mozzarella cheese, romano cheese, blue cheese-stuffed olives, spinach and artichoke cream cheese, italian cheese blend, feta cheese, yellow cheese, whipped cream cheese, shredded cheddar cheese,part-skim ricotta cheese, colby cheese, colby-monterey jack cheese, mexican blend cheese, mascarpone cheese, extra-sharp cheddar cheese, cheese, monterey jack pepper cheese, blue cheese, cottage cheese, jalapeno jack cheese, cotija cheese, vegan cheddar cheese, asiago cheese, asadero cheese, low-fat cheese, ""goats cheese"", cream cheese with garlic and herbs, white cheddar cheese, provolone cheese, cheese slice, cheese spread, goat cheese, gouda cheese,small curd cottage cheese,jalapeno jack cheese, parmesan-romano cheese mix, velveeta cheese, smoked gouda cheese, cheese slices, sharp white cheddar cheese, old cheddar cheese, fat free mozzarella cheese, fat-free cheddar cheese, cream cheese frosting, reduced-fat sharp cheddar cheese, fresh parmesan cheese, pre-shredded mozzarella cheese, requeson cheese, jarlsberg cheese, pizza cheese, whole milk ricotta cheese, laughing cow light swiss cheese, mizithra cheese, reduced-fat monterey jack cheese, monterey jack and cheddar cheese blend, muenster cheese, soft fresh goat cheese, fat free monterey jack pepper cheese, neufchatel cheese, light cheddar cheese, low fat cottage cheese, pecorino cheese,monterey jack cheese, light cream cheese, small curd cottage cheese, kasseri cheese,feta cheese, nonfat cottage cheese, american cheese, low-fat cream cheese, vegan cheese, mild cheddar cheese, low-fat ricotta cheese, lowfat mozzarella cheese, fat-free cream cheese, part-skim mozzarella cheese, fat-free ricotta cheese, herbes de provence']"
21508,italian eggplant  aubergine  crepes,"eggplant, seasoned flour, olive oil, parmesan cheese, ricotta cheese, eggs, garlic clove, salt, pepper, frozen spinach, carrot, celery, onion, green pepper, red pepper, basil, oregano, thyme, sugar, whole canned tomatoes, tomato puree, dry red wine",bubbling,14,"[' monterey jack cheese, parmesan cheese, mozzarella cheese, ricotta cheese, cream cheese, parmigiano-reggiano cheese, sharp cheddar cheese, swiss cheese, cheddar cheese, teleme cheese, manchego cheese, gruyere cheese, reduced-fat cream cheese, processed cheese,cream cheese, soy mozzarella cheese, romano cheese, blue cheese-stuffed olives, spinach and artichoke cream cheese, italian cheese blend, feta cheese, yellow cheese, whipped cream cheese, shredded cheddar cheese,part-skim ricotta cheese, colby cheese, colby-monterey jack cheese, mexican blend cheese, mascarpone cheese, extra-sharp cheddar cheese, cheese, monterey jack pepper cheese, blue cheese, cottage cheese, jalapeno jack cheese, cotija cheese, vegan cheddar cheese, asiago cheese, asadero cheese, low-fat cheese, ""goats cheese"", cream cheese with garlic and herbs, white cheddar cheese, provolone cheese, cheese slice, cheese spread, goat cheese, gouda cheese,small curd cottage cheese,jalapeno jack cheese, parmesan-romano cheese mix, velveeta cheese, smoked gouda cheese, cheese slices, sharp white cheddar cheese, old cheddar cheese, fat free mozzarella cheese, fat-free cheddar cheese, cream cheese frosting, reduced-fat sharp cheddar cheese, fresh parmesan cheese, pre-shredded mozzarella cheese, requeson cheese, jarlsberg cheese, pizza cheese, whole milk ricotta cheese, laughing cow light swiss cheese, mizithra cheese, reduced-fat monterey jack cheese, monterey jack and cheddar cheese blend, muenster cheese, soft fresh goat cheese, fat free monterey jack pepper cheese, neufchatel cheese, light cheddar cheese, low fat cottage cheese, pecorino cheese,monterey jack cheese, light cream cheese, small curd cottage cheese, kasseri cheese,feta cheese, nonfat cottage cheese, american cheese, low-fat cream cheese, vegan cheese, mild cheddar cheese, low-fat ricotta cheese, lowfat mozzarella cheese, fat-free cream cheese, part-skim mozzarella cheese, fat-free ricotta cheese, herbes de provence']"
21508,italian eggplant  aubergine  crepes,"eggplant, seasoned flour, olive oil, parmesan cheese, ricotta cheese, eggs, garlic clove, salt, pepper, frozen spinach, carrot, celery, onion, green pepper, red pepper, basil, oregano, thyme, sugar, whole canned tomatoes, tomato puree, dry red wine",prepare,15,"[' tomato sauce, tomatoes, crushed tomatoes, tomato paste, crushed tomatoes in puree, roma tomatoes, whole tomatoes, cherry tomatoes, chopped tomato, diced tomatoes, diced tomatoes with juice, chopped tomatoes, tomato puree, diced tomato,tomatoes, grape tomatoes, sun-dried tomatoes, plum tomatoes, roma tomato, tomato juice, canned tomatoes,tomato puree, tomato ketchup,tomato paste, italian-style diced tomatoes, fresh tomato, fresh tomatoes, canned stewed tomatoes, italian-style tomatoes, whole canned tomatoes, sun-dried tomato, stewed tomatoes, tomatoes with juice, rotel tomatoes, del monte zesty jalapeno pepper diced tomato,roma tomatoes, diced tomatoes with basil and garlic, sun-dried tomato packed in oil, ro-tel tomatoes,green tomatoes, diced tomatoes with mild green chilies, italian plum tomatoes, italian plum tomato, fire-roasted tomatoes, sun-dried tomato pesto, tomato soup, beefsteak tomato, diced tomatoes with green chilies, yellow cherry tomatoes,crushed tomatoes, green tomatoes, plum tomato, sun-dried tomato tortillas, italian tomatoes, sun-dried tomatoes packed in oil, hunts tomato sauce, contadina tomato paste, tomato and basil pasta sauce, canned tomato, san marzano tomatoes, tomato concentrate, pork and beans in tomato sauce, soy sauce, a.1. original sauce, worcestershire sauce, adobo sauce, spaghetti sauce, thai sweet chili sauce, sriracha sauce, tabasco sauce, picante sauce, pesto sauce, tamari soy sauce, applesauce, hot sauce,spaghetti sauce, hot pepper sauce, hoisin sauce, oyster sauce, reduced sodium soy sauce, low sodium soy sauce, chili-garlic sauce, fish sauce, sweet chili sauce, teriyaki sauce, dark soy sauce, barbecue sauce, soya sauce, red chili sauce, chili sauce,hoisin sauce, sweet soy sauce, vegetarian oyster sauce, light soy sauce, pizza sauce, cranberry sauce, horseradish sauce, ""franks red hot sauce"", remoulade sauce, liquid hot pepper sauce, pasta sauce, sweet and sour sauce,soya sauce, spaghetti sauce with meat, hollandaise sauce mix, louisiana hot sauce, garlic sauce, green enchilada sauce,soy sauce, red enchilada sauce, pickapeppa sauce, bearnaise sauce mix, seafood cocktail sauce, dark soya sauce, alfredo sauce, cayenne pepper sauce, maggi seasoning sauce, unsweetened applesauce, thai fish sauce,reduced sodium soy sauce, steak sauce,light soy sauce, browning sauce, plum sauce, marinara sauce, crepes, assorted fresh vegetables, mixed vegetables, dehydrated mixed vegetables, frozen mixed vegetables, red food coloring, yellow food coloring, green food coloring, orange food coloring, seafood stock']"
21508,italian eggplant  aubergine  crepes,"eggplant, seasoned flour, olive oil, parmesan cheese, ricotta cheese, eggs, garlic clove, salt, pepper, frozen spinach, carrot, celery, onion, green pepper, red pepper, basil, oregano, thyme, sugar, whole canned tomatoes, tomato puree, dry red wine",chopped,16,[' processed cheese']
21508,italian eggplant  aubergine  crepes,"eggplant, seasoned flour, olive oil, parmesan cheese, ricotta cheese, eggs, garlic clove, salt, pepper, frozen spinach, carrot, celery, onion, green pepper, red pepper, basil, oregano, thyme, sugar, whole canned tomatoes, tomato puree, dry red wine",remaining,18,{}
21508,italian eggplant  aubergine  crepes,"eggplant, seasoned flour, olive oil, parmesan cheese, ricotta cheese, eggs, garlic clove, salt, pepper, frozen spinach, carrot, celery, onion, green pepper, red pepper, basil, oregano, thyme, sugar, whole canned tomatoes, tomato puree, dry red wine",simmer,18,{}
21508,italian eggplant  aubergine  crepes,"eggplant, seasoned flour, olive oil, parmesan cheese, ricotta cheese, eggs, garlic clove, salt, pepper, frozen spinach, carrot, celery, onion, green pepper, red pepper, basil, oregano, thyme, sugar, whole canned tomatoes, tomato puree, dry red wine",pour,20,"[' crepes, herbes de provence']"
21508,italian eggplant  aubergine  crepes,"eggplant, seasoned flour, olive oil, parmesan cheese, ricotta cheese, eggs, garlic clove, salt, pepper, frozen spinach, carrot, celery, onion, green pepper, red pepper, basil, oregano, thyme, sugar, whole canned tomatoes, tomato puree, dry red wine",heating,20,"[' crepes, herbes de provence']"
21508,italian eggplant  aubergine  crepes,"eggplant, seasoned flour, olive oil, parmesan cheese, ricotta cheese, eggs, garlic clove, salt, pepper, frozen spinach, carrot, celery, onion, green pepper, red pepper, basil, oregano, thyme, sugar, whole canned tomatoes, tomato puree, dry red wine",makes,21,"[' soy sauce, tomato sauce, a.1. original sauce, worcestershire sauce, adobo sauce, spaghetti sauce, thai sweet chili sauce, sriracha sauce, tabasco sauce, picante sauce, pesto sauce, tamari soy sauce, applesauce, hot sauce,spaghetti sauce, hot pepper sauce, hoisin sauce, oyster sauce, reduced sodium soy sauce, low sodium soy sauce, chili-garlic sauce, fish sauce, sweet chili sauce, teriyaki sauce, dark soy sauce, barbecue sauce, soya sauce, red chili sauce, chili sauce,hoisin sauce, sweet soy sauce, vegetarian oyster sauce, light soy sauce, pizza sauce, cranberry sauce, horseradish sauce, ""franks red hot sauce"", remoulade sauce, liquid hot pepper sauce, pasta sauce, sweet and sour sauce,soya sauce, spaghetti sauce with meat, hollandaise sauce mix, louisiana hot sauce, garlic sauce, green enchilada sauce,soy sauce, red enchilada sauce, pickapeppa sauce, bearnaise sauce mix, seafood cocktail sauce, dark soya sauce, alfredo sauce, cayenne pepper sauce, maggi seasoning sauce, unsweetened applesauce, thai fish sauce,reduced sodium soy sauce, steak sauce,light soy sauce, browning sauce, plum sauce, hunts tomato sauce, tomato and basil pasta sauce, marinara sauce, pork and beans in tomato sauce']"
