Id,Name,AllIngredients,Verbs,Steps,Ingredient
241431,grilled beef fajitas,"tomatoes, red onion, jalapeno pepper, lemon juice, fresh cilantro, salt and pepper, paprika, cumin, cayenne, chili powder, onion powder, garlic powder, powdered thyme, ground marjoram, flank steaks, onions, bell peppers, olive oil, flour tortillas, sour cream",mix,1,{}
241431,grilled beef fajitas,"tomatoes, red onion, jalapeno pepper, lemon juice, fresh cilantro, salt and pepper, paprika, cumin, cayenne, chili powder, onion powder, garlic powder, powdered thyme, ground marjoram, flank steaks, onions, bell peppers, olive oil, flour tortillas, sour cream",rub,1,"[' allspice, jamaican jerk spice, ground allspice, five-spice powder, chinese five spice powder, spice essence, pumpkin pie spice, mixed spice, pickling spices, cajun spices, ras el hanout spice mix, allspice berries, apple pie spice, spiced rum, ground beef round, beef stock, ground beef, lean ground beef,beef brisket, beef broth, beef chuck, beef tenderloin, beef,ground beef, beef bouillon cube,lean ground beef,beef sirloin,beef stew meat,beef mince, filet of beef, beef stew meat, beef steak,boneless beef chuck,beef tenderloin,beef tenderloin fillets,beef, beef steaks,boneless beef chuck roast, low sodium beef broth, beef bouillon, beef shank, coarse ground beef, beef bouillon cubes, beef hot dogs, chili-style ground beef, beef base,80% lean ground beef, lean stewing beef,stewing beef, beefsteak tomato,lean beef,low sodium beef broth, beef bouillon granules, rubbed sage']"
241431,grilled beef fajitas,"tomatoes, red onion, jalapeno pepper, lemon juice, fresh cilantro, salt and pepper, paprika, cumin, cayenne, chili powder, onion powder, garlic powder, powdered thyme, ground marjoram, flank steaks, onions, bell peppers, olive oil, flour tortillas, sour cream",coat,1,"[' allspice, jamaican jerk spice, ground allspice, five-spice powder, chinese five spice powder, spice essence, pumpkin pie spice, mixed spice, pickling spices, cajun spices, ras el hanout spice mix, allspice berries, apple pie spice, spiced rum, ground beef round, beef stock, ground beef, lean ground beef,beef brisket, beef broth, beef chuck, beef tenderloin, beef,ground beef, beef bouillon cube,lean ground beef,beef sirloin,beef stew meat,beef mince, filet of beef, beef stew meat, beef steak,boneless beef chuck,beef tenderloin,beef tenderloin fillets,beef, beef steaks,boneless beef chuck roast, low sodium beef broth, beef bouillon, beef shank, coarse ground beef, beef bouillon cubes, beef hot dogs, chili-style ground beef, beef base,80% lean ground beef, lean stewing beef,stewing beef, beefsteak tomato,lean beef,low sodium beef broth, beef bouillon granules, rubbed sage']"
241431,grilled beef fajitas,"tomatoes, red onion, jalapeno pepper, lemon juice, fresh cilantro, salt and pepper, paprika, cumin, cayenne, chili powder, onion powder, garlic powder, powdered thyme, ground marjoram, flank steaks, onions, bell peppers, olive oil, flour tortillas, sour cream",rubbing,1,"[' allspice, jamaican jerk spice, ground allspice, five-spice powder, chinese five spice powder, spice essence, pumpkin pie spice, mixed spice, pickling spices, cajun spices, ras el hanout spice mix, allspice berries, apple pie spice, spiced rum, ground beef round, beef stock, ground beef, lean ground beef,beef brisket, beef broth, beef chuck, beef tenderloin, beef,ground beef, beef bouillon cube,lean ground beef,beef sirloin,beef stew meat,beef mince, filet of beef, beef stew meat, beef steak,boneless beef chuck,beef tenderloin,beef tenderloin fillets,beef, beef steaks,boneless beef chuck roast, low sodium beef broth, beef bouillon, beef shank, coarse ground beef, beef bouillon cubes, beef hot dogs, chili-style ground beef, beef base,80% lean ground beef, lean stewing beef,stewing beef, beefsteak tomato,lean beef,low sodium beef broth, beef bouillon granules, rubbed sage']"
241431,grilled beef fajitas,"tomatoes, red onion, jalapeno pepper, lemon juice, fresh cilantro, salt and pepper, paprika, cumin, cayenne, chili powder, onion powder, garlic powder, powdered thyme, ground marjoram, flank steaks, onions, bell peppers, olive oil, flour tortillas, sour cream",set,1,"[' allspice, jamaican jerk spice, ground allspice, five-spice powder, chinese five spice powder, spice essence, pumpkin pie spice, mixed spice, pickling spices, cajun spices, ras el hanout spice mix, allspice berries, apple pie spice, spiced rum, ground beef round, beef stock, ground beef, lean ground beef,beef brisket, beef broth, beef chuck, beef tenderloin, beef,ground beef, beef bouillon cube,lean ground beef,beef sirloin,beef stew meat,beef mince, filet of beef, beef stew meat, beef steak,boneless beef chuck,beef tenderloin,beef tenderloin fillets,beef, beef steaks,boneless beef chuck roast, low sodium beef broth, beef bouillon, beef shank, coarse ground beef, beef bouillon cubes, beef hot dogs, chili-style ground beef, beef base,80% lean ground beef, lean stewing beef,stewing beef, beefsteak tomato,lean beef,low sodium beef broth, beef bouillon granules, rubbed sage']"
241431,grilled beef fajitas,"tomatoes, red onion, jalapeno pepper, lemon juice, fresh cilantro, salt and pepper, paprika, cumin, cayenne, chili powder, onion powder, garlic powder, powdered thyme, ground marjoram, flank steaks, onions, bell peppers, olive oil, flour tortillas, sour cream",slice,2,"[' orange peel, lemon peel, dried orange peel, candied lemon peel, lime peel, sweet onions, red onions, brown onions, onions,yellow onions, yellow onions, green onions, white onions, spring onions,onions, white pearl onions, diced onions, ""frenchs french fried onions"", frozen pearl onions, french-fried onions, green onions with top']"
241431,grilled beef fajitas,"tomatoes, red onion, jalapeno pepper, lemon juice, fresh cilantro, salt and pepper, paprika, cumin, cayenne, chili powder, onion powder, garlic powder, powdered thyme, ground marjoram, flank steaks, onions, bell peppers, olive oil, flour tortillas, sour cream",slice,3,"[' sesame seeds, coriander seeds, cumin seeds, fenugreek seeds, mustard seeds, annatto seeds, fennel seeds, poppy seeds, toasted sesame seeds, roasted sesame seeds, sunflower seeds, whole cumin seeds, pumpkin seeds, yellow mustard seeds, white poppy seeds, black mustard seeds, hamburger buns with sesame seeds, white sesame seeds,coriander seeds, ground flax seeds, celery seeds, dill seeds, pomegranate seeds, methi seeds,annatto seeds, brown mustard seeds, hemp seeds, chia seeds, seeds, whole coriander seeds, red peppers, fresh jalapeno peppers, red bell peppers, piquillo peppers, green peppers, bell peppers, yellow peppers, dried red chili peppers, red chili peppers, pepperoncini peppers, green bell peppers, chinese red peppers, yellow bell peppers, jalapeno peppers, habanero peppers, chipotle peppers, chili peppers, pickled sweet peppers, roasted red and yellow peppers, roasted red peppers,roasted red peppers, scotch bonnet peppers, poblano peppers, dried hot peppers,bell peppers,dried pasilla peppers, serrano peppers, fresh chili peppers, pickled jalapeno peppers,red bell peppers, ground dried arbol chile peppers, hot green chili peppers']"
241431,grilled beef fajitas,"tomatoes, red onion, jalapeno pepper, lemon juice, fresh cilantro, salt and pepper, paprika, cumin, cayenne, chili powder, onion powder, garlic powder, powdered thyme, ground marjoram, flank steaks, onions, bell peppers, olive oil, flour tortillas, sour cream",slice,9,"[' ground beef round, beef stock, ground beef, lean ground beef,beef brisket, beef broth, beef chuck, beef tenderloin, beef,ground beef, beef bouillon cube,lean ground beef,beef sirloin,beef stew meat,beef mince, filet of beef, beef stew meat, beef steak,boneless beef chuck,beef tenderloin,beef tenderloin fillets,beef, beef steaks,boneless beef chuck roast, low sodium beef broth, beef bouillon, beef shank, coarse ground beef, beef bouillon cubes, beef hot dogs, chili-style ground beef, beef base,80% lean ground beef, lean stewing beef,stewing beef, beefsteak tomato,lean beef,low sodium beef broth, beef bouillon granules, long-grain rice, whole grain mustard, coarse grain mustard, long grain white rice, whole grain buns, cooked long-grain rice, long grain rice, grainy mustard, whole grain wheat flour, whole grain dijon mustard, pepperoni slices, cheese slices, dill pickle slices']"
241431,grilled beef fajitas,"tomatoes, red onion, jalapeno pepper, lemon juice, fresh cilantro, salt and pepper, paprika, cumin, cayenne, chili powder, onion powder, garlic powder, powdered thyme, ground marjoram, flank steaks, onions, bell peppers, olive oil, flour tortillas, sour cream",remove,3,"[' sesame seeds, coriander seeds, cumin seeds, fenugreek seeds, mustard seeds, annatto seeds, fennel seeds, poppy seeds, toasted sesame seeds, roasted sesame seeds, sunflower seeds, whole cumin seeds, pumpkin seeds, yellow mustard seeds, white poppy seeds, black mustard seeds, hamburger buns with sesame seeds, white sesame seeds,coriander seeds, ground flax seeds, celery seeds, dill seeds, pomegranate seeds, methi seeds,annatto seeds, brown mustard seeds, hemp seeds, chia seeds, seeds, whole coriander seeds, red peppers, fresh jalapeno peppers, red bell peppers, piquillo peppers, green peppers, bell peppers, yellow peppers, dried red chili peppers, red chili peppers, pepperoncini peppers, green bell peppers, chinese red peppers, yellow bell peppers, jalapeno peppers, habanero peppers, chipotle peppers, chili peppers, pickled sweet peppers, roasted red and yellow peppers, roasted red peppers,roasted red peppers, scotch bonnet peppers, poblano peppers, dried hot peppers,bell peppers,dried pasilla peppers, serrano peppers, fresh chili peppers, pickled jalapeno peppers,red bell peppers, ground dried arbol chile peppers, hot green chili peppers']"
241431,grilled beef fajitas,"tomatoes, red onion, jalapeno pepper, lemon juice, fresh cilantro, salt and pepper, paprika, cumin, cayenne, chili powder, onion powder, garlic powder, powdered thyme, ground marjoram, flank steaks, onions, bell peppers, olive oil, flour tortillas, sour cream",cook,4,"[' fresh coarse ground black pepper, cracked black pepper, green pepper, cayenne pepper, red chili pepper, ground cayenne pepper, pepper, red peppers, habanero pepper, salt and pepper, green bell pepper, fresh jalapeno peppers, serrano pepper, fresh ground black pepper, red bell pepper, yellow bell pepper, peppercorns, salt & freshly ground black pepper, black pepper, white pepper, ground red pepper, ground black pepper, red pepper, red bell peppers, yellow pepper, black peppercorns, chipotle pepper, fresh cracked pepper, piquillo peppers, red pepper flakes, crushed red pepper flakes, bell pepper, green peppers, bell peppers, scotch bonnet pepper, yellow peppers, salt & pepper, jalapeno pepper, peppercorn, pepperoni, hot pepper sauce, kosher salt & freshly ground black pepper, dried red chili peppers, szechuan peppercorns, roasted red pepper, poblano pepper, dry crushed red pepper, fresh ground white pepper, red chili peppers, red cayenne pepper, pickled jalapeno pepper, coarse black pepper, thai red chili pepper, red sweet bell pepper, green chili pepper, sweet red pepper, fresh ground pepper, pepperoncini peppers, chili pepper, monterey jack pepper cheese, green bell peppers, chinese red peppers, yellow bell peppers, jalapeno peppers, dried red pepper flakes, habanero peppers, chipotle peppers, chili peppers, red chili pepper flakes, pickled sweet peppers, white peppercorns, salt and black pepper, roasted red and yellow peppers, hot pepper flakes, ground pepper, roasted red peppers,roasted red peppers, liquid hot pepper sauce, sweet pepper, pepperoni slices, scotch bonnet peppers, lemon pepper seasoning, cracked pepper, hot pepper paste, hot chili pepper, poblano peppers,white pepper, garlic pepper seasoning, dried hot peppers, peppercorn ranch dressing, pepper bacon, whole black peppercorns, green pepper ring,bell peppers, del monte zesty jalapeno pepper diced tomato, white pepper powder, pepper rings, hot red pepper flakes, pepperoncini pepper, green peppercorn, orange bell pepper, salt & fresh ground pepper, szechwan pepper, chili pepper flakes,dried pasilla peppers, sweet green pepper, serrano peppers, whole black peppercorn, yellow sweet pepper, fresh chili peppers, pickled jalapeno peppers,red bell peppers, fresh jalapeno pepper, dried chili pepper flakes, ground szechuan peppercorns, cayenne pepper sauce, sweet bell pepper, hot pepper, green pepper rings, ground chipotle chile pepper, fat free monterey jack pepper cheese,bell pepper, ground dried arbol chile peppers, hot green chili peppers, yellow onion, onion,onion, onion flakes, red onion, dehydrated onion, onion powder, sweet onions, red onions, diced onion, brown onions, onions,yellow onions, sweet onion, yellow onions, green onions, white onions, green onion, white onion,yellow onion, granulated onion, spanish onion, yellow sweet onion, spring onions, dried onion,onions, dried onion flakes, white pearl onions, diced onions, ""frenchs french fried onions"", spring onion, onion rings, frozen pearl onions, onion salt, onion paste, french-fried onions, green onion top, green onions with top, purple onion, onion tops,spanish onion,vidalia onion, cheese slices, dill pickle slices, canola oil, peanut oil, olive oil, vegetable oil,olive oil, extra virgin olive oil, boiling water, sesame oil,peanut oil, palm oil,canola oil, sunflower oil,light olive oil, oil, hard-boiled egg, chili oil, toasted sesame oil, light vegetable oil,oil, rapeseed oil,crab boil seasoning, cooking oil, hard-boiled eggs, sesame seed oil,safflower oil, boiled ham, salad oil, boiled potatoes,vegetable oil, crab boil seasoning, crab boil, coconut oil, olive oil flavored cooking spray,extra virgin olive oil, dark sesame oil, corn oil,sesame oil,olive oil flavored cooking spray, light olive oil, sun-dried tomato packed in oil,grapeseed oil, hardboiled egg, hot chili oil,no-boil lasagna noodles,coconut oil, safflower oil, orange oil, boiling potato, fire oil, grapeseed oil, virgin olive oil,vegetable oil cooking spray']"
241431,grilled beef fajitas,"tomatoes, red onion, jalapeno pepper, lemon juice, fresh cilantro, salt and pepper, paprika, cumin, cayenne, chili powder, onion powder, garlic powder, powdered thyme, ground marjoram, flank steaks, onions, bell peppers, olive oil, flour tortillas, sour cream",are,4,"[' fresh coarse ground black pepper, cracked black pepper, green pepper, cayenne pepper, red chili pepper, ground cayenne pepper, pepper, red peppers, habanero pepper, salt and pepper, green bell pepper, fresh jalapeno peppers, serrano pepper, fresh ground black pepper, red bell pepper, yellow bell pepper, peppercorns, salt & freshly ground black pepper, black pepper, white pepper, ground red pepper, ground black pepper, red pepper, red bell peppers, yellow pepper, black peppercorns, chipotle pepper, fresh cracked pepper, piquillo peppers, red pepper flakes, crushed red pepper flakes, bell pepper, green peppers, bell peppers, scotch bonnet pepper, yellow peppers, salt & pepper, jalapeno pepper, peppercorn, pepperoni, hot pepper sauce, kosher salt & freshly ground black pepper, dried red chili peppers, szechuan peppercorns, roasted red pepper, poblano pepper, dry crushed red pepper, fresh ground white pepper, red chili peppers, red cayenne pepper, pickled jalapeno pepper, coarse black pepper, thai red chili pepper, red sweet bell pepper, green chili pepper, sweet red pepper, fresh ground pepper, pepperoncini peppers, chili pepper, monterey jack pepper cheese, green bell peppers, chinese red peppers, yellow bell peppers, jalapeno peppers, dried red pepper flakes, habanero peppers, chipotle peppers, chili peppers, red chili pepper flakes, pickled sweet peppers, white peppercorns, salt and black pepper, roasted red and yellow peppers, hot pepper flakes, ground pepper, roasted red peppers,roasted red peppers, liquid hot pepper sauce, sweet pepper, pepperoni slices, scotch bonnet peppers, lemon pepper seasoning, cracked pepper, hot pepper paste, hot chili pepper, poblano peppers,white pepper, garlic pepper seasoning, dried hot peppers, peppercorn ranch dressing, pepper bacon, whole black peppercorns, green pepper ring,bell peppers, del monte zesty jalapeno pepper diced tomato, white pepper powder, pepper rings, hot red pepper flakes, pepperoncini pepper, green peppercorn, orange bell pepper, salt & fresh ground pepper, szechwan pepper, chili pepper flakes,dried pasilla peppers, sweet green pepper, serrano peppers, whole black peppercorn, yellow sweet pepper, fresh chili peppers, pickled jalapeno peppers,red bell peppers, fresh jalapeno pepper, dried chili pepper flakes, ground szechuan peppercorns, cayenne pepper sauce, sweet bell pepper, hot pepper, green pepper rings, ground chipotle chile pepper, fat free monterey jack pepper cheese,bell pepper, ground dried arbol chile peppers, hot green chili peppers, yellow onion, onion,onion, onion flakes, red onion, dehydrated onion, onion powder, sweet onions, red onions, diced onion, brown onions, onions,yellow onions, sweet onion, yellow onions, green onions, white onions, green onion, white onion,yellow onion, granulated onion, spanish onion, yellow sweet onion, spring onions, dried onion,onions, dried onion flakes, white pearl onions, diced onions, ""frenchs french fried onions"", spring onion, onion rings, frozen pearl onions, onion salt, onion paste, french-fried onions, green onion top, green onions with top, purple onion, onion tops,spanish onion,vidalia onion, cheese slices, dill pickle slices, canola oil, peanut oil, olive oil, vegetable oil,olive oil, extra virgin olive oil, boiling water, sesame oil,peanut oil, palm oil,canola oil, sunflower oil,light olive oil, oil, hard-boiled egg, chili oil, toasted sesame oil, light vegetable oil,oil, rapeseed oil,crab boil seasoning, cooking oil, hard-boiled eggs, sesame seed oil,safflower oil, boiled ham, salad oil, boiled potatoes,vegetable oil, crab boil seasoning, crab boil, coconut oil, olive oil flavored cooking spray,extra virgin olive oil, dark sesame oil, corn oil,sesame oil,olive oil flavored cooking spray, light olive oil, sun-dried tomato packed in oil,grapeseed oil, hardboiled egg, hot chili oil,no-boil lasagna noodles,coconut oil, safflower oil, orange oil, boiling potato, fire oil, grapeseed oil, virgin olive oil,vegetable oil cooking spray']"
241431,grilled beef fajitas,"tomatoes, red onion, jalapeno pepper, lemon juice, fresh cilantro, salt and pepper, paprika, cumin, cayenne, chili powder, onion powder, garlic powder, powdered thyme, ground marjoram, flank steaks, onions, bell peppers, olive oil, flour tortillas, sour cream",wilted,4,"[' fresh coarse ground black pepper, cracked black pepper, green pepper, cayenne pepper, red chili pepper, ground cayenne pepper, pepper, red peppers, habanero pepper, salt and pepper, green bell pepper, fresh jalapeno peppers, serrano pepper, fresh ground black pepper, red bell pepper, yellow bell pepper, peppercorns, salt & freshly ground black pepper, black pepper, white pepper, ground red pepper, ground black pepper, red pepper, red bell peppers, yellow pepper, black peppercorns, chipotle pepper, fresh cracked pepper, piquillo peppers, red pepper flakes, crushed red pepper flakes, bell pepper, green peppers, bell peppers, scotch bonnet pepper, yellow peppers, salt & pepper, jalapeno pepper, peppercorn, pepperoni, hot pepper sauce, kosher salt & freshly ground black pepper, dried red chili peppers, szechuan peppercorns, roasted red pepper, poblano pepper, dry crushed red pepper, fresh ground white pepper, red chili peppers, red cayenne pepper, pickled jalapeno pepper, coarse black pepper, thai red chili pepper, red sweet bell pepper, green chili pepper, sweet red pepper, fresh ground pepper, pepperoncini peppers, chili pepper, monterey jack pepper cheese, green bell peppers, chinese red peppers, yellow bell peppers, jalapeno peppers, dried red pepper flakes, habanero peppers, chipotle peppers, chili peppers, red chili pepper flakes, pickled sweet peppers, white peppercorns, salt and black pepper, roasted red and yellow peppers, hot pepper flakes, ground pepper, roasted red peppers,roasted red peppers, liquid hot pepper sauce, sweet pepper, pepperoni slices, scotch bonnet peppers, lemon pepper seasoning, cracked pepper, hot pepper paste, hot chili pepper, poblano peppers,white pepper, garlic pepper seasoning, dried hot peppers, peppercorn ranch dressing, pepper bacon, whole black peppercorns, green pepper ring,bell peppers, del monte zesty jalapeno pepper diced tomato, white pepper powder, pepper rings, hot red pepper flakes, pepperoncini pepper, green peppercorn, orange bell pepper, salt & fresh ground pepper, szechwan pepper, chili pepper flakes,dried pasilla peppers, sweet green pepper, serrano peppers, whole black peppercorn, yellow sweet pepper, fresh chili peppers, pickled jalapeno peppers,red bell peppers, fresh jalapeno pepper, dried chili pepper flakes, ground szechuan peppercorns, cayenne pepper sauce, sweet bell pepper, hot pepper, green pepper rings, ground chipotle chile pepper, fat free monterey jack pepper cheese,bell pepper, ground dried arbol chile peppers, hot green chili peppers, yellow onion, onion,onion, onion flakes, red onion, dehydrated onion, onion powder, sweet onions, red onions, diced onion, brown onions, onions,yellow onions, sweet onion, yellow onions, green onions, white onions, green onion, white onion,yellow onion, granulated onion, spanish onion, yellow sweet onion, spring onions, dried onion,onions, dried onion flakes, white pearl onions, diced onions, ""frenchs french fried onions"", spring onion, onion rings, frozen pearl onions, onion salt, onion paste, french-fried onions, green onion top, green onions with top, purple onion, onion tops,spanish onion,vidalia onion, cheese slices, dill pickle slices, canola oil, peanut oil, olive oil, vegetable oil,olive oil, extra virgin olive oil, boiling water, sesame oil,peanut oil, palm oil,canola oil, sunflower oil,light olive oil, oil, hard-boiled egg, chili oil, toasted sesame oil, light vegetable oil,oil, rapeseed oil,crab boil seasoning, cooking oil, hard-boiled eggs, sesame seed oil,safflower oil, boiled ham, salad oil, boiled potatoes,vegetable oil, crab boil seasoning, crab boil, coconut oil, olive oil flavored cooking spray,extra virgin olive oil, dark sesame oil, corn oil,sesame oil,olive oil flavored cooking spray, light olive oil, sun-dried tomato packed in oil,grapeseed oil, hardboiled egg, hot chili oil,no-boil lasagna noodles,coconut oil, safflower oil, orange oil, boiling potato, fire oil, grapeseed oil, virgin olive oil,vegetable oil cooking spray']"
241431,grilled beef fajitas,"tomatoes, red onion, jalapeno pepper, lemon juice, fresh cilantro, salt and pepper, paprika, cumin, cayenne, chili powder, onion powder, garlic powder, powdered thyme, ground marjoram, flank steaks, onions, bell peppers, olive oil, flour tortillas, sour cream",flipping,5,"[' grilled chicken breast, mccormick grill seasoning, grilled chicken, ground beef round, beef stock, ground beef, lean ground beef,beef brisket, beef broth, beef chuck, beef tenderloin, beef,ground beef, beef bouillon cube,lean ground beef,beef sirloin,beef stew meat,beef mince, filet of beef, beef stew meat, beef steak,boneless beef chuck,beef tenderloin,beef tenderloin fillets,beef, beef steaks,boneless beef chuck roast, low sodium beef broth, beef bouillon, beef shank, coarse ground beef, beef bouillon cubes, beef hot dogs, chili-style ground beef, beef base,80% lean ground beef, lean stewing beef,stewing beef, beefsteak tomato,lean beef,low sodium beef broth, beef bouillon granules, cooking spray,cooking spray, nonstick cooking spray, cooking oil,nonstick cooking spray, tart cooking apples, pam cooking spray, olive oil flavored cooking spray, quick-cooking tapioca,olive oil flavored cooking spray, quick-cooking rolled oats,vegetable oil cooking spray']"
241431,grilled beef fajitas,"tomatoes, red onion, jalapeno pepper, lemon juice, fresh cilantro, salt and pepper, paprika, cumin, cayenne, chili powder, onion powder, garlic powder, powdered thyme, ground marjoram, flank steaks, onions, bell peppers, olive oil, flour tortillas, sour cream",desired,5,"[' grilled chicken breast, mccormick grill seasoning, grilled chicken, ground beef round, beef stock, ground beef, lean ground beef,beef brisket, beef broth, beef chuck, beef tenderloin, beef,ground beef, beef bouillon cube,lean ground beef,beef sirloin,beef stew meat,beef mince, filet of beef, beef stew meat, beef steak,boneless beef chuck,beef tenderloin,beef tenderloin fillets,beef, beef steaks,boneless beef chuck roast, low sodium beef broth, beef bouillon, beef shank, coarse ground beef, beef bouillon cubes, beef hot dogs, chili-style ground beef, beef base,80% lean ground beef, lean stewing beef,stewing beef, beefsteak tomato,lean beef,low sodium beef broth, beef bouillon granules, cooking spray,cooking spray, nonstick cooking spray, cooking oil,nonstick cooking spray, tart cooking apples, pam cooking spray, olive oil flavored cooking spray, quick-cooking tapioca,olive oil flavored cooking spray, quick-cooking rolled oats,vegetable oil cooking spray']"
241431,grilled beef fajitas,"tomatoes, red onion, jalapeno pepper, lemon juice, fresh cilantro, salt and pepper, paprika, cumin, cayenne, chili powder, onion powder, garlic powder, powdered thyme, ground marjoram, flank steaks, onions, bell peppers, olive oil, flour tortillas, sour cream",takes,6,[' minute rice']
241431,grilled beef fajitas,"tomatoes, red onion, jalapeno pepper, lemon juice, fresh cilantro, salt and pepper, paprika, cumin, cayenne, chili powder, onion powder, garlic powder, powdered thyme, ground marjoram, flank steaks, onions, bell peppers, olive oil, flour tortillas, sour cream",vary,7,"[' cooking spray,cooking spray, nonstick cooking spray, cooking oil,nonstick cooking spray, tart cooking apples, pam cooking spray, olive oil flavored cooking spray, quick-cooking tapioca,olive oil flavored cooking spray, quick-cooking rolled oats,vegetable oil cooking spray']"
241431,grilled beef fajitas,"tomatoes, red onion, jalapeno pepper, lemon juice, fresh cilantro, salt and pepper, paprika, cumin, cayenne, chili powder, onion powder, garlic powder, powdered thyme, ground marjoram, flank steaks, onions, bell peppers, olive oil, flour tortillas, sour cream",heating,8,"[' tortillas, blue corn tortillas, flour tortillas, corn tortillas,tortillas,flour tortillas,whole wheat tortillas,corn tortillas, grilled chicken breast, mccormick grill seasoning, grilled chicken, panko breadcrumbs, campanelle pasta, pancetta, spanish onion, spanish olives with pimento, panir,pancetta,panir,pancakes, japanese eggplants, japanese-style bread crumbs, spanish olives,spanish onion']"
241431,grilled beef fajitas,"tomatoes, red onion, jalapeno pepper, lemon juice, fresh cilantro, salt and pepper, paprika, cumin, cayenne, chili powder, onion powder, garlic powder, powdered thyme, ground marjoram, flank steaks, onions, bell peppers, olive oil, flour tortillas, sour cream",letting,9,"[' ground beef round, beef stock, ground beef, lean ground beef,beef brisket, beef broth, beef chuck, beef tenderloin, beef,ground beef, beef bouillon cube,lean ground beef,beef sirloin,beef stew meat,beef mince, filet of beef, beef stew meat, beef steak,boneless beef chuck,beef tenderloin,beef tenderloin fillets,beef, beef steaks,boneless beef chuck roast, low sodium beef broth, beef bouillon, beef shank, coarse ground beef, beef bouillon cubes, beef hot dogs, chili-style ground beef, beef base,80% lean ground beef, lean stewing beef,stewing beef, beefsteak tomato,lean beef,low sodium beef broth, beef bouillon granules, long-grain rice, whole grain mustard, coarse grain mustard, long grain white rice, whole grain buns, cooked long-grain rice, long grain rice, grainy mustard, whole grain wheat flour, whole grain dijon mustard, pepperoni slices, cheese slices, dill pickle slices']"
241431,grilled beef fajitas,"tomatoes, red onion, jalapeno pepper, lemon juice, fresh cilantro, salt and pepper, paprika, cumin, cayenne, chili powder, onion powder, garlic powder, powdered thyme, ground marjoram, flank steaks, onions, bell peppers, olive oil, flour tortillas, sour cream",rest,9,"[' ground beef round, beef stock, ground beef, lean ground beef,beef brisket, beef broth, beef chuck, beef tenderloin, beef,ground beef, beef bouillon cube,lean ground beef,beef sirloin,beef stew meat,beef mince, filet of beef, beef stew meat, beef steak,boneless beef chuck,beef tenderloin,beef tenderloin fillets,beef, beef steaks,boneless beef chuck roast, low sodium beef broth, beef bouillon, beef shank, coarse ground beef, beef bouillon cubes, beef hot dogs, chili-style ground beef, beef base,80% lean ground beef, lean stewing beef,stewing beef, beefsteak tomato,lean beef,low sodium beef broth, beef bouillon granules, long-grain rice, whole grain mustard, coarse grain mustard, long grain white rice, whole grain buns, cooked long-grain rice, long grain rice, grainy mustard, whole grain wheat flour, whole grain dijon mustard, pepperoni slices, cheese slices, dill pickle slices']"
241431,grilled beef fajitas,"tomatoes, red onion, jalapeno pepper, lemon juice, fresh cilantro, salt and pepper, paprika, cumin, cayenne, chili powder, onion powder, garlic powder, powdered thyme, ground marjoram, flank steaks, onions, bell peppers, olive oil, flour tortillas, sour cream",serve,10,"[' tortillas, blue corn tortillas, flour tortillas, corn tortillas,tortillas,flour tortillas,whole wheat tortillas,corn tortillas, fresh coarse ground black pepper, cracked black pepper, green pepper, cayenne pepper, red chili pepper, ground cayenne pepper, pepper, red peppers, habanero pepper, salt and pepper, green bell pepper, fresh jalapeno peppers, serrano pepper, fresh ground black pepper, red bell pepper, yellow bell pepper, peppercorns, salt & freshly ground black pepper, black pepper, white pepper, ground red pepper, ground black pepper, red pepper, red bell peppers, yellow pepper, black peppercorns, chipotle pepper, fresh cracked pepper, piquillo peppers, red pepper flakes, crushed red pepper flakes, bell pepper, green peppers, bell peppers, scotch bonnet pepper, yellow peppers, salt & pepper, jalapeno pepper, peppercorn, pepperoni, hot pepper sauce, kosher salt & freshly ground black pepper, dried red chili peppers, szechuan peppercorns, roasted red pepper, poblano pepper, dry crushed red pepper, fresh ground white pepper, red chili peppers, red cayenne pepper, pickled jalapeno pepper, coarse black pepper, thai red chili pepper, red sweet bell pepper, green chili pepper, sweet red pepper, fresh ground pepper, pepperoncini peppers, chili pepper, monterey jack pepper cheese, green bell peppers, chinese red peppers, yellow bell peppers, jalapeno peppers, dried red pepper flakes, habanero peppers, chipotle peppers, chili peppers, red chili pepper flakes, pickled sweet peppers, white peppercorns, salt and black pepper, roasted red and yellow peppers, hot pepper flakes, ground pepper, roasted red peppers,roasted red peppers, liquid hot pepper sauce, sweet pepper, pepperoni slices, scotch bonnet peppers, lemon pepper seasoning, cracked pepper, hot pepper paste, hot chili pepper, poblano peppers,white pepper, garlic pepper seasoning, dried hot peppers, peppercorn ranch dressing, pepper bacon, whole black peppercorns, green pepper ring,bell peppers, del monte zesty jalapeno pepper diced tomato, white pepper powder, pepper rings, hot red pepper flakes, pepperoncini pepper, green peppercorn, orange bell pepper, salt & fresh ground pepper, szechwan pepper, chili pepper flakes,dried pasilla peppers, sweet green pepper, serrano peppers, whole black peppercorn, yellow sweet pepper, fresh chili peppers, pickled jalapeno peppers,red bell peppers, fresh jalapeno pepper, dried chili pepper flakes, ground szechuan peppercorns, cayenne pepper sauce, sweet bell pepper, hot pepper, green pepper rings, ground chipotle chile pepper, fat free monterey jack pepper cheese,bell pepper, ground dried arbol chile peppers, hot green chili peppers, sweet onions, red onions, brown onions, onions,yellow onions, yellow onions, green onions, white onions, spring onions,onions, white pearl onions, diced onions, ""frenchs french fried onions"", frozen pearl onions, french-fried onions, green onions with top, salsa, salsa verde, chunky salsa, sour cream, cream cheese, cream, reduced-fat creamy peanut butter, reduced-fat cream cheese, cream of chicken soup, cream of mushroom soup, fat free sour cream,cream cheese, spinach and artichoke cream cheese, heavy cream,sour cream, whipped cream cheese, light cream, double cream, whipping cream, whipped cream, half-and-half cream, cream sherry, low-fat sour cream, cream of wild mushroom soup, nonfat sour cream, cream cheese with garlic and herbs, heavy whipping cream, sweetened whipped cream, horseradish cream, cream of tartar, cream cheese frosting, ""campbells cream of shrimp soup"", condensed cream of chicken soup, cream of coconut, creamed corn, creamed coconut, light sour cream, light cream cheese, 10% cream']"
