Id,Name,AllIngredients,Verbs,Steps,Ingredient
252303,vegan seitan gyro w  cucumber sauce,"soy yogurt, cucumber, lemon juice, dried dill weed, salt, fresh ground pepper, turbinado sugar, seitan, vegetable oil, garlic cloves, cumin, oregano, cinnamon, nutmeg, cayenne pepper, salt & freshly ground black pepper, tomatoes, onion, lettuce, pita bread",peel,1,{}
252303,vegan seitan gyro w  cucumber sauce,"soy yogurt, cucumber, lemon juice, dried dill weed, salt, fresh ground pepper, turbinado sugar, seitan, vegetable oil, garlic cloves, cumin, oregano, cinnamon, nutmeg, cayenne pepper, salt & freshly ground black pepper, tomatoes, onion, lettuce, pita bread",grate,1,"[' seedless european cucumber, cucumber, cucumbers, seedless cucumber,cucumbers, english cucumber, english cucumbers, lemon cucumber,kirby cucumbers, cucumber relish']"
252303,vegan seitan gyro w  cucumber sauce,"soy yogurt, cucumber, lemon juice, dried dill weed, salt, fresh ground pepper, turbinado sugar, seitan, vegetable oil, garlic cloves, cumin, oregano, cinnamon, nutmeg, cayenne pepper, salt & freshly ground black pepper, tomatoes, onion, lettuce, pita bread",put,2,"[' seedless european cucumber, cucumber, cucumbers, seedless cucumber,cucumbers, english cucumber, english cucumbers, lemon cucumber,kirby cucumbers, cucumber relish']"
252303,vegan seitan gyro w  cucumber sauce,"soy yogurt, cucumber, lemon juice, dried dill weed, salt, fresh ground pepper, turbinado sugar, seitan, vegetable oil, garlic cloves, cumin, oregano, cinnamon, nutmeg, cayenne pepper, salt & freshly ground black pepper, tomatoes, onion, lettuce, pita bread",set,2,"[' seedless european cucumber, cucumber, cucumbers, seedless cucumber,cucumbers, english cucumber, english cucumbers, lemon cucumber,kirby cucumbers, cucumber relish']"
252303,vegan seitan gyro w  cucumber sauce,"soy yogurt, cucumber, lemon juice, dried dill weed, salt, fresh ground pepper, turbinado sugar, seitan, vegetable oil, garlic cloves, cumin, oregano, cinnamon, nutmeg, cayenne pepper, salt & freshly ground black pepper, tomatoes, onion, lettuce, pita bread",drain,2,"[' seedless european cucumber, cucumber, cucumbers, seedless cucumber,cucumbers, english cucumber, english cucumbers, lemon cucumber,kirby cucumbers, cucumber relish']"
252303,vegan seitan gyro w  cucumber sauce,"soy yogurt, cucumber, lemon juice, dried dill weed, salt, fresh ground pepper, turbinado sugar, seitan, vegetable oil, garlic cloves, cumin, oregano, cinnamon, nutmeg, cayenne pepper, salt & freshly ground black pepper, tomatoes, onion, lettuce, pita bread",squeeze,3,"[' seedless european cucumber, cucumber, cucumbers, seedless cucumber,cucumbers, english cucumber, english cucumbers, lemon cucumber,kirby cucumbers, cucumber relish, vegan egg replacer powder']"
252303,vegan seitan gyro w  cucumber sauce,"soy yogurt, cucumber, lemon juice, dried dill weed, salt, fresh ground pepper, turbinado sugar, seitan, vegetable oil, garlic cloves, cumin, oregano, cinnamon, nutmeg, cayenne pepper, salt & freshly ground black pepper, tomatoes, onion, lettuce, pita bread",remove,3,"[' seedless european cucumber, cucumber, cucumbers, seedless cucumber,cucumbers, english cucumber, english cucumbers, lemon cucumber,kirby cucumbers, cucumber relish, vegan egg replacer powder']"
252303,vegan seitan gyro w  cucumber sauce,"soy yogurt, cucumber, lemon juice, dried dill weed, salt, fresh ground pepper, turbinado sugar, seitan, vegetable oil, garlic cloves, cumin, oregano, cinnamon, nutmeg, cayenne pepper, salt & freshly ground black pepper, tomatoes, onion, lettuce, pita bread",add,4,{}
252303,vegan seitan gyro w  cucumber sauce,"soy yogurt, cucumber, lemon juice, dried dill weed, salt, fresh ground pepper, turbinado sugar, seitan, vegetable oil, garlic cloves, cumin, oregano, cinnamon, nutmeg, cayenne pepper, salt & freshly ground black pepper, tomatoes, onion, lettuce, pita bread",add,7,"[' bacon bits, pineapple tidbits, hormel real bacon bits, fresh garlic, garlic, garlic clove, garlic cloves, garlic powder, minced garlic cloves, fresh garlic cloves, garlic granules, garlic salt, granulated garlic, chili-garlic sauce, garlic paste, ginger-garlic paste,garlic clove, cream cheese with garlic and herbs, bulbs of garlic,garlic, garlic pepper seasoning, chili paste with garlic,garlic cloves, diced tomatoes with basil and garlic, garlic chives, garlic sauce, minced garlic clove, bulb of garlic, roasted garlic, head of garlic, garlic-flavored olive oil, garlic sea salt, garlic juice, garlic bread, garlic seasoning, fresh garlic clove, garlic oil, tomatoes with garlic,garlic powder, garlic and red chile paste,chile sauce with garlic, garlic heads, roasted garlic cloves, garlic-flavored croutons, seitan,seitan']"
252303,vegan seitan gyro w  cucumber sauce,"soy yogurt, cucumber, lemon juice, dried dill weed, salt, fresh ground pepper, turbinado sugar, seitan, vegetable oil, garlic cloves, cumin, oregano, cinnamon, nutmeg, cayenne pepper, salt & freshly ground black pepper, tomatoes, onion, lettuce, pita bread",add,8,[' broth seasonings']
252303,vegan seitan gyro w  cucumber sauce,"soy yogurt, cucumber, lemon juice, dried dill weed, salt, fresh ground pepper, turbinado sugar, seitan, vegetable oil, garlic cloves, cumin, oregano, cinnamon, nutmeg, cayenne pepper, salt & freshly ground black pepper, tomatoes, onion, lettuce, pita bread",remaining,4,{}
252303,vegan seitan gyro w  cucumber sauce,"soy yogurt, cucumber, lemon juice, dried dill weed, salt, fresh ground pepper, turbinado sugar, seitan, vegetable oil, garlic cloves, cumin, oregano, cinnamon, nutmeg, cayenne pepper, salt & freshly ground black pepper, tomatoes, onion, lettuce, pita bread",stir,4,{}
252303,vegan seitan gyro w  cucumber sauce,"soy yogurt, cucumber, lemon juice, dried dill weed, salt, fresh ground pepper, turbinado sugar, seitan, vegetable oil, garlic cloves, cumin, oregano, cinnamon, nutmeg, cayenne pepper, salt & freshly ground black pepper, tomatoes, onion, lettuce, pita bread",stir,7,"[' bacon bits, pineapple tidbits, hormel real bacon bits, fresh garlic, garlic, garlic clove, garlic cloves, garlic powder, minced garlic cloves, fresh garlic cloves, garlic granules, garlic salt, granulated garlic, chili-garlic sauce, garlic paste, ginger-garlic paste,garlic clove, cream cheese with garlic and herbs, bulbs of garlic,garlic, garlic pepper seasoning, chili paste with garlic,garlic cloves, diced tomatoes with basil and garlic, garlic chives, garlic sauce, minced garlic clove, bulb of garlic, roasted garlic, head of garlic, garlic-flavored olive oil, garlic sea salt, garlic juice, garlic bread, garlic seasoning, fresh garlic clove, garlic oil, tomatoes with garlic,garlic powder, garlic and red chile paste,chile sauce with garlic, garlic heads, roasted garlic cloves, garlic-flavored croutons, seitan,seitan']"
252303,vegan seitan gyro w  cucumber sauce,"soy yogurt, cucumber, lemon juice, dried dill weed, salt, fresh ground pepper, turbinado sugar, seitan, vegetable oil, garlic cloves, cumin, oregano, cinnamon, nutmeg, cayenne pepper, salt & freshly ground black pepper, tomatoes, onion, lettuce, pita bread",stir,8,[' broth seasonings']
252303,vegan seitan gyro w  cucumber sauce,"soy yogurt, cucumber, lemon juice, dried dill weed, salt, fresh ground pepper, turbinado sugar, seitan, vegetable oil, garlic cloves, cumin, oregano, cinnamon, nutmeg, cayenne pepper, salt & freshly ground black pepper, tomatoes, onion, lettuce, pita bread",combine,4,{}
252303,vegan seitan gyro w  cucumber sauce,"soy yogurt, cucumber, lemon juice, dried dill weed, salt, fresh ground pepper, turbinado sugar, seitan, vegetable oil, garlic cloves, cumin, oregano, cinnamon, nutmeg, cayenne pepper, salt & freshly ground black pepper, tomatoes, onion, lettuce, pita bread",let,5,[' vegan egg replacer powder']
252303,vegan seitan gyro w  cucumber sauce,"soy yogurt, cucumber, lemon juice, dried dill weed, salt, fresh ground pepper, turbinado sugar, seitan, vegetable oil, garlic cloves, cumin, oregano, cinnamon, nutmeg, cayenne pepper, salt & freshly ground black pepper, tomatoes, onion, lettuce, pita bread",meld,5,[' vegan egg replacer powder']
252303,vegan seitan gyro w  cucumber sauce,"soy yogurt, cucumber, lemon juice, dried dill weed, salt, fresh ground pepper, turbinado sugar, seitan, vegetable oil, garlic cloves, cumin, oregano, cinnamon, nutmeg, cayenne pepper, salt & freshly ground black pepper, tomatoes, onion, lettuce, pita bread",cook,5,[' vegan egg replacer powder']
252303,vegan seitan gyro w  cucumber sauce,"soy yogurt, cucumber, lemon juice, dried dill weed, salt, fresh ground pepper, turbinado sugar, seitan, vegetable oil, garlic cloves, cumin, oregano, cinnamon, nutmeg, cayenne pepper, salt & freshly ground black pepper, tomatoes, onion, lettuce, pita bread",heat,6,"[' canola oil, peanut oil, olive oil, vegetable oil,olive oil, extra virgin olive oil, boiling water, sesame oil,peanut oil, palm oil,canola oil, sunflower oil,light olive oil, oil, hard-boiled egg, chili oil, toasted sesame oil, light vegetable oil,oil, rapeseed oil,crab boil seasoning, cooking oil, hard-boiled eggs, sesame seed oil,safflower oil, boiled ham, salad oil, boiled potatoes,vegetable oil, crab boil seasoning, crab boil, coconut oil, olive oil flavored cooking spray,extra virgin olive oil, dark sesame oil, corn oil,sesame oil,olive oil flavored cooking spray, light olive oil, sun-dried tomato packed in oil,grapeseed oil, hardboiled egg, hot chili oil,no-boil lasagna noodles,coconut oil, safflower oil, orange oil, boiling potato, fire oil, grapeseed oil, virgin olive oil,vegetable oil cooking spray,reynolds wrap foil, light vegetable oil cooking spray,boiling water, sun-dried tomatoes packed in oil, reynolds wrap foil, garlic-flavored olive oil, lite olive oil, olive oil mayonnaise,canola oil cooking spray, parboiled rice,cooking oil, walnut oil, white truffle oil, pure olive oil, vegetable oil cooking spray,hard-boiled eggs, boiling potatoes, annatto oil, no-boil lasagna noodles, oil-and-vinegar dressing,corn oil, oriental sesame oil, truffle oil, crisco cooking oil, mustard oil, frying oil, canola oil cooking spray, garlic oil, szechuan oil,london broil beef, rice bran oil, soya oil, light sesame oil,broiler-fryer chickens, panko breadcrumbs, campanelle pasta, pancetta, spanish onion, spanish olives with pimento, panir,pancetta,panir,pancakes, japanese eggplants, japanese-style bread crumbs, spanish olives,spanish onion, pan dripping, japanese eggplant, marzipan carrots, spanish rice, pan juices,spanish chorizo, buckwheat flour, whole wheat flour,whole wheat flour, wheat germ,buckwheat flour, bulgur wheat, whole wheat bread crumbs, whole wheat hamburger buns, wheat, whole wheat pasta, whole wheat angel hair pasta, whole wheat bread,whole wheat tortillas, wheat flour,wheat berries, whole wheat crackers,whole wheat macaroni, whole grain wheat flour,wheat flour, bulgar wheat,whole wheat pita bread, whole wheat penne, whole wheat lasagna noodles, white whole wheat flour, whole wheat pastry flour, wheat bran, whole wheat breadcrumbs, whole wheat spaghetti, whole wheat couscous, buckwheat groats, whole wheat pita bread, stone ground whole wheat flour']"
252303,vegan seitan gyro w  cucumber sauce,"soy yogurt, cucumber, lemon juice, dried dill weed, salt, fresh ground pepper, turbinado sugar, seitan, vegetable oil, garlic cloves, cumin, oregano, cinnamon, nutmeg, cayenne pepper, salt & freshly ground black pepper, tomatoes, onion, lettuce, pita bread",begins,7,"[' bacon bits, pineapple tidbits, hormel real bacon bits, fresh garlic, garlic, garlic clove, garlic cloves, garlic powder, minced garlic cloves, fresh garlic cloves, garlic granules, garlic salt, granulated garlic, chili-garlic sauce, garlic paste, ginger-garlic paste,garlic clove, cream cheese with garlic and herbs, bulbs of garlic,garlic, garlic pepper seasoning, chili paste with garlic,garlic cloves, diced tomatoes with basil and garlic, garlic chives, garlic sauce, minced garlic clove, bulb of garlic, roasted garlic, head of garlic, garlic-flavored olive oil, garlic sea salt, garlic juice, garlic bread, garlic seasoning, fresh garlic clove, garlic oil, tomatoes with garlic,garlic powder, garlic and red chile paste,chile sauce with garlic, garlic heads, roasted garlic cloves, garlic-flavored croutons, seitan,seitan']"
252303,vegan seitan gyro w  cucumber sauce,"soy yogurt, cucumber, lemon juice, dried dill weed, salt, fresh ground pepper, turbinado sugar, seitan, vegetable oil, garlic cloves, cumin, oregano, cinnamon, nutmeg, cayenne pepper, salt & freshly ground black pepper, tomatoes, onion, lettuce, pita bread",brown,7,"[' bacon bits, pineapple tidbits, hormel real bacon bits, fresh garlic, garlic, garlic clove, garlic cloves, garlic powder, minced garlic cloves, fresh garlic cloves, garlic granules, garlic salt, granulated garlic, chili-garlic sauce, garlic paste, ginger-garlic paste,garlic clove, cream cheese with garlic and herbs, bulbs of garlic,garlic, garlic pepper seasoning, chili paste with garlic,garlic cloves, diced tomatoes with basil and garlic, garlic chives, garlic sauce, minced garlic clove, bulb of garlic, roasted garlic, head of garlic, garlic-flavored olive oil, garlic sea salt, garlic juice, garlic bread, garlic seasoning, fresh garlic clove, garlic oil, tomatoes with garlic,garlic powder, garlic and red chile paste,chile sauce with garlic, garlic heads, roasted garlic cloves, garlic-flavored croutons, seitan,seitan']"
252303,vegan seitan gyro w  cucumber sauce,"soy yogurt, cucumber, lemon juice, dried dill weed, salt, fresh ground pepper, turbinado sugar, seitan, vegetable oil, garlic cloves, cumin, oregano, cinnamon, nutmeg, cayenne pepper, salt & freshly ground black pepper, tomatoes, onion, lettuce, pita bread",is,9,"[' seitan,seitan']"
252303,vegan seitan gyro w  cucumber sauce,"soy yogurt, cucumber, lemon juice, dried dill weed, salt, fresh ground pepper, turbinado sugar, seitan, vegetable oil, garlic cloves, cumin, oregano, cinnamon, nutmeg, cayenne pepper, salt & freshly ground black pepper, tomatoes, onion, lettuce, pita bread",turn,10,"[' buckwheat flour, whole wheat flour,whole wheat flour, wheat germ,buckwheat flour, bulgur wheat, whole wheat bread crumbs, whole wheat hamburger buns, wheat, whole wheat pasta, whole wheat angel hair pasta, whole wheat bread,whole wheat tortillas, wheat flour,wheat berries, whole wheat crackers,whole wheat macaroni, whole grain wheat flour,wheat flour, bulgar wheat,whole wheat pita bread, whole wheat penne, whole wheat lasagna noodles, white whole wheat flour, whole wheat pastry flour, wheat bran, whole wheat breadcrumbs, whole wheat spaghetti, whole wheat couscous, buckwheat groats, whole wheat pita bread, stone ground whole wheat flour']"
252303,vegan seitan gyro w  cucumber sauce,"soy yogurt, cucumber, lemon juice, dried dill weed, salt, fresh ground pepper, turbinado sugar, seitan, vegetable oil, garlic cloves, cumin, oregano, cinnamon, nutmeg, cayenne pepper, salt & freshly ground black pepper, tomatoes, onion, lettuce, pita bread",assemble,11,"['sandwich bread, sandwich buns, sandwich bread,romaine lettuce, lettuce, iceberg lettuce, romaine lettuce, bibb lettuce, romaine lettuce hearts, lettuce leaves, green leaf lettuce, romaine lettuce leaf, red leaf lettuce, lettuce cup, boston lettuce, butter lettuce leaves,iceberg lettuce, chicory lettuce,red leaf lettuce, butter lettuce leaf, lettuce leaf,lettuce, cos lettuce, gem lettuce, head iceberg lettuce,romaine lettuce hearts,butterhead lettuce, tomatoes, crushed tomatoes, crushed tomatoes in puree, roma tomatoes, whole tomatoes, cherry tomatoes, diced tomatoes, diced tomatoes with juice, chopped tomatoes,tomatoes, grape tomatoes, sun-dried tomatoes, plum tomatoes, canned tomatoes, italian-style diced tomatoes, fresh tomatoes, canned stewed tomatoes, italian-style tomatoes, whole canned tomatoes, stewed tomatoes, tomatoes with juice, rotel tomatoes,roma tomatoes, diced tomatoes with basil and garlic, ro-tel tomatoes,green tomatoes, diced tomatoes with mild green chilies, italian plum tomatoes, fire-roasted tomatoes, diced tomatoes with green chilies, yellow cherry tomatoes,crushed tomatoes, green tomatoes, italian tomatoes, sun-dried tomatoes packed in oil, san marzano tomatoes, green cherry tomatoes, rotel tomatoes & chilies, canned plum tomatoes,diced tomatoes, diced tomatoes in tomato puree, tomatoes with jalapeno peppers,chopped tomatoes,sun-dried tomatoes, no-salt-added diced tomatoes, heirloom tomatoes, tomatoes with garlic, tomatoes and green chilies, no-salt-added whole tomatoes, diced tomatoes with jalapenos, beefsteak tomatoes, rotel diced tomatoes, diced fire-roasted tomatoes, yellow tomatoes, sweet onions, red onions, brown onions, onions,yellow onions, yellow onions, green onions, white onions, spring onions,onions, white pearl onions, diced onions, ""frenchs french fried onions"", frozen pearl onions, french-fried onions, green onions with top, baby onions, frozen small whole onions, vidalia onions,green onions,diced onions, fried onions, green onions with tops, maui onions, texas sweet onions, seitan,seitan, seedless european cucumber, cucumber, cucumbers, seedless cucumber,cucumbers, english cucumber, english cucumbers, lemon cucumber,kirby cucumbers, cucumber relish, soy sauce, tomato sauce, a.1. original sauce, worcestershire sauce, adobo sauce, spaghetti sauce, thai sweet chili sauce, sriracha sauce, tabasco sauce, picante sauce, pesto sauce, tamari soy sauce, applesauce, hot sauce,spaghetti sauce, hot pepper sauce, hoisin sauce, oyster sauce, reduced sodium soy sauce, low sodium soy sauce, chili-garlic sauce, fish sauce, sweet chili sauce, teriyaki sauce, dark soy sauce, barbecue sauce, soya sauce, red chili sauce, chili sauce,hoisin sauce, sweet soy sauce, vegetarian oyster sauce, light soy sauce, pizza sauce, cranberry sauce, horseradish sauce, ""franks red hot sauce"", remoulade sauce, liquid hot pepper sauce, pasta sauce, sweet and sour sauce,soya sauce, spaghetti sauce with meat, hollandaise sauce mix, louisiana hot sauce, garlic sauce, green enchilada sauce,soy sauce, red enchilada sauce, pickapeppa sauce, bearnaise sauce mix, seafood cocktail sauce, dark soya sauce, alfredo sauce, cayenne pepper sauce, maggi seasoning sauce, unsweetened applesauce, thai fish sauce,reduced sodium soy sauce, steak sauce,light soy sauce, browning sauce, plum sauce, hunts tomato sauce, tomato and basil pasta sauce, marinara sauce, pork and beans in tomato sauce, three-cheese pasta sauce, ponzu sauce, habanero sauce, ragu tomato sauce, peanut sauce, tabasco brand chipotle pepper sauce, brown bean sauce, szechwan chili sauce, lea & perrins worcestershire sauce,teriyaki sauce, hot red pepper sauce, pinto beans in chili sauce, rag pasta sauce, chinese chili sauce,pesto sauce, curry sauce, bechamel sauce, mint sauce, canned tomato sauce,tomato sauce, yellow bean sauce,fish sauce, caramel sauce, hot chili sauce,chile sauce with garlic, white wine worcestershire sauce, black bean sauce']"
252303,vegan seitan gyro w  cucumber sauce,"soy yogurt, cucumber, lemon juice, dried dill weed, salt, fresh ground pepper, turbinado sugar, seitan, vegetable oil, garlic cloves, cumin, oregano, cinnamon, nutmeg, cayenne pepper, salt & freshly ground black pepper, tomatoes, onion, lettuce, pita bread",shredded,11,"['sandwich bread, sandwich buns, sandwich bread,romaine lettuce, lettuce, iceberg lettuce, romaine lettuce, bibb lettuce, romaine lettuce hearts, lettuce leaves, green leaf lettuce, romaine lettuce leaf, red leaf lettuce, lettuce cup, boston lettuce, butter lettuce leaves,iceberg lettuce, chicory lettuce,red leaf lettuce, butter lettuce leaf, lettuce leaf,lettuce, cos lettuce, gem lettuce, head iceberg lettuce,romaine lettuce hearts,butterhead lettuce, tomatoes, crushed tomatoes, crushed tomatoes in puree, roma tomatoes, whole tomatoes, cherry tomatoes, diced tomatoes, diced tomatoes with juice, chopped tomatoes,tomatoes, grape tomatoes, sun-dried tomatoes, plum tomatoes, canned tomatoes, italian-style diced tomatoes, fresh tomatoes, canned stewed tomatoes, italian-style tomatoes, whole canned tomatoes, stewed tomatoes, tomatoes with juice, rotel tomatoes,roma tomatoes, diced tomatoes with basil and garlic, ro-tel tomatoes,green tomatoes, diced tomatoes with mild green chilies, italian plum tomatoes, fire-roasted tomatoes, diced tomatoes with green chilies, yellow cherry tomatoes,crushed tomatoes, green tomatoes, italian tomatoes, sun-dried tomatoes packed in oil, san marzano tomatoes, green cherry tomatoes, rotel tomatoes & chilies, canned plum tomatoes,diced tomatoes, diced tomatoes in tomato puree, tomatoes with jalapeno peppers,chopped tomatoes,sun-dried tomatoes, no-salt-added diced tomatoes, heirloom tomatoes, tomatoes with garlic, tomatoes and green chilies, no-salt-added whole tomatoes, diced tomatoes with jalapenos, beefsteak tomatoes, rotel diced tomatoes, diced fire-roasted tomatoes, yellow tomatoes, sweet onions, red onions, brown onions, onions,yellow onions, yellow onions, green onions, white onions, spring onions,onions, white pearl onions, diced onions, ""frenchs french fried onions"", frozen pearl onions, french-fried onions, green onions with top, baby onions, frozen small whole onions, vidalia onions,green onions,diced onions, fried onions, green onions with tops, maui onions, texas sweet onions, seitan,seitan, seedless european cucumber, cucumber, cucumbers, seedless cucumber,cucumbers, english cucumber, english cucumbers, lemon cucumber,kirby cucumbers, cucumber relish, soy sauce, tomato sauce, a.1. original sauce, worcestershire sauce, adobo sauce, spaghetti sauce, thai sweet chili sauce, sriracha sauce, tabasco sauce, picante sauce, pesto sauce, tamari soy sauce, applesauce, hot sauce,spaghetti sauce, hot pepper sauce, hoisin sauce, oyster sauce, reduced sodium soy sauce, low sodium soy sauce, chili-garlic sauce, fish sauce, sweet chili sauce, teriyaki sauce, dark soy sauce, barbecue sauce, soya sauce, red chili sauce, chili sauce,hoisin sauce, sweet soy sauce, vegetarian oyster sauce, light soy sauce, pizza sauce, cranberry sauce, horseradish sauce, ""franks red hot sauce"", remoulade sauce, liquid hot pepper sauce, pasta sauce, sweet and sour sauce,soya sauce, spaghetti sauce with meat, hollandaise sauce mix, louisiana hot sauce, garlic sauce, green enchilada sauce,soy sauce, red enchilada sauce, pickapeppa sauce, bearnaise sauce mix, seafood cocktail sauce, dark soya sauce, alfredo sauce, cayenne pepper sauce, maggi seasoning sauce, unsweetened applesauce, thai fish sauce,reduced sodium soy sauce, steak sauce,light soy sauce, browning sauce, plum sauce, hunts tomato sauce, tomato and basil pasta sauce, marinara sauce, pork and beans in tomato sauce, three-cheese pasta sauce, ponzu sauce, habanero sauce, ragu tomato sauce, peanut sauce, tabasco brand chipotle pepper sauce, brown bean sauce, szechwan chili sauce, lea & perrins worcestershire sauce,teriyaki sauce, hot red pepper sauce, pinto beans in chili sauce, rag pasta sauce, chinese chili sauce,pesto sauce, curry sauce, bechamel sauce, mint sauce, canned tomato sauce,tomato sauce, yellow bean sauce,fish sauce, caramel sauce, hot chili sauce,chile sauce with garlic, white wine worcestershire sauce, black bean sauce']"
252303,vegan seitan gyro w  cucumber sauce,"soy yogurt, cucumber, lemon juice, dried dill weed, salt, fresh ground pepper, turbinado sugar, seitan, vegetable oil, garlic cloves, cumin, oregano, cinnamon, nutmeg, cayenne pepper, salt & freshly ground black pepper, tomatoes, onion, lettuce, pita bread",diced,11,"['sandwich bread, sandwich buns, sandwich bread,romaine lettuce, lettuce, iceberg lettuce, romaine lettuce, bibb lettuce, romaine lettuce hearts, lettuce leaves, green leaf lettuce, romaine lettuce leaf, red leaf lettuce, lettuce cup, boston lettuce, butter lettuce leaves,iceberg lettuce, chicory lettuce,red leaf lettuce, butter lettuce leaf, lettuce leaf,lettuce, cos lettuce, gem lettuce, head iceberg lettuce,romaine lettuce hearts,butterhead lettuce, tomatoes, crushed tomatoes, crushed tomatoes in puree, roma tomatoes, whole tomatoes, cherry tomatoes, diced tomatoes, diced tomatoes with juice, chopped tomatoes,tomatoes, grape tomatoes, sun-dried tomatoes, plum tomatoes, canned tomatoes, italian-style diced tomatoes, fresh tomatoes, canned stewed tomatoes, italian-style tomatoes, whole canned tomatoes, stewed tomatoes, tomatoes with juice, rotel tomatoes,roma tomatoes, diced tomatoes with basil and garlic, ro-tel tomatoes,green tomatoes, diced tomatoes with mild green chilies, italian plum tomatoes, fire-roasted tomatoes, diced tomatoes with green chilies, yellow cherry tomatoes,crushed tomatoes, green tomatoes, italian tomatoes, sun-dried tomatoes packed in oil, san marzano tomatoes, green cherry tomatoes, rotel tomatoes & chilies, canned plum tomatoes,diced tomatoes, diced tomatoes in tomato puree, tomatoes with jalapeno peppers,chopped tomatoes,sun-dried tomatoes, no-salt-added diced tomatoes, heirloom tomatoes, tomatoes with garlic, tomatoes and green chilies, no-salt-added whole tomatoes, diced tomatoes with jalapenos, beefsteak tomatoes, rotel diced tomatoes, diced fire-roasted tomatoes, yellow tomatoes, sweet onions, red onions, brown onions, onions,yellow onions, yellow onions, green onions, white onions, spring onions,onions, white pearl onions, diced onions, ""frenchs french fried onions"", frozen pearl onions, french-fried onions, green onions with top, baby onions, frozen small whole onions, vidalia onions,green onions,diced onions, fried onions, green onions with tops, maui onions, texas sweet onions, seitan,seitan, seedless european cucumber, cucumber, cucumbers, seedless cucumber,cucumbers, english cucumber, english cucumbers, lemon cucumber,kirby cucumbers, cucumber relish, soy sauce, tomato sauce, a.1. original sauce, worcestershire sauce, adobo sauce, spaghetti sauce, thai sweet chili sauce, sriracha sauce, tabasco sauce, picante sauce, pesto sauce, tamari soy sauce, applesauce, hot sauce,spaghetti sauce, hot pepper sauce, hoisin sauce, oyster sauce, reduced sodium soy sauce, low sodium soy sauce, chili-garlic sauce, fish sauce, sweet chili sauce, teriyaki sauce, dark soy sauce, barbecue sauce, soya sauce, red chili sauce, chili sauce,hoisin sauce, sweet soy sauce, vegetarian oyster sauce, light soy sauce, pizza sauce, cranberry sauce, horseradish sauce, ""franks red hot sauce"", remoulade sauce, liquid hot pepper sauce, pasta sauce, sweet and sour sauce,soya sauce, spaghetti sauce with meat, hollandaise sauce mix, louisiana hot sauce, garlic sauce, green enchilada sauce,soy sauce, red enchilada sauce, pickapeppa sauce, bearnaise sauce mix, seafood cocktail sauce, dark soya sauce, alfredo sauce, cayenne pepper sauce, maggi seasoning sauce, unsweetened applesauce, thai fish sauce,reduced sodium soy sauce, steak sauce,light soy sauce, browning sauce, plum sauce, hunts tomato sauce, tomato and basil pasta sauce, marinara sauce, pork and beans in tomato sauce, three-cheese pasta sauce, ponzu sauce, habanero sauce, ragu tomato sauce, peanut sauce, tabasco brand chipotle pepper sauce, brown bean sauce, szechwan chili sauce, lea & perrins worcestershire sauce,teriyaki sauce, hot red pepper sauce, pinto beans in chili sauce, rag pasta sauce, chinese chili sauce,pesto sauce, curry sauce, bechamel sauce, mint sauce, canned tomato sauce,tomato sauce, yellow bean sauce,fish sauce, caramel sauce, hot chili sauce,chile sauce with garlic, white wine worcestershire sauce, black bean sauce']"
252303,vegan seitan gyro w  cucumber sauce,"soy yogurt, cucumber, lemon juice, dried dill weed, salt, fresh ground pepper, turbinado sugar, seitan, vegetable oil, garlic cloves, cumin, oregano, cinnamon, nutmeg, cayenne pepper, salt & freshly ground black pepper, tomatoes, onion, lettuce, pita bread",cooked,11,"['sandwich bread, sandwich buns, sandwich bread,romaine lettuce, lettuce, iceberg lettuce, romaine lettuce, bibb lettuce, romaine lettuce hearts, lettuce leaves, green leaf lettuce, romaine lettuce leaf, red leaf lettuce, lettuce cup, boston lettuce, butter lettuce leaves,iceberg lettuce, chicory lettuce,red leaf lettuce, butter lettuce leaf, lettuce leaf,lettuce, cos lettuce, gem lettuce, head iceberg lettuce,romaine lettuce hearts,butterhead lettuce, tomatoes, crushed tomatoes, crushed tomatoes in puree, roma tomatoes, whole tomatoes, cherry tomatoes, diced tomatoes, diced tomatoes with juice, chopped tomatoes,tomatoes, grape tomatoes, sun-dried tomatoes, plum tomatoes, canned tomatoes, italian-style diced tomatoes, fresh tomatoes, canned stewed tomatoes, italian-style tomatoes, whole canned tomatoes, stewed tomatoes, tomatoes with juice, rotel tomatoes,roma tomatoes, diced tomatoes with basil and garlic, ro-tel tomatoes,green tomatoes, diced tomatoes with mild green chilies, italian plum tomatoes, fire-roasted tomatoes, diced tomatoes with green chilies, yellow cherry tomatoes,crushed tomatoes, green tomatoes, italian tomatoes, sun-dried tomatoes packed in oil, san marzano tomatoes, green cherry tomatoes, rotel tomatoes & chilies, canned plum tomatoes,diced tomatoes, diced tomatoes in tomato puree, tomatoes with jalapeno peppers,chopped tomatoes,sun-dried tomatoes, no-salt-added diced tomatoes, heirloom tomatoes, tomatoes with garlic, tomatoes and green chilies, no-salt-added whole tomatoes, diced tomatoes with jalapenos, beefsteak tomatoes, rotel diced tomatoes, diced fire-roasted tomatoes, yellow tomatoes, sweet onions, red onions, brown onions, onions,yellow onions, yellow onions, green onions, white onions, spring onions,onions, white pearl onions, diced onions, ""frenchs french fried onions"", frozen pearl onions, french-fried onions, green onions with top, baby onions, frozen small whole onions, vidalia onions,green onions,diced onions, fried onions, green onions with tops, maui onions, texas sweet onions, seitan,seitan, seedless european cucumber, cucumber, cucumbers, seedless cucumber,cucumbers, english cucumber, english cucumbers, lemon cucumber,kirby cucumbers, cucumber relish, soy sauce, tomato sauce, a.1. original sauce, worcestershire sauce, adobo sauce, spaghetti sauce, thai sweet chili sauce, sriracha sauce, tabasco sauce, picante sauce, pesto sauce, tamari soy sauce, applesauce, hot sauce,spaghetti sauce, hot pepper sauce, hoisin sauce, oyster sauce, reduced sodium soy sauce, low sodium soy sauce, chili-garlic sauce, fish sauce, sweet chili sauce, teriyaki sauce, dark soy sauce, barbecue sauce, soya sauce, red chili sauce, chili sauce,hoisin sauce, sweet soy sauce, vegetarian oyster sauce, light soy sauce, pizza sauce, cranberry sauce, horseradish sauce, ""franks red hot sauce"", remoulade sauce, liquid hot pepper sauce, pasta sauce, sweet and sour sauce,soya sauce, spaghetti sauce with meat, hollandaise sauce mix, louisiana hot sauce, garlic sauce, green enchilada sauce,soy sauce, red enchilada sauce, pickapeppa sauce, bearnaise sauce mix, seafood cocktail sauce, dark soya sauce, alfredo sauce, cayenne pepper sauce, maggi seasoning sauce, unsweetened applesauce, thai fish sauce,reduced sodium soy sauce, steak sauce,light soy sauce, browning sauce, plum sauce, hunts tomato sauce, tomato and basil pasta sauce, marinara sauce, pork and beans in tomato sauce, three-cheese pasta sauce, ponzu sauce, habanero sauce, ragu tomato sauce, peanut sauce, tabasco brand chipotle pepper sauce, brown bean sauce, szechwan chili sauce, lea & perrins worcestershire sauce,teriyaki sauce, hot red pepper sauce, pinto beans in chili sauce, rag pasta sauce, chinese chili sauce,pesto sauce, curry sauce, bechamel sauce, mint sauce, canned tomato sauce,tomato sauce, yellow bean sauce,fish sauce, caramel sauce, hot chili sauce,chile sauce with garlic, white wine worcestershire sauce, black bean sauce']"
252303,vegan seitan gyro w  cucumber sauce,"soy yogurt, cucumber, lemon juice, dried dill weed, salt, fresh ground pepper, turbinado sugar, seitan, vegetable oil, garlic cloves, cumin, oregano, cinnamon, nutmeg, cayenne pepper, salt & freshly ground black pepper, tomatoes, onion, lettuce, pita bread",eat,12,{}
252303,vegan seitan gyro w  cucumber sauce,"soy yogurt, cucumber, lemon juice, dried dill weed, salt, fresh ground pepper, turbinado sugar, seitan, vegetable oil, garlic cloves, cumin, oregano, cinnamon, nutmeg, cayenne pepper, salt & freshly ground black pepper, tomatoes, onion, lettuce, pita bread",fold,12,{}
252303,vegan seitan gyro w  cucumber sauce,"soy yogurt, cucumber, lemon juice, dried dill weed, salt, fresh ground pepper, turbinado sugar, seitan, vegetable oil, garlic cloves, cumin, oregano, cinnamon, nutmeg, cayenne pepper, salt & freshly ground black pepper, tomatoes, onion, lettuce, pita bread",hold,12,{}
