Id,Name,AllIngredients,Verbs,Steps,Ingredient
268510,sri lankan chicken curry  kukul mas curry,"chicken breasts, ghee, fenugreek seeds, curry leaves, onions, garlic cloves, fresh ginger, ground turmeric, chili powder, ground coriander, ground cumin, ground fennel, paprika, salt, vinegar, chopped tomatoes, cardamom pods, cinnamon, lemongrass, coconut milk",heat,1,{}
268510,sri lankan chicken curry  kukul mas curry,"chicken breasts, ghee, fenugreek seeds, curry leaves, onions, garlic cloves, fresh ginger, ground turmeric, chili powder, ground coriander, ground cumin, ground fennel, paprika, salt, vinegar, chopped tomatoes, cardamom pods, cinnamon, lemongrass, coconut milk",fry,1,"[' ghee,ghee, panko breadcrumbs, campanelle pasta, pancetta, spanish onion, spanish olives with pimento, panir,pancetta,panir,pancakes, japanese eggplants, japanese-style bread crumbs, spanish olives,spanish onion, pan dripping, japanese eggplant, marzipan carrots, spanish rice, pan juices,spanish chorizo, ground fenugreek, fenugreek seeds, dried fenugreek leaves, fenugreek leaves, curry powder, dried curry leaves, curry leaves, madras curry powder, curry paste, mild curry powder, curry leaf, mild curry paste, curry, red curry paste,curry powder, thai curry paste, thai red curry paste, green curry paste, curry sauce, fresh cilantro leaves, fresh parsley leaves, dried rosemary leaves, dried basil leaves, dried oregano leaves, dried thyme leaves, thyme leaves, dry thyme leaves, oregano leaves, basil leaves, coriander leaves, bay leaves, mint leaves, cilantro leaves, arugula leaves, fresh basil leaves, fresh mint leaves, fresh lime leaves, fresh thyme leaves, fresh coriander leaves, sage leaves, fresh rosemary leaves,bay leaves, lettuce leaves, spinach leaves, fresh bay leaves, fresh spinach leaves, dried sweet basil leaves, kaffir lime leaves, butter lettuce leaves, fennel leaves, fresh dill leaves,grape leaves, baby spinach leaves, fresh sage leaves, grape leaves,green tea leaves, chard leaves, fresh tarragon leaves, watercress leaves, dried bay leaves, kale leaves, cabbage leaves, celery leaves, celery & leaves, romaine leaves, epazote leaves, plantain leaves,fresh cilantro leaves, dry basil leaves, methi leaves']"
268510,sri lankan chicken curry  kukul mas curry,"chicken breasts, ghee, fenugreek seeds, curry leaves, onions, garlic cloves, fresh ginger, ground turmeric, chili powder, ground coriander, ground cumin, ground fennel, paprika, salt, vinegar, chopped tomatoes, cardamom pods, cinnamon, lemongrass, coconut milk",fry,2,"[' sweet onions, red onions, brown onions, onions,yellow onions, yellow onions, green onions, white onions, spring onions,onions, white pearl onions, diced onions, ""frenchs french fried onions"", frozen pearl onions, french-fried onions, green onions with top, baby onions, frozen small whole onions, vidalia onions,green onions,diced onions, fried onions, green onions with tops, maui onions, fresh garlic, garlic, garlic clove, garlic cloves, garlic powder, minced garlic cloves, fresh garlic cloves, garlic granules, garlic salt, granulated garlic, chili-garlic sauce, garlic paste, ginger-garlic paste,garlic clove, cream cheese with garlic and herbs, bulbs of garlic,garlic, garlic pepper seasoning, chili paste with garlic,garlic cloves, diced tomatoes with basil and garlic, garlic chives, garlic sauce, minced garlic clove, bulb of garlic, roasted garlic, head of garlic, garlic-flavored olive oil, garlic sea salt, garlic juice, garlic bread, garlic seasoning, fresh garlic clove, garlic oil, tomatoes with garlic,garlic powder, garlic and red chile paste,chile sauce with garlic, fresh ginger, ginger, ground ginger, candied ginger,fresh ginger, minced ginger, crystallized ginger, ginger paste, ginger powder, gingerroot, fresh gingerroot, powdered ginger, ginger juice,gingerroot, dried ginger, ginger ale,ginger, gingersnap cookie']"
268510,sri lankan chicken curry  kukul mas curry,"chicken breasts, ghee, fenugreek seeds, curry leaves, onions, garlic cloves, fresh ginger, ground turmeric, chili powder, ground coriander, ground cumin, ground fennel, paprika, salt, vinegar, chopped tomatoes, cardamom pods, cinnamon, lemongrass, coconut milk",start,1,"[' ghee,ghee, panko breadcrumbs, campanelle pasta, pancetta, spanish onion, spanish olives with pimento, panir,pancetta,panir,pancakes, japanese eggplants, japanese-style bread crumbs, spanish olives,spanish onion, pan dripping, japanese eggplant, marzipan carrots, spanish rice, pan juices,spanish chorizo, ground fenugreek, fenugreek seeds, dried fenugreek leaves, fenugreek leaves, curry powder, dried curry leaves, curry leaves, madras curry powder, curry paste, mild curry powder, curry leaf, mild curry paste, curry, red curry paste,curry powder, thai curry paste, thai red curry paste, green curry paste, curry sauce, fresh cilantro leaves, fresh parsley leaves, dried rosemary leaves, dried basil leaves, dried oregano leaves, dried thyme leaves, thyme leaves, dry thyme leaves, oregano leaves, basil leaves, coriander leaves, bay leaves, mint leaves, cilantro leaves, arugula leaves, fresh basil leaves, fresh mint leaves, fresh lime leaves, fresh thyme leaves, fresh coriander leaves, sage leaves, fresh rosemary leaves,bay leaves, lettuce leaves, spinach leaves, fresh bay leaves, fresh spinach leaves, dried sweet basil leaves, kaffir lime leaves, butter lettuce leaves, fennel leaves, fresh dill leaves,grape leaves, baby spinach leaves, fresh sage leaves, grape leaves,green tea leaves, chard leaves, fresh tarragon leaves, watercress leaves, dried bay leaves, kale leaves, cabbage leaves, celery leaves, celery & leaves, romaine leaves, epazote leaves, plantain leaves,fresh cilantro leaves, dry basil leaves, methi leaves']"
268510,sri lankan chicken curry  kukul mas curry,"chicken breasts, ghee, fenugreek seeds, curry leaves, onions, garlic cloves, fresh ginger, ground turmeric, chili powder, ground coriander, ground cumin, ground fennel, paprika, salt, vinegar, chopped tomatoes, cardamom pods, cinnamon, lemongrass, coconut milk",add,2,"[' sweet onions, red onions, brown onions, onions,yellow onions, yellow onions, green onions, white onions, spring onions,onions, white pearl onions, diced onions, ""frenchs french fried onions"", frozen pearl onions, french-fried onions, green onions with top, baby onions, frozen small whole onions, vidalia onions,green onions,diced onions, fried onions, green onions with tops, maui onions, fresh garlic, garlic, garlic clove, garlic cloves, garlic powder, minced garlic cloves, fresh garlic cloves, garlic granules, garlic salt, granulated garlic, chili-garlic sauce, garlic paste, ginger-garlic paste,garlic clove, cream cheese with garlic and herbs, bulbs of garlic,garlic, garlic pepper seasoning, chili paste with garlic,garlic cloves, diced tomatoes with basil and garlic, garlic chives, garlic sauce, minced garlic clove, bulb of garlic, roasted garlic, head of garlic, garlic-flavored olive oil, garlic sea salt, garlic juice, garlic bread, garlic seasoning, fresh garlic clove, garlic oil, tomatoes with garlic,garlic powder, garlic and red chile paste,chile sauce with garlic, fresh ginger, ginger, ground ginger, candied ginger,fresh ginger, minced ginger, crystallized ginger, ginger paste, ginger powder, gingerroot, fresh gingerroot, powdered ginger, ginger juice,gingerroot, dried ginger, ginger ale,ginger, gingersnap cookie']"
268510,sri lankan chicken curry  kukul mas curry,"chicken breasts, ghee, fenugreek seeds, curry leaves, onions, garlic cloves, fresh ginger, ground turmeric, chili powder, ground coriander, ground cumin, ground fennel, paprika, salt, vinegar, chopped tomatoes, cardamom pods, cinnamon, lemongrass, coconut milk",add,3,"[' ground turmeric, turmeric, turmeric powder, fresh turmeric,turmeric, ground coriander, coriander, coriander leaves, coriander seeds, coriander seed, coriander powder, coriander sprigs, fresh coriander leaves, fresh coriander, dried coriander,coriander seed, coriander root,ground coriander,coriander seeds, whole coriander seeds, whole coriander seed,coriander powder, fennel seed, fennel seeds, fennel, fennel bulb, fennel bulbs, fennel leaves, ground fennel,fennel seeds, dried fennel, smoked paprika, sweet paprika, paprika, hungarian paprika,sweet paprika, ground paprika,paprika, hot paprika, sweet hungarian paprika, salt, salt and pepper, unsalted butter,salt, salt & freshly ground black pepper,unsalted butter, kosher salt, coarse salt, seasoning salt, sea salt, salted peanuts, salt & pepper,kosher salt, garlic salt, celery salt, kosher salt & freshly ground black pepper, coarse sea salt, no-salt-added corn, salt and black pepper,sea salt,coarse salt, onion salt, salted butter, saltine crackers, unsalted cashews, salt & fresh ground pepper, fine sea salt, table salt, unsalted dry roasted peanuts, unsalted peanuts, ""lawrys seasoned salt"",salt cod fish, black salt, saltines, flaked sea salt, garlic sea salt, iodized salt, unsalted chicken stock, salted almond, no-added-salt tomato paste, saltine, rock salt, salt pork, no-salt-added diced tomatoes, jalapeno seasoning salt, salt-free cream-style corn, no-salt-added whole tomatoes,unsalted dry roasted peanuts, season salt, white vinegar, sherry wine vinegar, cider vinegar, red wine vinegar, balsamic vinegar, apple cider vinegar, white wine vinegar, champagne vinegar,balsamic vinegar,sherry wine vinegar, vinegar, rice vinegar, rice wine vinegar, distilled white vinegar,rice wine vinegar, seasoned rice vinegar, chinese red vinegar,apple cider vinegar, tarragon vinegar, seasoned rice wine vinegar, malt vinegar,rice vinegar,red wine vinegar, white balsamic vinegar,white vinegar, oil-and-vinegar dressing, wine vinegar,white wine vinegar']"
268510,sri lankan chicken curry  kukul mas curry,"chicken breasts, ghee, fenugreek seeds, curry leaves, onions, garlic cloves, fresh ginger, ground turmeric, chili powder, ground coriander, ground cumin, ground fennel, paprika, salt, vinegar, chopped tomatoes, cardamom pods, cinnamon, lemongrass, coconut milk",add,5,"['boneless skinless chicken breasts, chicken broth,chicken breasts, chicken stock, chicken thigh fillet, chicken bouillon cube,chicken thighs, chicken stock cube, reduced-sodium chicken broth, cooked chicken breasts, boneless chicken,boneless chicken breasts, chicken thighs, low-fat chicken broth, chicken, boneless chicken thighs, boneless skinless chicken breasts, cream of chicken soup, organic free range fat free chicken broth, boneless skinless chicken thighs, cooked chicken,chicken broth, boneless skinless chicken breast halves, ground chicken,skinless chicken thighs,chicken tenders,chicken, chicken bouillon cubes,chicken breast halves, chicken base,skinless chicken breasts, low sodium chicken broth, chicken legs, chicken breasts, chicken livers, chicken-flavored ramen noodles, skinless chicken thighs, chicken stock powder, boneless chicken breasts,chicken wings,boneless chicken thighs, boneless chicken breast halves, roasting chickens, chicken giblets, homemade chicken stock,cooked chicken,boneless chicken breast, chicken bouillon, chicken breast,boneless skinless chicken breast, rich chicken broth,chicken breast, cooked chicken breast,skinless chicken breast, skinless chicken leg quarters,boneless skinless chicken breast halves, rotisserie-cooked chicken, boneless skinless chicken legs, skinless chicken breast half, whole chicken breasts,skinless chicken piece,skinless chicken drumsticks, chicken tenders,skinless chicken,chicken stock, skinless chicken breast,chicken fillets,chicken pieces,whole chicken,chicken piece, chicken breast fillets,ground chicken,whole chickens, boneless skinless chicken,boneless skinless chicken thighs,boneless chicken,swanson chicken broth, reduced-sodium fat-free chicken broth,roasting chickens, chicken legs-thighs, grilled chicken breast, chicken drumsticks, skinless chicken legs, chicken stock cubes, fat-free chicken broth,whole chicken breasts, chicken wings, vegetarian chicken pieces,chicken breast fillets,chicken legs, condensed cream of chicken soup, fat-free low-sodium chicken broth, chicken breast halves, instant chicken bouillon, chicken parts,whole boneless skinless chicken breasts, white chicken meat, boneless skinless chicken breast, low-sodium chicken stock,chicken tenderloins, grilled chicken,dark chicken meat, instant chicken bouillon granules, cooked chicken breast halves, boneless chicken breast,chicken drumsticks, skinless chicken, ""campbells cream of chicken soup"", chicken pieces, unsalted chicken stock, chicken thigh fillets, chicken bouillon granule, free-range chicken,skinless chicken pieces, chicken fat, chicken strips, hot chicken broth, canned chicken broth, whole chicken, whole chickens,rotisserie-cooked chicken, skinless chicken breasts,chicken thigh fillets, fat free chicken broth, chicken breast tenders, chicken bouillon powder,roasting chicken, boneless skinless smoked chicken breasts, grilled chicken breasts, chicken thigh,chicken breast fillet, buckwheat flour, whole wheat flour,whole wheat flour, wheat germ,buckwheat flour, bulgur wheat, whole wheat bread crumbs, whole wheat hamburger buns, wheat, whole wheat pasta, whole wheat angel hair pasta, whole wheat bread,whole wheat tortillas, wheat flour,wheat berries, whole wheat crackers,whole wheat macaroni, whole grain wheat flour,wheat flour, bulgar wheat,whole wheat pita bread, whole wheat penne, whole wheat lasagna noodles, white whole wheat flour, whole wheat pastry flour, wheat bran, whole wheat breadcrumbs, whole wheat spaghetti, pickling spices, cajun spices, spices, italian spices']"
268510,sri lankan chicken curry  kukul mas curry,"chicken breasts, ghee, fenugreek seeds, curry leaves, onions, garlic cloves, fresh ginger, ground turmeric, chili powder, ground coriander, ground cumin, ground fennel, paprika, salt, vinegar, chopped tomatoes, cardamom pods, cinnamon, lemongrass, coconut milk",add,6,"[' tomatoes, crushed tomatoes, crushed tomatoes in puree, roma tomatoes, whole tomatoes, cherry tomatoes, diced tomatoes, diced tomatoes with juice, chopped tomatoes,tomatoes, grape tomatoes, sun-dried tomatoes, plum tomatoes, canned tomatoes, italian-style diced tomatoes, fresh tomatoes, canned stewed tomatoes, italian-style tomatoes, whole canned tomatoes, stewed tomatoes, tomatoes with juice, rotel tomatoes,roma tomatoes, diced tomatoes with basil and garlic, ro-tel tomatoes,green tomatoes, diced tomatoes with mild green chilies, italian plum tomatoes, fire-roasted tomatoes, diced tomatoes with green chilies, yellow cherry tomatoes,crushed tomatoes, green tomatoes, italian tomatoes, sun-dried tomatoes packed in oil, san marzano tomatoes, green cherry tomatoes, rotel tomatoes & chilies, canned plum tomatoes,diced tomatoes, diced tomatoes in tomato puree, tomatoes with jalapeno peppers,chopped tomatoes,sun-dried tomatoes, no-salt-added diced tomatoes, heirloom tomatoes, tomatoes with garlic, tomatoes and green chilies, no-salt-added whole tomatoes, diced tomatoes with jalapenos, pickling spices, cajun spices, spices, italian spices, lemon zest, lemon juice, lemon peel, lemon, fresh lemon juice, lemon wedges, lemons, fresh lemon zest,lemons, lemongrass, lemon thyme, lemon twist, fresh lemongrass,lemon juice, lemon pepper seasoning, lemon extract, lemon rind, candied lemon peel, lemon wedge, preserved lemon, lemon cucumber, lemon curd, lemon pepper, lemongrass paste, dried lemon peel, lemon slices, lemon vinaigrette, powdered lemon grass, preserved lemons, frozen cherry lemonade concentrate, lemon slice, fresh lemon']"
268510,sri lankan chicken curry  kukul mas curry,"chicken breasts, ghee, fenugreek seeds, curry leaves, onions, garlic cloves, fresh ginger, ground turmeric, chili powder, ground coriander, ground cumin, ground fennel, paprika, salt, vinegar, chopped tomatoes, cardamom pods, cinnamon, lemongrass, coconut milk",add,7,"[' assorted fresh vegetables, mixed vegetables, dehydrated mixed vegetables, frozen mixed vegetables, vegetables,vegetables']"
268510,sri lankan chicken curry  kukul mas curry,"chicken breasts, ghee, fenugreek seeds, curry leaves, onions, garlic cloves, fresh ginger, ground turmeric, chili powder, ground coriander, ground cumin, ground fennel, paprika, salt, vinegar, chopped tomatoes, cardamom pods, cinnamon, lemongrass, coconut milk",add,9,"[' low-fat buttermilk, skim milk, milk, buttermilk, coconut milk, nonfat dry milk powder,skim milk,milk, reduced-fat milk, whole milk, 2% low-fat milk, coconut milk powder, unsweetened coconut milk, evaporated skim milk, evaporated milk, powdered milk, soymilk, 2% milk,buttermilk, 1% low-fat milk,whole milk, whole milk ricotta cheese,coconut milk, nonfat milk, milk chocolate chips, dry buttermilk, light coconut milk, carnation evaporated milk, low-fat milk,nonfat dry milk powder, pillsbury grands refrigerated buttermilk biscuits, sweetened condensed milk, fat-free sweetened condensed milk, low-fat coconut milk, goat milk yogurt, half and half milk, skim milk buttermilk, rice milk,almond milk, salt, salt and pepper, unsalted butter,salt, salt & freshly ground black pepper,unsalted butter, kosher salt, coarse salt, seasoning salt, sea salt, salted peanuts, salt & pepper,kosher salt, garlic salt, celery salt, kosher salt & freshly ground black pepper, coarse sea salt, no-salt-added corn, salt and black pepper,sea salt,coarse salt, onion salt, salted butter, saltine crackers, unsalted cashews, salt & fresh ground pepper, fine sea salt, table salt, unsalted dry roasted peanuts, unsalted peanuts, ""lawrys seasoned salt"",salt cod fish, black salt, saltines, flaked sea salt, garlic sea salt, iodized salt, unsalted chicken stock, salted almond, no-added-salt tomato paste, saltine, rock salt, salt pork, no-salt-added diced tomatoes, jalapeno seasoning salt, salt-free cream-style corn, no-salt-added whole tomatoes,unsalted dry roasted peanuts, season salt, lemon zest, lemon juice, lemon peel, lemon, fresh lemon juice, lemon wedges, lemons, fresh lemon zest,lemons, lemongrass, lemon thyme, lemon twist, fresh lemongrass,lemon juice, lemon pepper seasoning, lemon extract, lemon rind, candied lemon peel, lemon wedge, preserved lemon, lemon cucumber, lemon curd, lemon pepper, lemongrass paste, dried lemon peel, lemon slices, lemon vinaigrette, powdered lemon grass, preserved lemons, frozen cherry lemonade concentrate, lemon slice, fresh lemon, juice of, orange juice, lime juice, apple juice, fresh orange juice, fresh lime juice, diced tomatoes with juice, unsweetened pineapple juice, mango juice, tomato juice, pineapple juice, pineapple chunks in juice, clamato juice, juice and zest of, spicy vegetable juice, juice, tomatoes with juice, clam juice, tamarind juice, mangoes in juice, ginger juice, cherry juice, pineapple juice concentrate, bottled clam juice, maraschino cherry juice,pickle juice,fresh lime juice,cranberry juice cocktail, v8 vegetable juice, jalapeno juice, carrot juice, key lime juice, apricot juice, fruit juice, grapefruit juice, garlic juice, grape juice, vegetable juice, frozen orange juice concentrate, sliced peaches in juice, peach juice, olive juice, coconut juice, pan juices,tomato juice, blood orange juice']"
268510,sri lankan chicken curry  kukul mas curry,"chicken breasts, ghee, fenugreek seeds, curry leaves, onions, garlic cloves, fresh ginger, ground turmeric, chili powder, ground coriander, ground cumin, ground fennel, paprika, salt, vinegar, chopped tomatoes, cardamom pods, cinnamon, lemongrass, coconut milk",are,2,"[' sweet onions, red onions, brown onions, onions,yellow onions, yellow onions, green onions, white onions, spring onions,onions, white pearl onions, diced onions, ""frenchs french fried onions"", frozen pearl onions, french-fried onions, green onions with top, baby onions, frozen small whole onions, vidalia onions,green onions,diced onions, fried onions, green onions with tops, maui onions, fresh garlic, garlic, garlic clove, garlic cloves, garlic powder, minced garlic cloves, fresh garlic cloves, garlic granules, garlic salt, granulated garlic, chili-garlic sauce, garlic paste, ginger-garlic paste,garlic clove, cream cheese with garlic and herbs, bulbs of garlic,garlic, garlic pepper seasoning, chili paste with garlic,garlic cloves, diced tomatoes with basil and garlic, garlic chives, garlic sauce, minced garlic clove, bulb of garlic, roasted garlic, head of garlic, garlic-flavored olive oil, garlic sea salt, garlic juice, garlic bread, garlic seasoning, fresh garlic clove, garlic oil, tomatoes with garlic,garlic powder, garlic and red chile paste,chile sauce with garlic, fresh ginger, ginger, ground ginger, candied ginger,fresh ginger, minced ginger, crystallized ginger, ginger paste, ginger powder, gingerroot, fresh gingerroot, powdered ginger, ginger juice,gingerroot, dried ginger, ginger ale,ginger, gingersnap cookie']"
268510,sri lankan chicken curry  kukul mas curry,"chicken breasts, ghee, fenugreek seeds, curry leaves, onions, garlic cloves, fresh ginger, ground turmeric, chili powder, ground coriander, ground cumin, ground fennel, paprika, salt, vinegar, chopped tomatoes, cardamom pods, cinnamon, lemongrass, coconut milk",stir,4,{}
268510,sri lankan chicken curry  kukul mas curry,"chicken breasts, ghee, fenugreek seeds, curry leaves, onions, garlic cloves, fresh ginger, ground turmeric, chili powder, ground coriander, ground cumin, ground fennel, paprika, salt, vinegar, chopped tomatoes, cardamom pods, cinnamon, lemongrass, coconut milk",stir,5,"['boneless skinless chicken breasts, chicken broth,chicken breasts, chicken stock, chicken thigh fillet, chicken bouillon cube,chicken thighs, chicken stock cube, reduced-sodium chicken broth, cooked chicken breasts, boneless chicken,boneless chicken breasts, chicken thighs, low-fat chicken broth, chicken, boneless chicken thighs, boneless skinless chicken breasts, cream of chicken soup, organic free range fat free chicken broth, boneless skinless chicken thighs, cooked chicken,chicken broth, boneless skinless chicken breast halves, ground chicken,skinless chicken thighs,chicken tenders,chicken, chicken bouillon cubes,chicken breast halves, chicken base,skinless chicken breasts, low sodium chicken broth, chicken legs, chicken breasts, chicken livers, chicken-flavored ramen noodles, skinless chicken thighs, chicken stock powder, boneless chicken breasts,chicken wings,boneless chicken thighs, boneless chicken breast halves, roasting chickens, chicken giblets, homemade chicken stock,cooked chicken,boneless chicken breast, chicken bouillon, chicken breast,boneless skinless chicken breast, rich chicken broth,chicken breast, cooked chicken breast,skinless chicken breast, skinless chicken leg quarters,boneless skinless chicken breast halves, rotisserie-cooked chicken, boneless skinless chicken legs, skinless chicken breast half, whole chicken breasts,skinless chicken piece,skinless chicken drumsticks, chicken tenders,skinless chicken,chicken stock, skinless chicken breast,chicken fillets,chicken pieces,whole chicken,chicken piece, chicken breast fillets,ground chicken,whole chickens, boneless skinless chicken,boneless skinless chicken thighs,boneless chicken,swanson chicken broth, reduced-sodium fat-free chicken broth,roasting chickens, chicken legs-thighs, grilled chicken breast, chicken drumsticks, skinless chicken legs, chicken stock cubes, fat-free chicken broth,whole chicken breasts, chicken wings, vegetarian chicken pieces,chicken breast fillets,chicken legs, condensed cream of chicken soup, fat-free low-sodium chicken broth, chicken breast halves, instant chicken bouillon, chicken parts,whole boneless skinless chicken breasts, white chicken meat, boneless skinless chicken breast, low-sodium chicken stock,chicken tenderloins, grilled chicken,dark chicken meat, instant chicken bouillon granules, cooked chicken breast halves, boneless chicken breast,chicken drumsticks, skinless chicken, ""campbells cream of chicken soup"", chicken pieces, unsalted chicken stock, chicken thigh fillets, chicken bouillon granule, free-range chicken,skinless chicken pieces, chicken fat, chicken strips, hot chicken broth, canned chicken broth, whole chicken, whole chickens,rotisserie-cooked chicken, skinless chicken breasts,chicken thigh fillets, fat free chicken broth, chicken breast tenders, chicken bouillon powder,roasting chicken, boneless skinless smoked chicken breasts, grilled chicken breasts, chicken thigh,chicken breast fillet, buckwheat flour, whole wheat flour,whole wheat flour, wheat germ,buckwheat flour, bulgur wheat, whole wheat bread crumbs, whole wheat hamburger buns, wheat, whole wheat pasta, whole wheat angel hair pasta, whole wheat bread,whole wheat tortillas, wheat flour,wheat berries, whole wheat crackers,whole wheat macaroni, whole grain wheat flour,wheat flour, bulgar wheat,whole wheat pita bread, whole wheat penne, whole wheat lasagna noodles, white whole wheat flour, whole wheat pastry flour, wheat bran, whole wheat breadcrumbs, whole wheat spaghetti, pickling spices, cajun spices, spices, italian spices']"
268510,sri lankan chicken curry  kukul mas curry,"chicken breasts, ghee, fenugreek seeds, curry leaves, onions, garlic cloves, fresh ginger, ground turmeric, chili powder, ground coriander, ground cumin, ground fennel, paprika, salt, vinegar, chopped tomatoes, cardamom pods, cinnamon, lemongrass, coconut milk",coated,5,"['boneless skinless chicken breasts, chicken broth,chicken breasts, chicken stock, chicken thigh fillet, chicken bouillon cube,chicken thighs, chicken stock cube, reduced-sodium chicken broth, cooked chicken breasts, boneless chicken,boneless chicken breasts, chicken thighs, low-fat chicken broth, chicken, boneless chicken thighs, boneless skinless chicken breasts, cream of chicken soup, organic free range fat free chicken broth, boneless skinless chicken thighs, cooked chicken,chicken broth, boneless skinless chicken breast halves, ground chicken,skinless chicken thighs,chicken tenders,chicken, chicken bouillon cubes,chicken breast halves, chicken base,skinless chicken breasts, low sodium chicken broth, chicken legs, chicken breasts, chicken livers, chicken-flavored ramen noodles, skinless chicken thighs, chicken stock powder, boneless chicken breasts,chicken wings,boneless chicken thighs, boneless chicken breast halves, roasting chickens, chicken giblets, homemade chicken stock,cooked chicken,boneless chicken breast, chicken bouillon, chicken breast,boneless skinless chicken breast, rich chicken broth,chicken breast, cooked chicken breast,skinless chicken breast, skinless chicken leg quarters,boneless skinless chicken breast halves, rotisserie-cooked chicken, boneless skinless chicken legs, skinless chicken breast half, whole chicken breasts,skinless chicken piece,skinless chicken drumsticks, chicken tenders,skinless chicken,chicken stock, skinless chicken breast,chicken fillets,chicken pieces,whole chicken,chicken piece, chicken breast fillets,ground chicken,whole chickens, boneless skinless chicken,boneless skinless chicken thighs,boneless chicken,swanson chicken broth, reduced-sodium fat-free chicken broth,roasting chickens, chicken legs-thighs, grilled chicken breast, chicken drumsticks, skinless chicken legs, chicken stock cubes, fat-free chicken broth,whole chicken breasts, chicken wings, vegetarian chicken pieces,chicken breast fillets,chicken legs, condensed cream of chicken soup, fat-free low-sodium chicken broth, chicken breast halves, instant chicken bouillon, chicken parts,whole boneless skinless chicken breasts, white chicken meat, boneless skinless chicken breast, low-sodium chicken stock,chicken tenderloins, grilled chicken,dark chicken meat, instant chicken bouillon granules, cooked chicken breast halves, boneless chicken breast,chicken drumsticks, skinless chicken, ""campbells cream of chicken soup"", chicken pieces, unsalted chicken stock, chicken thigh fillets, chicken bouillon granule, free-range chicken,skinless chicken pieces, chicken fat, chicken strips, hot chicken broth, canned chicken broth, whole chicken, whole chickens,rotisserie-cooked chicken, skinless chicken breasts,chicken thigh fillets, fat free chicken broth, chicken breast tenders, chicken bouillon powder,roasting chicken, boneless skinless smoked chicken breasts, grilled chicken breasts, chicken thigh,chicken breast fillet, buckwheat flour, whole wheat flour,whole wheat flour, wheat germ,buckwheat flour, bulgur wheat, whole wheat bread crumbs, whole wheat hamburger buns, wheat, whole wheat pasta, whole wheat angel hair pasta, whole wheat bread,whole wheat tortillas, wheat flour,wheat berries, whole wheat crackers,whole wheat macaroni, whole grain wheat flour,wheat flour, bulgar wheat,whole wheat pita bread, whole wheat penne, whole wheat lasagna noodles, white whole wheat flour, whole wheat pastry flour, wheat bran, whole wheat breadcrumbs, whole wheat spaghetti, pickling spices, cajun spices, spices, italian spices']"
268510,sri lankan chicken curry  kukul mas curry,"chicken breasts, ghee, fenugreek seeds, curry leaves, onions, garlic cloves, fresh ginger, ground turmeric, chili powder, ground coriander, ground cumin, ground fennel, paprika, salt, vinegar, chopped tomatoes, cardamom pods, cinnamon, lemongrass, coconut milk",chopped,7,"[' assorted fresh vegetables, mixed vegetables, dehydrated mixed vegetables, frozen mixed vegetables, vegetables,vegetables']"
268510,sri lankan chicken curry  kukul mas curry,"chicken breasts, ghee, fenugreek seeds, curry leaves, onions, garlic cloves, fresh ginger, ground turmeric, chili powder, ground coriander, ground cumin, ground fennel, paprika, salt, vinegar, chopped tomatoes, cardamom pods, cinnamon, lemongrass, coconut milk",using,7,"[' assorted fresh vegetables, mixed vegetables, dehydrated mixed vegetables, frozen mixed vegetables, vegetables,vegetables']"
268510,sri lankan chicken curry  kukul mas curry,"chicken breasts, ghee, fenugreek seeds, curry leaves, onions, garlic cloves, fresh ginger, ground turmeric, chili powder, ground coriander, ground cumin, ground fennel, paprika, salt, vinegar, chopped tomatoes, cardamom pods, cinnamon, lemongrass, coconut milk",covered,8,"[' cooked chicken breasts, cooked wild rice, cooking spray, cooked rice, cooked chicken,cooking spray, cooked shrimp, nonstick cooking spray, cooking oil, cooked white rice,nonstick cooking spray, cooked long-grain rice, cooked pasta,cooked chicken, tart cooking apples,cooked brown rice, pam cooking spray, olive oil flavored cooking spray, cooked couscous, cooked turkey breast, cooked chicken breast, hard-cooked egg, quick-cooking tapioca, rotisserie-cooked chicken,olive oil flavored cooking spray, cooked ditalini, cooked basmati rice, cooked brown rice, quick-cooking rolled oats,cooked wild rice, uncooked rice, cooked spaghetti, cooked bacon,vegetable oil cooking spray, light vegetable oil cooking spray,cooked bacon, quick-cooking oats,canola oil cooking spray, cooked chicken breast halves,cooking oil, cooked small shell pasta, cooked italian sausage, cooked elbow macaroni, quick-cooking oatmeal, cooked ham, cooked turkey, vegetable oil cooking spray, quick-cooking barley,cooked shrimp, quick-cooking couscous, cooked jasmine rice,rotisserie-cooked chicken, crisco cooking oil, gingersnap cookie, cooked noodles, canola oil cooking spray, cooking sherry,cooked turkey,cooked rice, buckwheat flour, whole wheat flour,whole wheat flour, wheat germ,buckwheat flour, bulgur wheat, whole wheat bread crumbs, whole wheat hamburger buns, wheat, whole wheat pasta, whole wheat angel hair pasta, whole wheat bread,whole wheat tortillas, wheat flour,wheat berries, whole wheat crackers,whole wheat macaroni, whole grain wheat flour,wheat flour, bulgar wheat,whole wheat pita bread, whole wheat penne, whole wheat lasagna noodles, white whole wheat flour, whole wheat pastry flour, wheat bran, whole wheat breadcrumbs, whole wheat spaghetti']"
268510,sri lankan chicken curry  kukul mas curry,"chicken breasts, ghee, fenugreek seeds, curry leaves, onions, garlic cloves, fresh ginger, ground turmeric, chili powder, ground coriander, ground cumin, ground fennel, paprika, salt, vinegar, chopped tomatoes, cardamom pods, cinnamon, lemongrass, coconut milk",taste,9,"[' low-fat buttermilk, skim milk, milk, buttermilk, coconut milk, nonfat dry milk powder,skim milk,milk, reduced-fat milk, whole milk, 2% low-fat milk, coconut milk powder, unsweetened coconut milk, evaporated skim milk, evaporated milk, powdered milk, soymilk, 2% milk,buttermilk, 1% low-fat milk,whole milk, whole milk ricotta cheese,coconut milk, nonfat milk, milk chocolate chips, dry buttermilk, light coconut milk, carnation evaporated milk, low-fat milk,nonfat dry milk powder, pillsbury grands refrigerated buttermilk biscuits, sweetened condensed milk, fat-free sweetened condensed milk, low-fat coconut milk, goat milk yogurt, half and half milk, skim milk buttermilk, rice milk,almond milk, salt, salt and pepper, unsalted butter,salt, salt & freshly ground black pepper,unsalted butter, kosher salt, coarse salt, seasoning salt, sea salt, salted peanuts, salt & pepper,kosher salt, garlic salt, celery salt, kosher salt & freshly ground black pepper, coarse sea salt, no-salt-added corn, salt and black pepper,sea salt,coarse salt, onion salt, salted butter, saltine crackers, unsalted cashews, salt & fresh ground pepper, fine sea salt, table salt, unsalted dry roasted peanuts, unsalted peanuts, ""lawrys seasoned salt"",salt cod fish, black salt, saltines, flaked sea salt, garlic sea salt, iodized salt, unsalted chicken stock, salted almond, no-added-salt tomato paste, saltine, rock salt, salt pork, no-salt-added diced tomatoes, jalapeno seasoning salt, salt-free cream-style corn, no-salt-added whole tomatoes,unsalted dry roasted peanuts, season salt, lemon zest, lemon juice, lemon peel, lemon, fresh lemon juice, lemon wedges, lemons, fresh lemon zest,lemons, lemongrass, lemon thyme, lemon twist, fresh lemongrass,lemon juice, lemon pepper seasoning, lemon extract, lemon rind, candied lemon peel, lemon wedge, preserved lemon, lemon cucumber, lemon curd, lemon pepper, lemongrass paste, dried lemon peel, lemon slices, lemon vinaigrette, powdered lemon grass, preserved lemons, frozen cherry lemonade concentrate, lemon slice, fresh lemon, juice of, orange juice, lime juice, apple juice, fresh orange juice, fresh lime juice, diced tomatoes with juice, unsweetened pineapple juice, mango juice, tomato juice, pineapple juice, pineapple chunks in juice, clamato juice, juice and zest of, spicy vegetable juice, juice, tomatoes with juice, clam juice, tamarind juice, mangoes in juice, ginger juice, cherry juice, pineapple juice concentrate, bottled clam juice, maraschino cherry juice,pickle juice,fresh lime juice,cranberry juice cocktail, v8 vegetable juice, jalapeno juice, carrot juice, key lime juice, apricot juice, fruit juice, grapefruit juice, garlic juice, grape juice, vegetable juice, frozen orange juice concentrate, sliced peaches in juice, peach juice, olive juice, coconut juice, pan juices,tomato juice, blood orange juice']"
268510,sri lankan chicken curry  kukul mas curry,"chicken breasts, ghee, fenugreek seeds, curry leaves, onions, garlic cloves, fresh ginger, ground turmeric, chili powder, ground coriander, ground cumin, ground fennel, paprika, salt, vinegar, chopped tomatoes, cardamom pods, cinnamon, lemongrass, coconut milk",required,9,"[' low-fat buttermilk, skim milk, milk, buttermilk, coconut milk, nonfat dry milk powder,skim milk,milk, reduced-fat milk, whole milk, 2% low-fat milk, coconut milk powder, unsweetened coconut milk, evaporated skim milk, evaporated milk, powdered milk, soymilk, 2% milk,buttermilk, 1% low-fat milk,whole milk, whole milk ricotta cheese,coconut milk, nonfat milk, milk chocolate chips, dry buttermilk, light coconut milk, carnation evaporated milk, low-fat milk,nonfat dry milk powder, pillsbury grands refrigerated buttermilk biscuits, sweetened condensed milk, fat-free sweetened condensed milk, low-fat coconut milk, goat milk yogurt, half and half milk, skim milk buttermilk, rice milk,almond milk, salt, salt and pepper, unsalted butter,salt, salt & freshly ground black pepper,unsalted butter, kosher salt, coarse salt, seasoning salt, sea salt, salted peanuts, salt & pepper,kosher salt, garlic salt, celery salt, kosher salt & freshly ground black pepper, coarse sea salt, no-salt-added corn, salt and black pepper,sea salt,coarse salt, onion salt, salted butter, saltine crackers, unsalted cashews, salt & fresh ground pepper, fine sea salt, table salt, unsalted dry roasted peanuts, unsalted peanuts, ""lawrys seasoned salt"",salt cod fish, black salt, saltines, flaked sea salt, garlic sea salt, iodized salt, unsalted chicken stock, salted almond, no-added-salt tomato paste, saltine, rock salt, salt pork, no-salt-added diced tomatoes, jalapeno seasoning salt, salt-free cream-style corn, no-salt-added whole tomatoes,unsalted dry roasted peanuts, season salt, lemon zest, lemon juice, lemon peel, lemon, fresh lemon juice, lemon wedges, lemons, fresh lemon zest,lemons, lemongrass, lemon thyme, lemon twist, fresh lemongrass,lemon juice, lemon pepper seasoning, lemon extract, lemon rind, candied lemon peel, lemon wedge, preserved lemon, lemon cucumber, lemon curd, lemon pepper, lemongrass paste, dried lemon peel, lemon slices, lemon vinaigrette, powdered lemon grass, preserved lemons, frozen cherry lemonade concentrate, lemon slice, fresh lemon, juice of, orange juice, lime juice, apple juice, fresh orange juice, fresh lime juice, diced tomatoes with juice, unsweetened pineapple juice, mango juice, tomato juice, pineapple juice, pineapple chunks in juice, clamato juice, juice and zest of, spicy vegetable juice, juice, tomatoes with juice, clam juice, tamarind juice, mangoes in juice, ginger juice, cherry juice, pineapple juice concentrate, bottled clam juice, maraschino cherry juice,pickle juice,fresh lime juice,cranberry juice cocktail, v8 vegetable juice, jalapeno juice, carrot juice, key lime juice, apricot juice, fruit juice, grapefruit juice, garlic juice, grape juice, vegetable juice, frozen orange juice concentrate, sliced peaches in juice, peach juice, olive juice, coconut juice, pan juices,tomato juice, blood orange juice']"
268510,sri lankan chicken curry  kukul mas curry,"chicken breasts, ghee, fenugreek seeds, curry leaves, onions, garlic cloves, fresh ginger, ground turmeric, chili powder, ground coriander, ground cumin, ground fennel, paprika, salt, vinegar, chopped tomatoes, cardamom pods, cinnamon, lemongrass, coconut milk",cover,10,"[' low-fat buttermilk, skim milk, milk, buttermilk, coconut milk, nonfat dry milk powder,skim milk,milk, reduced-fat milk, whole milk, 2% low-fat milk, coconut milk powder, unsweetened coconut milk, evaporated skim milk, evaporated milk, powdered milk, soymilk, 2% milk,buttermilk, 1% low-fat milk,whole milk, whole milk ricotta cheese,coconut milk, nonfat milk, milk chocolate chips, dry buttermilk, light coconut milk, carnation evaporated milk, low-fat milk,nonfat dry milk powder, pillsbury grands refrigerated buttermilk biscuits, sweetened condensed milk, fat-free sweetened condensed milk, low-fat coconut milk, goat milk yogurt, half and half milk, skim milk buttermilk, rice milk,almond milk']"
268510,sri lankan chicken curry  kukul mas curry,"chicken breasts, ghee, fenugreek seeds, curry leaves, onions, garlic cloves, fresh ginger, ground turmeric, chili powder, ground coriander, ground cumin, ground fennel, paprika, salt, vinegar, chopped tomatoes, cardamom pods, cinnamon, lemongrass, coconut milk",adding,10,"[' low-fat buttermilk, skim milk, milk, buttermilk, coconut milk, nonfat dry milk powder,skim milk,milk, reduced-fat milk, whole milk, 2% low-fat milk, coconut milk powder, unsweetened coconut milk, evaporated skim milk, evaporated milk, powdered milk, soymilk, 2% milk,buttermilk, 1% low-fat milk,whole milk, whole milk ricotta cheese,coconut milk, nonfat milk, milk chocolate chips, dry buttermilk, light coconut milk, carnation evaporated milk, low-fat milk,nonfat dry milk powder, pillsbury grands refrigerated buttermilk biscuits, sweetened condensed milk, fat-free sweetened condensed milk, low-fat coconut milk, goat milk yogurt, half and half milk, skim milk buttermilk, rice milk,almond milk']"
268510,sri lankan chicken curry  kukul mas curry,"chicken breasts, ghee, fenugreek seeds, curry leaves, onions, garlic cloves, fresh ginger, ground turmeric, chili powder, ground coriander, ground cumin, ground fennel, paprika, salt, vinegar, chopped tomatoes, cardamom pods, cinnamon, lemongrass, coconut milk",serve,11,"[' long-grain rice, rice, basmati rice, cooked wild rice, brown basmati rice, cooked rice, rice wine, brown rice, long grain white rice, rice vinegar, rice sticks, rice wine vinegar, cooked white rice, jasmine rice, cooked long-grain rice,rice wine vinegar, long grain rice, steamed rice, converted rice, rice vermicelli,cooked brown rice, white rice, wild rice,rice, instant rice, seasoned rice vinegar,basmati rice,rice noodles, cooked basmati rice, dried rice noodles, cooked brown rice, minute rice,jasmine rice,cooked wild rice,wild rice, uncooked rice, wide rice noodles, rice flour,white rice, rice noodles,brown rice flour, long grain brown rice, seasoned rice wine vinegar, long-grain white rice, arborio rice,long-grain white rice, parboiled rice, rice krispies, instant brown rice,brown rice,rice vinegar, rice powder, powdered rice root, spanish rice, cooked jasmine rice, rice paper sheets, rice milk, short-grain rice, converted white rice,cooked rice,long grain white rice,long grain rice']"
