Id,Name,AllIngredients,Verbs,Steps,Ingredient
318384,mutha sauce,"vegetable oil, onion, green pepper, jalapeno pepper, kosher salt, black pepper, garlic, tomato sauce, ketchup, water, worcestershire sauce, cider vinegar, lemon juice, molasses, cayenne pepper sauce, spicy brown mustard, dark brown sugar, chili powder, ground allspice, liquid smoke",pour,1,{}
318384,mutha sauce,"vegetable oil, onion, green pepper, jalapeno pepper, kosher salt, black pepper, garlic, tomato sauce, ketchup, water, worcestershire sauce, cider vinegar, lemon juice, molasses, cayenne pepper sauce, spicy brown mustard, dark brown sugar, chili powder, ground allspice, liquid smoke",pour,8,{}
318384,mutha sauce,"vegetable oil, onion, green pepper, jalapeno pepper, kosher salt, black pepper, garlic, tomato sauce, ketchup, water, worcestershire sauce, cider vinegar, lemon juice, molasses, cayenne pepper sauce, spicy brown mustard, dark brown sugar, chili powder, ground allspice, liquid smoke",set,1,"[' canola oil, peanut oil, olive oil, vegetable oil,olive oil, extra virgin olive oil, boiling water, sesame oil,peanut oil, palm oil,canola oil, sunflower oil,light olive oil, oil, hard-boiled egg, chili oil, toasted sesame oil, light vegetable oil,oil, rapeseed oil,crab boil seasoning, cooking oil, hard-boiled eggs, sesame seed oil,safflower oil, boiled ham, salad oil, boiled potatoes,vegetable oil, crab boil seasoning, crab boil, coconut oil, olive oil flavored cooking spray,extra virgin olive oil, dark sesame oil, corn oil,sesame oil,olive oil flavored cooking spray, light olive oil, sun-dried tomato packed in oil,grapeseed oil, hardboiled egg, hot chili oil,no-boil lasagna noodles,coconut oil, safflower oil, orange oil, boiling potato, fire oil, grapeseed oil, virgin olive oil,vegetable oil cooking spray,reynolds wrap foil, light vegetable oil cooking spray,boiling water, sun-dried tomatoes packed in oil, reynolds wrap foil, garlic-flavored olive oil, lite olive oil, olive oil mayonnaise,canola oil cooking spray, parboiled rice,cooking oil, walnut oil, white truffle oil, pure olive oil, vegetable oil cooking spray,hard-boiled eggs, boiling potatoes, annatto oil, no-boil lasagna noodles, medium egg noodles, medium shrimp,medium shrimp, buckwheat flour, whole wheat flour,whole wheat flour, wheat germ,buckwheat flour, bulgur wheat, whole wheat bread crumbs, whole wheat hamburger buns, wheat, whole wheat pasta, whole wheat angel hair pasta, whole wheat bread,whole wheat tortillas, wheat flour,wheat berries, whole wheat crackers,whole wheat macaroni, whole grain wheat flour,wheat flour, bulgar wheat,whole wheat pita bread, whole wheat penne, whole wheat lasagna noodles, white whole wheat flour, whole wheat pastry flour']"
318384,mutha sauce,"vegetable oil, onion, green pepper, jalapeno pepper, kosher salt, black pepper, garlic, tomato sauce, ketchup, water, worcestershire sauce, cider vinegar, lemon juice, molasses, cayenne pepper sauce, spicy brown mustard, dark brown sugar, chili powder, ground allspice, liquid smoke",toss,2,"[' sweet onions, red onions, brown onions, onions,yellow onions, yellow onions, green onions, white onions, spring onions,onions, white pearl onions, diced onions, ""frenchs french fried onions"", frozen pearl onions, french-fried onions, green onions with top, baby onions, frozen small whole onions, vidalia onions,green onions,diced onions, red peppers, fresh jalapeno peppers, red bell peppers, piquillo peppers, green peppers, bell peppers, yellow peppers, dried red chili peppers, red chili peppers, pepperoncini peppers, green bell peppers, chinese red peppers, yellow bell peppers, jalapeno peppers, habanero peppers, chipotle peppers, chili peppers, pickled sweet peppers, roasted red and yellow peppers, roasted red peppers,roasted red peppers, scotch bonnet peppers, poblano peppers, dried hot peppers,bell peppers,dried pasilla peppers, serrano peppers, fresh chili peppers, pickled jalapeno peppers,red bell peppers, ground dried arbol chile peppers, hot green chili peppers, hot red chili peppers, thai peppers, hot banana peppers, tomatoes with jalapeno peppers, green chili peppers, banana peppers, jalapenos,jalapenos, fresh jalapenos']"
318384,mutha sauce,"vegetable oil, onion, green pepper, jalapeno pepper, kosher salt, black pepper, garlic, tomato sauce, ketchup, water, worcestershire sauce, cider vinegar, lemon juice, molasses, cayenne pepper sauce, spicy brown mustard, dark brown sugar, chili powder, ground allspice, liquid smoke",give,2,"[' sweet onions, red onions, brown onions, onions,yellow onions, yellow onions, green onions, white onions, spring onions,onions, white pearl onions, diced onions, ""frenchs french fried onions"", frozen pearl onions, french-fried onions, green onions with top, baby onions, frozen small whole onions, vidalia onions,green onions,diced onions, red peppers, fresh jalapeno peppers, red bell peppers, piquillo peppers, green peppers, bell peppers, yellow peppers, dried red chili peppers, red chili peppers, pepperoncini peppers, green bell peppers, chinese red peppers, yellow bell peppers, jalapeno peppers, habanero peppers, chipotle peppers, chili peppers, pickled sweet peppers, roasted red and yellow peppers, roasted red peppers,roasted red peppers, scotch bonnet peppers, poblano peppers, dried hot peppers,bell peppers,dried pasilla peppers, serrano peppers, fresh chili peppers, pickled jalapeno peppers,red bell peppers, ground dried arbol chile peppers, hot green chili peppers, hot red chili peppers, thai peppers, hot banana peppers, tomatoes with jalapeno peppers, green chili peppers, banana peppers, jalapenos,jalapenos, fresh jalapenos']"
318384,mutha sauce,"vegetable oil, onion, green pepper, jalapeno pepper, kosher salt, black pepper, garlic, tomato sauce, ketchup, water, worcestershire sauce, cider vinegar, lemon juice, molasses, cayenne pepper sauce, spicy brown mustard, dark brown sugar, chili powder, ground allspice, liquid smoke",cook,3,"[' italian seasoning, seasoning salt, poultry seasoning, unseasoned breadcrumbs, old bay seasoning, creole seasoning, dried italian seasoning, dried italian herb seasoning, seasoning, hidden valley original ranch seasoning mix, pork seasoning,crab boil seasoning, cajun seasoning,blackening seasoning, italian herb seasoning, crab boil seasoning, lemon pepper seasoning, seasoned rice vinegar, adobo seasoning, garlic pepper seasoning, blackening seasoning, sazon con azafran seasoning, seasoned dry bread crumb, all purpose greek seasoning, accent seasoning, barbecue seasoning, taco seasoning, mccormick grill seasoning, ""lawrys seasoned salt"", maggi seasoning sauce, italian seasoned breadcrumbs, seasoned rice wine vinegar, vegetable seasoning, seasoned bread crumbs, seasoned flour, caribbean jerk seasoning, ""dales steak seasoning"", sazon goya seasoning, mrs. dash seasoning mix, taco seasoning mix, beau monde seasoning, salt, salt and pepper, unsalted butter,salt, salt & freshly ground black pepper,unsalted butter, kosher salt, coarse salt, sea salt, salted peanuts, salt & pepper,kosher salt, garlic salt, celery salt, kosher salt & freshly ground black pepper, coarse sea salt, no-salt-added corn, salt and black pepper,sea salt,coarse salt, onion salt, salted butter, saltine crackers, unsalted cashews, salt & fresh ground pepper, fine sea salt, table salt, unsalted dry roasted peanuts, unsalted peanuts,salt cod fish, black salt, saltines, flaked sea salt, garlic sea salt, iodized salt, unsalted chicken stock, salted almond, no-added-salt tomato paste, saltine, fresh coarse ground black pepper, cracked black pepper, green pepper, cayenne pepper, red chili pepper, ground cayenne pepper, pepper, red peppers, habanero pepper, green bell pepper, fresh jalapeno peppers, serrano pepper, fresh ground black pepper, red bell pepper, yellow bell pepper, peppercorns, black pepper, white pepper, ground red pepper, ground black pepper, red pepper, red bell peppers, yellow pepper, black peppercorns, chipotle pepper, fresh cracked pepper, piquillo peppers, red pepper flakes, crushed red pepper flakes, bell pepper, green peppers, bell peppers, scotch bonnet pepper, yellow peppers, jalapeno pepper, peppercorn, pepperoni, hot pepper sauce, dried red chili peppers, szechuan peppercorns, roasted red pepper, poblano pepper, dry crushed red pepper, fresh ground white pepper, red chili peppers, red cayenne pepper, pickled jalapeno pepper, coarse black pepper, thai red chili pepper, red sweet bell pepper, green chili pepper, sweet red pepper, fresh ground pepper, pepperoncini peppers, chili pepper, monterey jack pepper cheese, green bell peppers, chinese red peppers, yellow bell peppers, jalapeno peppers, dried red pepper flakes, habanero peppers, chipotle peppers, chili peppers, red chili pepper flakes, pickled sweet peppers, white peppercorns, roasted red and yellow peppers, hot pepper flakes, ground pepper, roasted red peppers,roasted red peppers, liquid hot pepper sauce, sweet pepper, pepperoni slices, scotch bonnet peppers, cracked pepper, hot pepper paste, hot chili pepper, poblano peppers,white pepper, dried hot peppers, peppercorn ranch dressing, pepper bacon, whole black peppercorns, green pepper ring,bell peppers, del monte zesty jalapeno pepper diced tomato, white pepper powder, pepper rings, hot red pepper flakes, pepperoncini pepper, green peppercorn, orange bell pepper, szechwan pepper, chili pepper flakes,dried pasilla peppers, sweet green pepper, serrano peppers, whole black peppercorn, yellow sweet pepper, fresh chili peppers, pickled jalapeno peppers,red bell peppers, fresh jalapeno pepper, dried chili pepper flakes, ground szechuan peppercorns, cayenne pepper sauce, sweet bell pepper, hot pepper, green pepper rings, ground chipotle chile pepper, fat free monterey jack pepper cheese,bell pepper, ground dried arbol chile peppers, hot green chili peppers, lemon pepper, turkey pepperoni, hot red chili peppers, cubanelle pepper, fresh black pepper, jalapeno pepper cheese, thai peppers, dried hot pepper, fresh chili pepper, hot banana peppers, ground white pepper, tabasco brand chipotle pepper sauce,white peppercorns, hot red pepper sauce, tomatoes with jalapeno peppers, green chili peppers,poblano pepper, banana peppers']"
318384,mutha sauce,"vegetable oil, onion, green pepper, jalapeno pepper, kosher salt, black pepper, garlic, tomato sauce, ketchup, water, worcestershire sauce, cider vinegar, lemon juice, molasses, cayenne pepper sauce, spicy brown mustard, dark brown sugar, chili powder, ground allspice, liquid smoke",cook,4,"[' fresh garlic, garlic, garlic clove, garlic cloves, garlic powder, minced garlic cloves, fresh garlic cloves, garlic granules, garlic salt, granulated garlic, chili-garlic sauce, garlic paste, ginger-garlic paste,garlic clove, cream cheese with garlic and herbs, bulbs of garlic,garlic, garlic pepper seasoning, chili paste with garlic,garlic cloves, diced tomatoes with basil and garlic, garlic chives, garlic sauce, minced garlic clove, bulb of garlic, roasted garlic, head of garlic, garlic-flavored olive oil, garlic sea salt, garlic juice, garlic bread, minute rice']"
318384,mutha sauce,"vegetable oil, onion, green pepper, jalapeno pepper, kosher salt, black pepper, garlic, tomato sauce, ketchup, water, worcestershire sauce, cider vinegar, lemon juice, molasses, cayenne pepper sauce, spicy brown mustard, dark brown sugar, chili powder, ground allspice, liquid smoke",add,4,"[' fresh garlic, garlic, garlic clove, garlic cloves, garlic powder, minced garlic cloves, fresh garlic cloves, garlic granules, garlic salt, granulated garlic, chili-garlic sauce, garlic paste, ginger-garlic paste,garlic clove, cream cheese with garlic and herbs, bulbs of garlic,garlic, garlic pepper seasoning, chili paste with garlic,garlic cloves, diced tomatoes with basil and garlic, garlic chives, garlic sauce, minced garlic clove, bulb of garlic, roasted garlic, head of garlic, garlic-flavored olive oil, garlic sea salt, garlic juice, garlic bread, minute rice']"
318384,mutha sauce,"vegetable oil, onion, green pepper, jalapeno pepper, kosher salt, black pepper, garlic, tomato sauce, ketchup, water, worcestershire sauce, cider vinegar, lemon juice, molasses, cayenne pepper sauce, spicy brown mustard, dark brown sugar, chili powder, ground allspice, liquid smoke",add,10,"[' habanero pepper, habanero peppers, habanero sauce, red peppers, fresh jalapeno peppers, red bell peppers, piquillo peppers, green peppers, bell peppers, yellow peppers, dried red chili peppers, red chili peppers, pepperoncini peppers, green bell peppers, chinese red peppers, yellow bell peppers, jalapeno peppers, chipotle peppers, chili peppers, pickled sweet peppers, roasted red and yellow peppers, roasted red peppers,roasted red peppers, scotch bonnet peppers, poblano peppers, dried hot peppers,bell peppers,dried pasilla peppers, serrano peppers, fresh chili peppers, pickled jalapeno peppers,red bell peppers, ground dried arbol chile peppers, hot green chili peppers, hot red chili peppers, thai peppers, hot banana peppers, tomatoes with jalapeno peppers, green chili peppers, banana peppers']"
318384,mutha sauce,"vegetable oil, onion, green pepper, jalapeno pepper, kosher salt, black pepper, garlic, tomato sauce, ketchup, water, worcestershire sauce, cider vinegar, lemon juice, molasses, cayenne pepper sauce, spicy brown mustard, dark brown sugar, chili powder, ground allspice, liquid smoke",add,11,"[' cayenne pepper, ground cayenne pepper, cayenne, cayenne powder, red cayenne pepper, cayenne pepper sauce']"
318384,mutha sauce,"vegetable oil, onion, green pepper, jalapeno pepper, kosher salt, black pepper, garlic, tomato sauce, ketchup, water, worcestershire sauce, cider vinegar, lemon juice, molasses, cayenne pepper sauce, spicy brown mustard, dark brown sugar, chili powder, ground allspice, liquid smoke",dump,5,"[' liquid smoke, smoked paprika, smoked sausage, liquid smoke flavoring, smoked kielbasa, smoked ham, smoked gouda cheese, smoked turkey breast, smoked pork butt, hickory liquid smoke, smoked mozzarella cheese, smoked bacon, smoked turkey sausage']"
318384,mutha sauce,"vegetable oil, onion, green pepper, jalapeno pepper, kosher salt, black pepper, garlic, tomato sauce, ketchup, water, worcestershire sauce, cider vinegar, lemon juice, molasses, cayenne pepper sauce, spicy brown mustard, dark brown sugar, chili powder, ground allspice, liquid smoke",bring,6,"[' boiling water, hard-boiled egg,crab boil seasoning, hard-boiled eggs, boiled ham, boiled potatoes, crab boil seasoning, crab boil, hardboiled egg,no-boil lasagna noodles, boiling potato,boiling water, parboiled rice,hard-boiled eggs, boiling potatoes, no-boil lasagna noodles, buckwheat flour, whole wheat flour,whole wheat flour, wheat germ,buckwheat flour, bulgur wheat, whole wheat bread crumbs, whole wheat hamburger buns, wheat, whole wheat pasta, whole wheat angel hair pasta, whole wheat bread,whole wheat tortillas, wheat flour,wheat berries, whole wheat crackers,whole wheat macaroni, whole grain wheat flour,wheat flour, bulgar wheat,whole wheat pita bread, whole wheat penne, whole wheat lasagna noodles, white whole wheat flour, whole wheat pastry flour, soy sauce, tomato sauce, a.1. original sauce, worcestershire sauce, adobo sauce, spaghetti sauce, thai sweet chili sauce, sriracha sauce, tabasco sauce, picante sauce, pesto sauce, tamari soy sauce, applesauce, hot sauce,spaghetti sauce, hot pepper sauce, hoisin sauce, oyster sauce, reduced sodium soy sauce, low sodium soy sauce, chili-garlic sauce, fish sauce, sweet chili sauce, teriyaki sauce, dark soy sauce, barbecue sauce, soya sauce, red chili sauce, chili sauce,hoisin sauce, sweet soy sauce, vegetarian oyster sauce, light soy sauce, pizza sauce, cranberry sauce, horseradish sauce, ""franks red hot sauce"", remoulade sauce, liquid hot pepper sauce, pasta sauce, sweet and sour sauce,soya sauce, spaghetti sauce with meat, hollandaise sauce mix, louisiana hot sauce, garlic sauce, green enchilada sauce,soy sauce, red enchilada sauce, pickapeppa sauce, bearnaise sauce mix, seafood cocktail sauce, dark soya sauce, alfredo sauce, cayenne pepper sauce, maggi seasoning sauce, unsweetened applesauce, thai fish sauce,reduced sodium soy sauce, steak sauce,light soy sauce, browning sauce, plum sauce, hunts tomato sauce, tomato and basil pasta sauce, marinara sauce, pork and beans in tomato sauce, three-cheese pasta sauce, ponzu sauce, habanero sauce, ragu tomato sauce, peanut sauce, tabasco brand chipotle pepper sauce, brown bean sauce, szechwan chili sauce, lea & perrins worcestershire sauce,teriyaki sauce, hot red pepper sauce, pinto beans in chili sauce, rag pasta sauce']"
318384,mutha sauce,"vegetable oil, onion, green pepper, jalapeno pepper, kosher salt, black pepper, garlic, tomato sauce, ketchup, water, worcestershire sauce, cider vinegar, lemon juice, molasses, cayenne pepper sauce, spicy brown mustard, dark brown sugar, chili powder, ground allspice, liquid smoke",lower,6,"[' boiling water, hard-boiled egg,crab boil seasoning, hard-boiled eggs, boiled ham, boiled potatoes, crab boil seasoning, crab boil, hardboiled egg,no-boil lasagna noodles, boiling potato,boiling water, parboiled rice,hard-boiled eggs, boiling potatoes, no-boil lasagna noodles, buckwheat flour, whole wheat flour,whole wheat flour, wheat germ,buckwheat flour, bulgur wheat, whole wheat bread crumbs, whole wheat hamburger buns, wheat, whole wheat pasta, whole wheat angel hair pasta, whole wheat bread,whole wheat tortillas, wheat flour,wheat berries, whole wheat crackers,whole wheat macaroni, whole grain wheat flour,wheat flour, bulgar wheat,whole wheat pita bread, whole wheat penne, whole wheat lasagna noodles, white whole wheat flour, whole wheat pastry flour, soy sauce, tomato sauce, a.1. original sauce, worcestershire sauce, adobo sauce, spaghetti sauce, thai sweet chili sauce, sriracha sauce, tabasco sauce, picante sauce, pesto sauce, tamari soy sauce, applesauce, hot sauce,spaghetti sauce, hot pepper sauce, hoisin sauce, oyster sauce, reduced sodium soy sauce, low sodium soy sauce, chili-garlic sauce, fish sauce, sweet chili sauce, teriyaki sauce, dark soy sauce, barbecue sauce, soya sauce, red chili sauce, chili sauce,hoisin sauce, sweet soy sauce, vegetarian oyster sauce, light soy sauce, pizza sauce, cranberry sauce, horseradish sauce, ""franks red hot sauce"", remoulade sauce, liquid hot pepper sauce, pasta sauce, sweet and sour sauce,soya sauce, spaghetti sauce with meat, hollandaise sauce mix, louisiana hot sauce, garlic sauce, green enchilada sauce,soy sauce, red enchilada sauce, pickapeppa sauce, bearnaise sauce mix, seafood cocktail sauce, dark soya sauce, alfredo sauce, cayenne pepper sauce, maggi seasoning sauce, unsweetened applesauce, thai fish sauce,reduced sodium soy sauce, steak sauce,light soy sauce, browning sauce, plum sauce, hunts tomato sauce, tomato and basil pasta sauce, marinara sauce, pork and beans in tomato sauce, three-cheese pasta sauce, ponzu sauce, habanero sauce, ragu tomato sauce, peanut sauce, tabasco brand chipotle pepper sauce, brown bean sauce, szechwan chili sauce, lea & perrins worcestershire sauce,teriyaki sauce, hot red pepper sauce, pinto beans in chili sauce, rag pasta sauce']"
318384,mutha sauce,"vegetable oil, onion, green pepper, jalapeno pepper, kosher salt, black pepper, garlic, tomato sauce, ketchup, water, worcestershire sauce, cider vinegar, lemon juice, molasses, cayenne pepper sauce, spicy brown mustard, dark brown sugar, chili powder, ground allspice, liquid smoke",let,7,"[' liquid smoke, smoked paprika, smoked sausage, liquid smoke flavoring, smoked kielbasa, smoked ham, smoked gouda cheese, smoked turkey breast, smoked pork butt, hickory liquid smoke, smoked mozzarella cheese, smoked bacon, smoked turkey sausage, soy sauce, tomato sauce, a.1. original sauce, worcestershire sauce, adobo sauce, spaghetti sauce, thai sweet chili sauce, sriracha sauce, tabasco sauce, picante sauce, pesto sauce, tamari soy sauce, applesauce, hot sauce,spaghetti sauce, hot pepper sauce, hoisin sauce, oyster sauce, reduced sodium soy sauce, low sodium soy sauce, chili-garlic sauce, fish sauce, sweet chili sauce, teriyaki sauce, dark soy sauce, barbecue sauce, soya sauce, red chili sauce, chili sauce,hoisin sauce, sweet soy sauce, vegetarian oyster sauce, light soy sauce, pizza sauce, cranberry sauce, horseradish sauce, ""franks red hot sauce"", remoulade sauce, liquid hot pepper sauce, pasta sauce, sweet and sour sauce,soya sauce, spaghetti sauce with meat, hollandaise sauce mix, louisiana hot sauce, garlic sauce, green enchilada sauce,soy sauce, red enchilada sauce, pickapeppa sauce, bearnaise sauce mix, seafood cocktail sauce, dark soya sauce, alfredo sauce, cayenne pepper sauce, maggi seasoning sauce, unsweetened applesauce, thai fish sauce,reduced sodium soy sauce, steak sauce,light soy sauce, browning sauce, plum sauce, hunts tomato sauce, tomato and basil pasta sauce, marinara sauce, pork and beans in tomato sauce, three-cheese pasta sauce, ponzu sauce, habanero sauce, ragu tomato sauce, peanut sauce, tabasco brand chipotle pepper sauce, brown bean sauce, szechwan chili sauce, lea & perrins worcestershire sauce,teriyaki sauce, hot red pepper sauce, pinto beans in chili sauce, rag pasta sauce']"
318384,mutha sauce,"vegetable oil, onion, green pepper, jalapeno pepper, kosher salt, black pepper, garlic, tomato sauce, ketchup, water, worcestershire sauce, cider vinegar, lemon juice, molasses, cayenne pepper sauce, spicy brown mustard, dark brown sugar, chili powder, ground allspice, liquid smoke",cool,7,"[' liquid smoke, smoked paprika, smoked sausage, liquid smoke flavoring, smoked kielbasa, smoked ham, smoked gouda cheese, smoked turkey breast, smoked pork butt, hickory liquid smoke, smoked mozzarella cheese, smoked bacon, smoked turkey sausage, soy sauce, tomato sauce, a.1. original sauce, worcestershire sauce, adobo sauce, spaghetti sauce, thai sweet chili sauce, sriracha sauce, tabasco sauce, picante sauce, pesto sauce, tamari soy sauce, applesauce, hot sauce,spaghetti sauce, hot pepper sauce, hoisin sauce, oyster sauce, reduced sodium soy sauce, low sodium soy sauce, chili-garlic sauce, fish sauce, sweet chili sauce, teriyaki sauce, dark soy sauce, barbecue sauce, soya sauce, red chili sauce, chili sauce,hoisin sauce, sweet soy sauce, vegetarian oyster sauce, light soy sauce, pizza sauce, cranberry sauce, horseradish sauce, ""franks red hot sauce"", remoulade sauce, liquid hot pepper sauce, pasta sauce, sweet and sour sauce,soya sauce, spaghetti sauce with meat, hollandaise sauce mix, louisiana hot sauce, garlic sauce, green enchilada sauce,soy sauce, red enchilada sauce, pickapeppa sauce, bearnaise sauce mix, seafood cocktail sauce, dark soya sauce, alfredo sauce, cayenne pepper sauce, maggi seasoning sauce, unsweetened applesauce, thai fish sauce,reduced sodium soy sauce, steak sauce,light soy sauce, browning sauce, plum sauce, hunts tomato sauce, tomato and basil pasta sauce, marinara sauce, pork and beans in tomato sauce, three-cheese pasta sauce, ponzu sauce, habanero sauce, ragu tomato sauce, peanut sauce, tabasco brand chipotle pepper sauce, brown bean sauce, szechwan chili sauce, lea & perrins worcestershire sauce,teriyaki sauce, hot red pepper sauce, pinto beans in chili sauce, rag pasta sauce']"
318384,mutha sauce,"vegetable oil, onion, green pepper, jalapeno pepper, kosher salt, black pepper, garlic, tomato sauce, ketchup, water, worcestershire sauce, cider vinegar, lemon juice, molasses, cayenne pepper sauce, spicy brown mustard, dark brown sugar, chili powder, ground allspice, liquid smoke",store,8,{}
318384,mutha sauce,"vegetable oil, onion, green pepper, jalapeno pepper, kosher salt, black pepper, garlic, tomato sauce, ketchup, water, worcestershire sauce, cider vinegar, lemon juice, molasses, cayenne pepper sauce, spicy brown mustard, dark brown sugar, chili powder, ground allspice, liquid smoke",use,8,{}
318384,mutha sauce,"vegetable oil, onion, green pepper, jalapeno pepper, kosher salt, black pepper, garlic, tomato sauce, ketchup, water, worcestershire sauce, cider vinegar, lemon juice, molasses, cayenne pepper sauce, spicy brown mustard, dark brown sugar, chili powder, ground allspice, liquid smoke",minced,10,"[' habanero pepper, habanero peppers, habanero sauce, red peppers, fresh jalapeno peppers, red bell peppers, piquillo peppers, green peppers, bell peppers, yellow peppers, dried red chili peppers, red chili peppers, pepperoncini peppers, green bell peppers, chinese red peppers, yellow bell peppers, jalapeno peppers, chipotle peppers, chili peppers, pickled sweet peppers, roasted red and yellow peppers, roasted red peppers,roasted red peppers, scotch bonnet peppers, poblano peppers, dried hot peppers,bell peppers,dried pasilla peppers, serrano peppers, fresh chili peppers, pickled jalapeno peppers,red bell peppers, ground dried arbol chile peppers, hot green chili peppers, hot red chili peppers, thai peppers, hot banana peppers, tomatoes with jalapeno peppers, green chili peppers, banana peppers']"
318384,mutha sauce,"vegetable oil, onion, green pepper, jalapeno pepper, kosher salt, black pepper, garlic, tomato sauce, ketchup, water, worcestershire sauce, cider vinegar, lemon juice, molasses, cayenne pepper sauce, spicy brown mustard, dark brown sugar, chili powder, ground allspice, liquid smoke",witht,10,"[' habanero pepper, habanero peppers, habanero sauce, red peppers, fresh jalapeno peppers, red bell peppers, piquillo peppers, green peppers, bell peppers, yellow peppers, dried red chili peppers, red chili peppers, pepperoncini peppers, green bell peppers, chinese red peppers, yellow bell peppers, jalapeno peppers, chipotle peppers, chili peppers, pickled sweet peppers, roasted red and yellow peppers, roasted red peppers,roasted red peppers, scotch bonnet peppers, poblano peppers, dried hot peppers,bell peppers,dried pasilla peppers, serrano peppers, fresh chili peppers, pickled jalapeno peppers,red bell peppers, ground dried arbol chile peppers, hot green chili peppers, hot red chili peppers, thai peppers, hot banana peppers, tomatoes with jalapeno peppers, green chili peppers, banana peppers']"
318384,mutha sauce,"vegetable oil, onion, green pepper, jalapeno pepper, kosher salt, black pepper, garlic, tomato sauce, ketchup, water, worcestershire sauce, cider vinegar, lemon juice, molasses, cayenne pepper sauce, spicy brown mustard, dark brown sugar, chili powder, ground allspice, liquid smoke",witht,11,"[' cayenne pepper, ground cayenne pepper, cayenne, cayenne powder, red cayenne pepper, cayenne pepper sauce']"
318384,mutha sauce,"vegetable oil, onion, green pepper, jalapeno pepper, kosher salt, black pepper, garlic, tomato sauce, ketchup, water, worcestershire sauce, cider vinegar, lemon juice, molasses, cayenne pepper sauce, spicy brown mustard, dark brown sugar, chili powder, ground allspice, liquid smoke",onions,10,"[' habanero pepper, habanero peppers, habanero sauce, red peppers, fresh jalapeno peppers, red bell peppers, piquillo peppers, green peppers, bell peppers, yellow peppers, dried red chili peppers, red chili peppers, pepperoncini peppers, green bell peppers, chinese red peppers, yellow bell peppers, jalapeno peppers, chipotle peppers, chili peppers, pickled sweet peppers, roasted red and yellow peppers, roasted red peppers,roasted red peppers, scotch bonnet peppers, poblano peppers, dried hot peppers,bell peppers,dried pasilla peppers, serrano peppers, fresh chili peppers, pickled jalapeno peppers,red bell peppers, ground dried arbol chile peppers, hot green chili peppers, hot red chili peppers, thai peppers, hot banana peppers, tomatoes with jalapeno peppers, green chili peppers, banana peppers']"
