Id,Name,AllIngredients,Verbs,Steps,Ingredient
334119,not just for easter carrot cake,"whole wheat flour, all-purpose flour, baking soda, ground cinnamon, salt, ground nutmeg, ground ginger, sugar, light brown sugar, buttermilk, vegetable oil, eggs, vanilla extract, carrot, crushed pineapple, walnuts, flaked coconut, raisins, butter, cream cheese, ""confectioners sugar"", orange rind, marzipan carrots",waxed,2,"[' bacon grease,bacon grease, fresh coarse ground black pepper, ground cinnamon, ground cloves, ground cumin, ground coriander, ground cayenne pepper,ground sirloin, ground turkey, ground pork, fresh ground black pepper, ground beef round, ground cardamom, ground beef, ground ginger, ground nutmeg, salt & freshly ground black pepper, lean ground beef, ground allspice, ground red pepper, ground black pepper, ground turmeric, ground fenugreek, kosher salt & freshly ground black pepper, fresh ground white pepper, ground chicken, ground star anise,ground pork, ground turkey breast,ground beef, ground paprika, ground veal,lean ground beef, fresh ground pepper, ground coffee, lean ground turkey, ground mustard,lean ground sirloin, ground sirloin, ground buffalo meat, ground pepper, ground walnuts, ground sage, ground lamb, ground lean pork, ground meat substitute, ground basil, ground thyme,ground chicken, pita bread rounds, ground mace, ground dried chile, coarse ground beef, ground oregano, salt & fresh ground pepper,extra lean ground chuck,ground cumin, ground almonds,ground turkey,ground coriander, chili-style ground beef, ground szechuan peppercorns,ground meat, ground flax seeds,80% lean ground beef, ground round, ground chuck,ground lamb, ground meat, ground fennel, ground chipotle chile pepper, ""yves veggie ground round"", ground aniseed, ground dried arbol chile peppers,pita bread rounds, ground marjoram,ground chuck, pita bread round,lean ground chuck, extra lean ground beef, lean ground lamb, stone-ground white cornmeal, ground white pepper,lean ground turkey, ground rosemary,ground veal,lean ground lamb,lean ground veal, lean ground pork shoulder,extra lean ground beef, round steaks, round steak,ground turkey breast,cake flour, cake flour,pancakes, parchment paper,all-purpose flour, buckwheat flour, flour, all-purpose flour, flour tortillas, white flour, whole wheat flour, unbleached all-purpose flour,flour,whole wheat flour, plain flour, cornflour, chickpea flour, self rising flour,buckwheat flour, flour tortilla, oat flour, rye flour, gram flour,bread flour,flour tortillas, gluten-free flour, wheat flour, self-rising flour, besan flour, rice flour,unbleached all-purpose flour, whole grain wheat flour,wheat flour, almond flour,brown rice flour, tapioca flour, sorghum flour, teff flour,unbleached flour, seasoned flour,plain flour, water chestnut flour, bread flour,oat flour, gluten flour, refined flour, unbleached flour, white whole wheat flour, whole wheat pastry flour, unsifted flour, unbleached white flour, burrito-size flour tortillas']"
334119,not just for easter carrot cake,"whole wheat flour, all-purpose flour, baking soda, ground cinnamon, salt, ground nutmeg, ground ginger, sugar, light brown sugar, buttermilk, vegetable oil, eggs, vanilla extract, carrot, crushed pineapple, walnuts, flaked coconut, raisins, butter, cream cheese, ""confectioners sugar"", orange rind, marzipan carrots",waxed,9,[' parchment paper']
334119,not just for easter carrot cake,"whole wheat flour, all-purpose flour, baking soda, ground cinnamon, salt, ground nutmeg, ground ginger, sugar, light brown sugar, buttermilk, vegetable oil, eggs, vanilla extract, carrot, crushed pineapple, walnuts, flaked coconut, raisins, butter, cream cheese, ""confectioners sugar"", orange rind, marzipan carrots",combine,3,{}
334119,not just for easter carrot cake,"whole wheat flour, all-purpose flour, baking soda, ground cinnamon, salt, ground nutmeg, ground ginger, sugar, light brown sugar, buttermilk, vegetable oil, eggs, vanilla extract, carrot, crushed pineapple, walnuts, flaked coconut, raisins, butter, cream cheese, ""confectioners sugar"", orange rind, marzipan carrots",combine,4,"[' low-fat buttermilk, buttermilk,buttermilk, dry buttermilk, pillsbury grands refrigerated buttermilk biscuits, canola oil, peanut oil, olive oil, vegetable oil,olive oil, extra virgin olive oil, boiling water, sesame oil,peanut oil, palm oil,canola oil, sunflower oil,light olive oil, oil, hard-boiled egg, chili oil, toasted sesame oil, light vegetable oil,oil, rapeseed oil,crab boil seasoning, cooking oil, hard-boiled eggs, sesame seed oil,safflower oil, boiled ham, salad oil, boiled potatoes,vegetable oil, crab boil seasoning, crab boil, coconut oil, olive oil flavored cooking spray,extra virgin olive oil, dark sesame oil, corn oil,sesame oil,olive oil flavored cooking spray, light olive oil, sun-dried tomato packed in oil,grapeseed oil, hardboiled egg, hot chili oil,no-boil lasagna noodles,coconut oil, safflower oil, orange oil, boiling potato, fire oil, grapeseed oil, virgin olive oil,vegetable oil cooking spray,reynolds wrap foil, light vegetable oil cooking spray,boiling water, sun-dried tomatoes packed in oil, reynolds wrap foil, garlic-flavored olive oil, lite olive oil, olive oil mayonnaise,canola oil cooking spray, parboiled rice,cooking oil, walnut oil, white truffle oil, pure olive oil, vegetable oil cooking spray,hard-boiled eggs, boiling potatoes, annatto oil, no-boil lasagna noodles, oil-and-vinegar dressing, eggs,eggs, extra-large eggs,extra large eggs, jumbo eggs, vanilla, vanilla extract, pure vanilla extract,vanilla extract, vanilla essence, gluten-free vanilla extract, nonfat vanilla yogurt, white vanilla']"
334119,not just for easter carrot cake,"whole wheat flour, all-purpose flour, baking soda, ground cinnamon, salt, ground nutmeg, ground ginger, sugar, light brown sugar, buttermilk, vegetable oil, eggs, vanilla extract, carrot, crushed pineapple, walnuts, flaked coconut, raisins, butter, cream cheese, ""confectioners sugar"", orange rind, marzipan carrots",combine,10,"[' sour cream, cream cheese, cream, reduced-fat creamy peanut butter, reduced-fat cream cheese, cream of chicken soup, cream of mushroom soup, fat free sour cream,cream cheese, spinach and artichoke cream cheese, heavy cream,sour cream, whipped cream cheese, light cream, double cream, whipping cream, whipped cream, half-and-half cream, cream sherry, low-fat sour cream, cream of wild mushroom soup, nonfat sour cream, cream cheese with garlic and herbs, heavy whipping cream, sweetened whipped cream, horseradish cream, cream of tartar, cream cheese frosting, ""campbells cream of shrimp soup"", condensed cream of chicken soup, cream of coconut, creamed corn, creamed coconut, light sour cream, light cream cheese, 10% cream,coconut cream, ice cream cones, low-fat cream cheese,nonfat sour cream, vegan sour cream, coconut cream, fat-free cream cheese, marshmallow cream,whipping cream, ""campbells cream of chicken soup"",cream of mushroom soup, fat free cream cheese, single cream, creamy peanut butter, cream of shrimp soup, tofutti sour cream, tofutti better-than-cream-cheese, monterey jack cheese, parmesan cheese, mozzarella cheese, ricotta cheese, parmigiano-reggiano cheese, sharp cheddar cheese, swiss cheese, cheddar cheese, teleme cheese, manchego cheese, gruyere cheese, processed cheese, soy mozzarella cheese, romano cheese, blue cheese-stuffed olives, italian cheese blend, feta cheese, yellow cheese, shredded cheddar cheese,part-skim ricotta cheese, colby cheese, colby-monterey jack cheese, mexican blend cheese, mascarpone cheese, extra-sharp cheddar cheese, cheese, monterey jack pepper cheese, blue cheese, cottage cheese, jalapeno jack cheese, cotija cheese, vegan cheddar cheese, asiago cheese, asadero cheese, low-fat cheese, ""goats cheese"", white cheddar cheese, provolone cheese, cheese slice, cheese spread, goat cheese, gouda cheese,small curd cottage cheese,jalapeno jack cheese, parmesan-romano cheese mix, velveeta cheese, smoked gouda cheese, cheese slices, sharp white cheddar cheese, old cheddar cheese, fat free mozzarella cheese, fat-free cheddar cheese, reduced-fat sharp cheddar cheese, fresh parmesan cheese, pre-shredded mozzarella cheese, requeson cheese, jarlsberg cheese, pizza cheese, whole milk ricotta cheese, laughing cow light swiss cheese, mizithra cheese, reduced-fat monterey jack cheese, monterey jack and cheddar cheese blend, muenster cheese, soft fresh goat cheese, fat free monterey jack pepper cheese, neufchatel cheese, light cheddar cheese, low fat cottage cheese, pecorino cheese,monterey jack cheese, small curd cottage cheese, kasseri cheese,feta cheese, nonfat cottage cheese, american cheese, vegan cheese, mild cheddar cheese, low-fat ricotta cheese, lowfat mozzarella cheese, part-skim mozzarella cheese, fat-free ricotta cheese, jalapeno pepper cheese, three-cheese pasta sauce, roquefort cheese, fresh mozzarella cheese, chevre cheese, low-fat sharp cheddar cheese, reduced-fat cheddar cheese, reduced-fat feta cheese, reduced-fat mozzarella cheese, 1% fat cottage cheese, danish blue cheese, cheesecloth, low-fat low-sodium swiss cheese, smoked mozzarella cheese, fontina cheese, 2% fat cottage cheese, pecorino romano cheese, hard cheese, non-dairy cheddar cheese, low-fat buttermilk, butter, unsalted butter,unsalted butter,butter, buttermilk, peanut butter, natural-style peanut butter, coconut butter, clarified butter,butternut squash, smooth cashew butter, smooth peanut butter, butternut squash,peanut butter, butter flavor shortening, salted butter, sweet butter, butter lettuce leaves, chunky peanut butter,buttermilk, light butter, butter flavored crackers, peanut butter chips, dry buttermilk, pillsbury grands refrigerated buttermilk biscuits, butter beans,clarified butter, whipped butter, butter lettuce leaf, almond butter, light molasses,light olive oil, light vegetable oil, light brown sugar, light corn syrup, light soy sauce, light olive oil,light mayonnaise, light kidney beans, light mayonnaise, light coconut milk, light-brown sugar, light vegetable oil cooking spray,light soy sauce,light brown sugar']"
334119,not just for easter carrot cake,"whole wheat flour, all-purpose flour, baking soda, ground cinnamon, salt, ground nutmeg, ground ginger, sugar, light brown sugar, buttermilk, vegetable oil, eggs, vanilla extract, carrot, crushed pineapple, walnuts, flaked coconut, raisins, butter, cream cheese, ""confectioners sugar"", orange rind, marzipan carrots",set,3,{}
334119,not just for easter carrot cake,"whole wheat flour, all-purpose flour, baking soda, ground cinnamon, salt, ground nutmeg, ground ginger, sugar, light brown sugar, buttermilk, vegetable oil, eggs, vanilla extract, carrot, crushed pineapple, walnuts, flaked coconut, raisins, butter, cream cheese, ""confectioners sugar"", orange rind, marzipan carrots",blended,4,"[' low-fat buttermilk, buttermilk,buttermilk, dry buttermilk, pillsbury grands refrigerated buttermilk biscuits, canola oil, peanut oil, olive oil, vegetable oil,olive oil, extra virgin olive oil, boiling water, sesame oil,peanut oil, palm oil,canola oil, sunflower oil,light olive oil, oil, hard-boiled egg, chili oil, toasted sesame oil, light vegetable oil,oil, rapeseed oil,crab boil seasoning, cooking oil, hard-boiled eggs, sesame seed oil,safflower oil, boiled ham, salad oil, boiled potatoes,vegetable oil, crab boil seasoning, crab boil, coconut oil, olive oil flavored cooking spray,extra virgin olive oil, dark sesame oil, corn oil,sesame oil,olive oil flavored cooking spray, light olive oil, sun-dried tomato packed in oil,grapeseed oil, hardboiled egg, hot chili oil,no-boil lasagna noodles,coconut oil, safflower oil, orange oil, boiling potato, fire oil, grapeseed oil, virgin olive oil,vegetable oil cooking spray,reynolds wrap foil, light vegetable oil cooking spray,boiling water, sun-dried tomatoes packed in oil, reynolds wrap foil, garlic-flavored olive oil, lite olive oil, olive oil mayonnaise,canola oil cooking spray, parboiled rice,cooking oil, walnut oil, white truffle oil, pure olive oil, vegetable oil cooking spray,hard-boiled eggs, boiling potatoes, annatto oil, no-boil lasagna noodles, oil-and-vinegar dressing, eggs,eggs, extra-large eggs,extra large eggs, jumbo eggs, vanilla, vanilla extract, pure vanilla extract,vanilla extract, vanilla essence, gluten-free vanilla extract, nonfat vanilla yogurt, white vanilla']"
334119,not just for easter carrot cake,"whole wheat flour, all-purpose flour, baking soda, ground cinnamon, salt, ground nutmeg, ground ginger, sugar, light brown sugar, buttermilk, vegetable oil, eggs, vanilla extract, carrot, crushed pineapple, walnuts, flaked coconut, raisins, butter, cream cheese, ""confectioners sugar"", orange rind, marzipan carrots",add,5,"['all-purpose flour, buckwheat flour, flour, all-purpose flour, flour tortillas, white flour, whole wheat flour, unbleached all-purpose flour,flour,whole wheat flour, plain flour, cornflour, chickpea flour, self rising flour,cake flour,buckwheat flour, flour tortilla, oat flour, rye flour, gram flour, cake flour,bread flour,flour tortillas, gluten-free flour, wheat flour, self-rising flour, besan flour, rice flour,unbleached all-purpose flour, whole grain wheat flour,wheat flour, almond flour,brown rice flour, tapioca flour, sorghum flour, teff flour,unbleached flour, seasoned flour,plain flour, water chestnut flour, bread flour,oat flour, gluten flour, refined flour, unbleached flour, white whole wheat flour, whole wheat pastry flour, unsifted flour, unbleached white flour, burrito-size flour tortillas,carrots, carrots, baby carrots,baby carrots,fresh carrots, fresh carrots, marzipan carrots, unsweetened pineapple juice, pineapple juice, pineapple, pineapple chunks in juice, crushed pineapple, pineapple chunks, pineapple tidbits, pineapple-mango jam, pineapple chunk, pineapple juice concentrate, fresh pineapple chunks, fresh pineapple, canned crushed pineapple, pineapple rings, walnuts, ground walnuts,english walnuts, desiccated coconut, coconut milk, coconut, coconut extract, sweetened coconut, coconut butter, flaked coconut, coconut milk powder, shredded coconut, unsweetened coconut milk, coconuts, coconut oil, dried coconut, unsweetened dried shredded coconut,sweetened flaked coconut, unsweetened flaked coconut,coconut water, coconut rum, coconut syrup,coconut oil, cream of coconut,coconut milk, creamed coconut, sweetened flaked coconut, grated fresh coconut, unsweetened coconut, dried shredded coconut, light coconut milk, coconut flavoring,coconut cream, coconut cream, fresh coconut, low-fat coconut milk, raisins, craisins, golden raisins,raisins, white raisins']"
334119,not just for easter carrot cake,"whole wheat flour, all-purpose flour, baking soda, ground cinnamon, salt, ground nutmeg, ground ginger, sugar, light brown sugar, buttermilk, vegetable oil, eggs, vanilla extract, carrot, crushed pineapple, walnuts, flaked coconut, raisins, butter, cream cheese, ""confectioners sugar"", orange rind, marzipan carrots",add,11,"[' brown sugar, sugar, dark brown sugar, powdered sugar, white sugar, ""confectioners sugar"", granulated sugar, cinnamon sugar,sugar, light brown sugar, icing sugar,granulated sugar, sugar snap pea, unbleached cane sugar,dark brown sugar, palm sugar, caster sugar, sugar-free chocolate syrup, splenda sugar substitute, golden brown sugar, turbinado sugar, no-sugar-added raspberry jam, light-brown sugar,brown sugar, coarse sugar,light brown sugar,sugar-free strawberry jam, raw sugar, ""sweetn low brown sugar substitute"", orange rind, rind of, lime rind, tamarind paste, tamarind juice, lemon rind, tamarind pulp, dried tamarind,tamarind paste, tamarind chutney, rindless bacon, vanilla, vanilla extract, pure vanilla extract,vanilla extract, vanilla essence, gluten-free vanilla extract, nonfat vanilla yogurt, white vanilla']"
334119,not just for easter carrot cake,"whole wheat flour, all-purpose flour, baking soda, ground cinnamon, salt, ground nutmeg, ground ginger, sugar, light brown sugar, buttermilk, vegetable oil, eggs, vanilla extract, carrot, crushed pineapple, walnuts, flaked coconut, raisins, butter, cream cheese, ""confectioners sugar"", orange rind, marzipan carrots",stirring,5,"['all-purpose flour, buckwheat flour, flour, all-purpose flour, flour tortillas, white flour, whole wheat flour, unbleached all-purpose flour,flour,whole wheat flour, plain flour, cornflour, chickpea flour, self rising flour,cake flour,buckwheat flour, flour tortilla, oat flour, rye flour, gram flour, cake flour,bread flour,flour tortillas, gluten-free flour, wheat flour, self-rising flour, besan flour, rice flour,unbleached all-purpose flour, whole grain wheat flour,wheat flour, almond flour,brown rice flour, tapioca flour, sorghum flour, teff flour,unbleached flour, seasoned flour,plain flour, water chestnut flour, bread flour,oat flour, gluten flour, refined flour, unbleached flour, white whole wheat flour, whole wheat pastry flour, unsifted flour, unbleached white flour, burrito-size flour tortillas,carrots, carrots, baby carrots,baby carrots,fresh carrots, fresh carrots, marzipan carrots, unsweetened pineapple juice, pineapple juice, pineapple, pineapple chunks in juice, crushed pineapple, pineapple chunks, pineapple tidbits, pineapple-mango jam, pineapple chunk, pineapple juice concentrate, fresh pineapple chunks, fresh pineapple, canned crushed pineapple, pineapple rings, walnuts, ground walnuts,english walnuts, desiccated coconut, coconut milk, coconut, coconut extract, sweetened coconut, coconut butter, flaked coconut, coconut milk powder, shredded coconut, unsweetened coconut milk, coconuts, coconut oil, dried coconut, unsweetened dried shredded coconut,sweetened flaked coconut, unsweetened flaked coconut,coconut water, coconut rum, coconut syrup,coconut oil, cream of coconut,coconut milk, creamed coconut, sweetened flaked coconut, grated fresh coconut, unsweetened coconut, dried shredded coconut, light coconut milk, coconut flavoring,coconut cream, coconut cream, fresh coconut, low-fat coconut milk, raisins, craisins, golden raisins,raisins, white raisins']"
334119,not just for easter carrot cake,"whole wheat flour, all-purpose flour, baking soda, ground cinnamon, salt, ground nutmeg, ground ginger, sugar, light brown sugar, buttermilk, vegetable oil, eggs, vanilla extract, carrot, crushed pineapple, walnuts, flaked coconut, raisins, butter, cream cheese, ""confectioners sugar"", orange rind, marzipan carrots",incorporated,5,"['all-purpose flour, buckwheat flour, flour, all-purpose flour, flour tortillas, white flour, whole wheat flour, unbleached all-purpose flour,flour,whole wheat flour, plain flour, cornflour, chickpea flour, self rising flour,cake flour,buckwheat flour, flour tortilla, oat flour, rye flour, gram flour, cake flour,bread flour,flour tortillas, gluten-free flour, wheat flour, self-rising flour, besan flour, rice flour,unbleached all-purpose flour, whole grain wheat flour,wheat flour, almond flour,brown rice flour, tapioca flour, sorghum flour, teff flour,unbleached flour, seasoned flour,plain flour, water chestnut flour, bread flour,oat flour, gluten flour, refined flour, unbleached flour, white whole wheat flour, whole wheat pastry flour, unsifted flour, unbleached white flour, burrito-size flour tortillas,carrots, carrots, baby carrots,baby carrots,fresh carrots, fresh carrots, marzipan carrots, unsweetened pineapple juice, pineapple juice, pineapple, pineapple chunks in juice, crushed pineapple, pineapple chunks, pineapple tidbits, pineapple-mango jam, pineapple chunk, pineapple juice concentrate, fresh pineapple chunks, fresh pineapple, canned crushed pineapple, pineapple rings, walnuts, ground walnuts,english walnuts, desiccated coconut, coconut milk, coconut, coconut extract, sweetened coconut, coconut butter, flaked coconut, coconut milk powder, shredded coconut, unsweetened coconut milk, coconuts, coconut oil, dried coconut, unsweetened dried shredded coconut,sweetened flaked coconut, unsweetened flaked coconut,coconut water, coconut rum, coconut syrup,coconut oil, cream of coconut,coconut milk, creamed coconut, sweetened flaked coconut, grated fresh coconut, unsweetened coconut, dried shredded coconut, light coconut milk, coconut flavoring,coconut cream, coconut cream, fresh coconut, low-fat coconut milk, raisins, craisins, golden raisins,raisins, white raisins']"
334119,not just for easter carrot cake,"whole wheat flour, all-purpose flour, baking soda, ground cinnamon, salt, ground nutmeg, ground ginger, sugar, light brown sugar, buttermilk, vegetable oil, eggs, vanilla extract, carrot, crushed pineapple, walnuts, flaked coconut, raisins, butter, cream cheese, ""confectioners sugar"", orange rind, marzipan carrots",pour,6,"['batter,cake flour, cake flour,pancakes']"
334119,not just for easter carrot cake,"whole wheat flour, all-purpose flour, baking soda, ground cinnamon, salt, ground nutmeg, ground ginger, sugar, light brown sugar, buttermilk, vegetable oil, eggs, vanilla extract, carrot, crushed pineapple, walnuts, flaked coconut, raisins, butter, cream cheese, ""confectioners sugar"", orange rind, marzipan carrots",comes,7,"[' baked corn tortilla chips, minute rice,cake flour, cake flour,pancakes']"
334119,not just for easter carrot cake,"whole wheat flour, all-purpose flour, baking soda, ground cinnamon, salt, ground nutmeg, ground ginger, sugar, light brown sugar, buttermilk, vegetable oil, eggs, vanilla extract, carrot, crushed pineapple, walnuts, flaked coconut, raisins, butter, cream cheese, ""confectioners sugar"", orange rind, marzipan carrots",loosen,8,"['cake flour, cake flour,pancakes, lemon wedges, lime wedges, panko breadcrumbs, campanelle pasta, pancetta, spanish onion, spanish olives with pimento, panir,pancetta,panir, japanese eggplants, japanese-style bread crumbs, spanish olives,spanish onion, pan dripping, japanese eggplant, marzipan carrots, lamb racks']"
334119,not just for easter carrot cake,"whole wheat flour, all-purpose flour, baking soda, ground cinnamon, salt, ground nutmeg, ground ginger, sugar, light brown sugar, buttermilk, vegetable oil, eggs, vanilla extract, carrot, crushed pineapple, walnuts, flaked coconut, raisins, butter, cream cheese, ""confectioners sugar"", orange rind, marzipan carrots",peel,9,[' parchment paper']
334119,not just for easter carrot cake,"whole wheat flour, all-purpose flour, baking soda, ground cinnamon, salt, ground nutmeg, ground ginger, sugar, light brown sugar, buttermilk, vegetable oil, eggs, vanilla extract, carrot, crushed pineapple, walnuts, flaked coconut, raisins, butter, cream cheese, ""confectioners sugar"", orange rind, marzipan carrots",let,9,[' parchment paper']
334119,not just for easter carrot cake,"whole wheat flour, all-purpose flour, baking soda, ground cinnamon, salt, ground nutmeg, ground ginger, sugar, light brown sugar, buttermilk, vegetable oil, eggs, vanilla extract, carrot, crushed pineapple, walnuts, flaked coconut, raisins, butter, cream cheese, ""confectioners sugar"", orange rind, marzipan carrots",cool,9,[' parchment paper']
334119,not just for easter carrot cake,"whole wheat flour, all-purpose flour, baking soda, ground cinnamon, salt, ground nutmeg, ground ginger, sugar, light brown sugar, buttermilk, vegetable oil, eggs, vanilla extract, carrot, crushed pineapple, walnuts, flaked coconut, raisins, butter, cream cheese, ""confectioners sugar"", orange rind, marzipan carrots",make,10,"[' sour cream, cream cheese, cream, reduced-fat creamy peanut butter, reduced-fat cream cheese, cream of chicken soup, cream of mushroom soup, fat free sour cream,cream cheese, spinach and artichoke cream cheese, heavy cream,sour cream, whipped cream cheese, light cream, double cream, whipping cream, whipped cream, half-and-half cream, cream sherry, low-fat sour cream, cream of wild mushroom soup, nonfat sour cream, cream cheese with garlic and herbs, heavy whipping cream, sweetened whipped cream, horseradish cream, cream of tartar, cream cheese frosting, ""campbells cream of shrimp soup"", condensed cream of chicken soup, cream of coconut, creamed corn, creamed coconut, light sour cream, light cream cheese, 10% cream,coconut cream, ice cream cones, low-fat cream cheese,nonfat sour cream, vegan sour cream, coconut cream, fat-free cream cheese, marshmallow cream,whipping cream, ""campbells cream of chicken soup"",cream of mushroom soup, fat free cream cheese, single cream, creamy peanut butter, cream of shrimp soup, tofutti sour cream, tofutti better-than-cream-cheese, monterey jack cheese, parmesan cheese, mozzarella cheese, ricotta cheese, parmigiano-reggiano cheese, sharp cheddar cheese, swiss cheese, cheddar cheese, teleme cheese, manchego cheese, gruyere cheese, processed cheese, soy mozzarella cheese, romano cheese, blue cheese-stuffed olives, italian cheese blend, feta cheese, yellow cheese, shredded cheddar cheese,part-skim ricotta cheese, colby cheese, colby-monterey jack cheese, mexican blend cheese, mascarpone cheese, extra-sharp cheddar cheese, cheese, monterey jack pepper cheese, blue cheese, cottage cheese, jalapeno jack cheese, cotija cheese, vegan cheddar cheese, asiago cheese, asadero cheese, low-fat cheese, ""goats cheese"", white cheddar cheese, provolone cheese, cheese slice, cheese spread, goat cheese, gouda cheese,small curd cottage cheese,jalapeno jack cheese, parmesan-romano cheese mix, velveeta cheese, smoked gouda cheese, cheese slices, sharp white cheddar cheese, old cheddar cheese, fat free mozzarella cheese, fat-free cheddar cheese, reduced-fat sharp cheddar cheese, fresh parmesan cheese, pre-shredded mozzarella cheese, requeson cheese, jarlsberg cheese, pizza cheese, whole milk ricotta cheese, laughing cow light swiss cheese, mizithra cheese, reduced-fat monterey jack cheese, monterey jack and cheddar cheese blend, muenster cheese, soft fresh goat cheese, fat free monterey jack pepper cheese, neufchatel cheese, light cheddar cheese, low fat cottage cheese, pecorino cheese,monterey jack cheese, small curd cottage cheese, kasseri cheese,feta cheese, nonfat cottage cheese, american cheese, vegan cheese, mild cheddar cheese, low-fat ricotta cheese, lowfat mozzarella cheese, part-skim mozzarella cheese, fat-free ricotta cheese, jalapeno pepper cheese, three-cheese pasta sauce, roquefort cheese, fresh mozzarella cheese, chevre cheese, low-fat sharp cheddar cheese, reduced-fat cheddar cheese, reduced-fat feta cheese, reduced-fat mozzarella cheese, 1% fat cottage cheese, danish blue cheese, cheesecloth, low-fat low-sodium swiss cheese, smoked mozzarella cheese, fontina cheese, 2% fat cottage cheese, pecorino romano cheese, hard cheese, non-dairy cheddar cheese, low-fat buttermilk, butter, unsalted butter,unsalted butter,butter, buttermilk, peanut butter, natural-style peanut butter, coconut butter, clarified butter,butternut squash, smooth cashew butter, smooth peanut butter, butternut squash,peanut butter, butter flavor shortening, salted butter, sweet butter, butter lettuce leaves, chunky peanut butter,buttermilk, light butter, butter flavored crackers, peanut butter chips, dry buttermilk, pillsbury grands refrigerated buttermilk biscuits, butter beans,clarified butter, whipped butter, butter lettuce leaf, almond butter, light molasses,light olive oil, light vegetable oil, light brown sugar, light corn syrup, light soy sauce, light olive oil,light mayonnaise, light kidney beans, light mayonnaise, light coconut milk, light-brown sugar, light vegetable oil cooking spray,light soy sauce,light brown sugar']"
334119,not just for easter carrot cake,"whole wheat flour, all-purpose flour, baking soda, ground cinnamon, salt, ground nutmeg, ground ginger, sugar, light brown sugar, buttermilk, vegetable oil, eggs, vanilla extract, carrot, crushed pineapple, walnuts, flaked coconut, raisins, butter, cream cheese, ""confectioners sugar"", orange rind, marzipan carrots",beating,10,"[' sour cream, cream cheese, cream, reduced-fat creamy peanut butter, reduced-fat cream cheese, cream of chicken soup, cream of mushroom soup, fat free sour cream,cream cheese, spinach and artichoke cream cheese, heavy cream,sour cream, whipped cream cheese, light cream, double cream, whipping cream, whipped cream, half-and-half cream, cream sherry, low-fat sour cream, cream of wild mushroom soup, nonfat sour cream, cream cheese with garlic and herbs, heavy whipping cream, sweetened whipped cream, horseradish cream, cream of tartar, cream cheese frosting, ""campbells cream of shrimp soup"", condensed cream of chicken soup, cream of coconut, creamed corn, creamed coconut, light sour cream, light cream cheese, 10% cream,coconut cream, ice cream cones, low-fat cream cheese,nonfat sour cream, vegan sour cream, coconut cream, fat-free cream cheese, marshmallow cream,whipping cream, ""campbells cream of chicken soup"",cream of mushroom soup, fat free cream cheese, single cream, creamy peanut butter, cream of shrimp soup, tofutti sour cream, tofutti better-than-cream-cheese, monterey jack cheese, parmesan cheese, mozzarella cheese, ricotta cheese, parmigiano-reggiano cheese, sharp cheddar cheese, swiss cheese, cheddar cheese, teleme cheese, manchego cheese, gruyere cheese, processed cheese, soy mozzarella cheese, romano cheese, blue cheese-stuffed olives, italian cheese blend, feta cheese, yellow cheese, shredded cheddar cheese,part-skim ricotta cheese, colby cheese, colby-monterey jack cheese, mexican blend cheese, mascarpone cheese, extra-sharp cheddar cheese, cheese, monterey jack pepper cheese, blue cheese, cottage cheese, jalapeno jack cheese, cotija cheese, vegan cheddar cheese, asiago cheese, asadero cheese, low-fat cheese, ""goats cheese"", white cheddar cheese, provolone cheese, cheese slice, cheese spread, goat cheese, gouda cheese,small curd cottage cheese,jalapeno jack cheese, parmesan-romano cheese mix, velveeta cheese, smoked gouda cheese, cheese slices, sharp white cheddar cheese, old cheddar cheese, fat free mozzarella cheese, fat-free cheddar cheese, reduced-fat sharp cheddar cheese, fresh parmesan cheese, pre-shredded mozzarella cheese, requeson cheese, jarlsberg cheese, pizza cheese, whole milk ricotta cheese, laughing cow light swiss cheese, mizithra cheese, reduced-fat monterey jack cheese, monterey jack and cheddar cheese blend, muenster cheese, soft fresh goat cheese, fat free monterey jack pepper cheese, neufchatel cheese, light cheddar cheese, low fat cottage cheese, pecorino cheese,monterey jack cheese, small curd cottage cheese, kasseri cheese,feta cheese, nonfat cottage cheese, american cheese, vegan cheese, mild cheddar cheese, low-fat ricotta cheese, lowfat mozzarella cheese, part-skim mozzarella cheese, fat-free ricotta cheese, jalapeno pepper cheese, three-cheese pasta sauce, roquefort cheese, fresh mozzarella cheese, chevre cheese, low-fat sharp cheddar cheese, reduced-fat cheddar cheese, reduced-fat feta cheese, reduced-fat mozzarella cheese, 1% fat cottage cheese, danish blue cheese, cheesecloth, low-fat low-sodium swiss cheese, smoked mozzarella cheese, fontina cheese, 2% fat cottage cheese, pecorino romano cheese, hard cheese, non-dairy cheddar cheese, low-fat buttermilk, butter, unsalted butter,unsalted butter,butter, buttermilk, peanut butter, natural-style peanut butter, coconut butter, clarified butter,butternut squash, smooth cashew butter, smooth peanut butter, butternut squash,peanut butter, butter flavor shortening, salted butter, sweet butter, butter lettuce leaves, chunky peanut butter,buttermilk, light butter, butter flavored crackers, peanut butter chips, dry buttermilk, pillsbury grands refrigerated buttermilk biscuits, butter beans,clarified butter, whipped butter, butter lettuce leaf, almond butter, light molasses,light olive oil, light vegetable oil, light brown sugar, light corn syrup, light soy sauce, light olive oil,light mayonnaise, light kidney beans, light mayonnaise, light coconut milk, light-brown sugar, light vegetable oil cooking spray,light soy sauce,light brown sugar']"
334119,not just for easter carrot cake,"whole wheat flour, all-purpose flour, baking soda, ground cinnamon, salt, ground nutmeg, ground ginger, sugar, light brown sugar, buttermilk, vegetable oil, eggs, vanilla extract, carrot, crushed pineapple, walnuts, flaked coconut, raisins, butter, cream cheese, ""confectioners sugar"", orange rind, marzipan carrots",mixing,11,"[' brown sugar, sugar, dark brown sugar, powdered sugar, white sugar, ""confectioners sugar"", granulated sugar, cinnamon sugar,sugar, light brown sugar, icing sugar,granulated sugar, sugar snap pea, unbleached cane sugar,dark brown sugar, palm sugar, caster sugar, sugar-free chocolate syrup, splenda sugar substitute, golden brown sugar, turbinado sugar, no-sugar-added raspberry jam, light-brown sugar,brown sugar, coarse sugar,light brown sugar,sugar-free strawberry jam, raw sugar, ""sweetn low brown sugar substitute"", orange rind, rind of, lime rind, tamarind paste, tamarind juice, lemon rind, tamarind pulp, dried tamarind,tamarind paste, tamarind chutney, rindless bacon, vanilla, vanilla extract, pure vanilla extract,vanilla extract, vanilla essence, gluten-free vanilla extract, nonfat vanilla yogurt, white vanilla']"
334119,not just for easter carrot cake,"whole wheat flour, all-purpose flour, baking soda, ground cinnamon, salt, ground nutmeg, ground ginger, sugar, light brown sugar, buttermilk, vegetable oil, eggs, vanilla extract, carrot, crushed pineapple, walnuts, flaked coconut, raisins, butter, cream cheese, ""confectioners sugar"", orange rind, marzipan carrots",are,12,"['pancakes, boneless pork top loin, scallion top, green onion top, green onions with top, onion tops, top sirloin steaks, green onion tops,cake flour, cake flour']"
334119,not just for easter carrot cake,"whole wheat flour, all-purpose flour, baking soda, ground cinnamon, salt, ground nutmeg, ground ginger, sugar, light brown sugar, buttermilk, vegetable oil, eggs, vanilla extract, carrot, crushed pineapple, walnuts, flaked coconut, raisins, butter, cream cheese, ""confectioners sugar"", orange rind, marzipan carrots",spread,12,"['pancakes, boneless pork top loin, scallion top, green onion top, green onions with top, onion tops, top sirloin steaks, green onion tops,cake flour, cake flour']"
334119,not just for easter carrot cake,"whole wheat flour, all-purpose flour, baking soda, ground cinnamon, salt, ground nutmeg, ground ginger, sugar, light brown sugar, buttermilk, vegetable oil, eggs, vanilla extract, carrot, crushed pineapple, walnuts, flaked coconut, raisins, butter, cream cheese, ""confectioners sugar"", orange rind, marzipan carrots",frosting,12,"['pancakes, boneless pork top loin, scallion top, green onion top, green onions with top, onion tops, top sirloin steaks, green onion tops,cake flour, cake flour']"
334119,not just for easter carrot cake,"whole wheat flour, all-purpose flour, baking soda, ground cinnamon, salt, ground nutmeg, ground ginger, sugar, light brown sugar, buttermilk, vegetable oil, eggs, vanilla extract, carrot, crushed pineapple, walnuts, flaked coconut, raisins, butter, cream cheese, ""confectioners sugar"", orange rind, marzipan carrots",desired,13,"[' marzipan carrots,carrots, carrots, baby carrots,baby carrots,fresh carrots, fresh carrots']"
334119,not just for easter carrot cake,"whole wheat flour, all-purpose flour, baking soda, ground cinnamon, salt, ground nutmeg, ground ginger, sugar, light brown sugar, buttermilk, vegetable oil, eggs, vanilla extract, carrot, crushed pineapple, walnuts, flaked coconut, raisins, butter, cream cheese, ""confectioners sugar"", orange rind, marzipan carrots",cutting,14,"[' pillsbury grands refrigerated buttermilk biscuits, refrigerated biscuits']"
