Id,Name,AllIngredients,Verbs,Steps,Ingredient
336469,harvest mexican squash casserole,"butternut squash, canola oil, onion, green bell pepper, zucchini, garlic cloves, jalapeno pepper, dried oregano, corn kernel, fresh basil, tomatoes, kale, light sour cream, salt, ground cumin, chili powder, ground coriander, ground cloves, cayenne, monterey jack pepper cheese",preheat,1,{}
336469,harvest mexican squash casserole,"butternut squash, canola oil, onion, green bell pepper, zucchini, garlic cloves, jalapeno pepper, dried oregano, corn kernel, fresh basil, tomatoes, kale, light sour cream, salt, ground cumin, chili powder, ground coriander, ground cloves, cayenne, monterey jack pepper cheese",peel,2,"[' yellow squash, summer squash,butternut squash, butternut squash,acorn squash, winter squash, half-and-half, half-and-half cream, skinless chicken breast half, mussels on the half shell, sesame seeds, coriander seeds, cumin seeds, fenugreek seeds, mustard seeds, annatto seeds, fennel seeds, poppy seeds, toasted sesame seeds, roasted sesame seeds, sunflower seeds, whole cumin seeds, pumpkin seeds, yellow mustard seeds, white poppy seeds, black mustard seeds, hamburger buns with sesame seeds, white sesame seeds,coriander seeds, ground flax seeds, celery seeds, dill seeds, pomegranate seeds, methi seeds,annatto seeds, brown mustard seeds, hemp seeds, chia seeds, seeds, whole coriander seeds']"
336469,harvest mexican squash casserole,"butternut squash, canola oil, onion, green bell pepper, zucchini, garlic cloves, jalapeno pepper, dried oregano, corn kernel, fresh basil, tomatoes, kale, light sour cream, salt, ground cumin, chili powder, ground coriander, ground cloves, cayenne, monterey jack pepper cheese",cut,2,"[' yellow squash, summer squash,butternut squash, butternut squash,acorn squash, winter squash, half-and-half, half-and-half cream, skinless chicken breast half, mussels on the half shell, sesame seeds, coriander seeds, cumin seeds, fenugreek seeds, mustard seeds, annatto seeds, fennel seeds, poppy seeds, toasted sesame seeds, roasted sesame seeds, sunflower seeds, whole cumin seeds, pumpkin seeds, yellow mustard seeds, white poppy seeds, black mustard seeds, hamburger buns with sesame seeds, white sesame seeds,coriander seeds, ground flax seeds, celery seeds, dill seeds, pomegranate seeds, methi seeds,annatto seeds, brown mustard seeds, hemp seeds, chia seeds, seeds, whole coriander seeds']"
336469,harvest mexican squash casserole,"butternut squash, canola oil, onion, green bell pepper, zucchini, garlic cloves, jalapeno pepper, dried oregano, corn kernel, fresh basil, tomatoes, kale, light sour cream, salt, ground cumin, chili powder, ground coriander, ground cloves, cayenne, monterey jack pepper cheese",cut,3,"['chicken pieces, mushroom stems and pieces, vegetarian chicken pieces, cashew pieces, pecan pieces, vegan egg replacer powder, skinless chicken leg quarters, daikon radish, horseradish, prepared horseradish, radish, horseradish sauce, horseradish cream, red radish, radishes,deep dish pie shell, preserved radish, fresh horseradish, water, boiling water, seltzer water, hot water, cold water, warm water,warm water, sliced water chestnuts,water, water chestnuts, ice water, tap water, water chestnut,hot water, rose water, watercress,coconut water, bottled water, watermelon']"
336469,harvest mexican squash casserole,"butternut squash, canola oil, onion, green bell pepper, zucchini, garlic cloves, jalapeno pepper, dried oregano, corn kernel, fresh basil, tomatoes, kale, light sour cream, salt, ground cumin, chili powder, ground coriander, ground cloves, cayenne, monterey jack pepper cheese",scoop,2,"[' yellow squash, summer squash,butternut squash, butternut squash,acorn squash, winter squash, half-and-half, half-and-half cream, skinless chicken breast half, mussels on the half shell, sesame seeds, coriander seeds, cumin seeds, fenugreek seeds, mustard seeds, annatto seeds, fennel seeds, poppy seeds, toasted sesame seeds, roasted sesame seeds, sunflower seeds, whole cumin seeds, pumpkin seeds, yellow mustard seeds, white poppy seeds, black mustard seeds, hamburger buns with sesame seeds, white sesame seeds,coriander seeds, ground flax seeds, celery seeds, dill seeds, pomegranate seeds, methi seeds,annatto seeds, brown mustard seeds, hemp seeds, chia seeds, seeds, whole coriander seeds']"
336469,harvest mexican squash casserole,"butternut squash, canola oil, onion, green bell pepper, zucchini, garlic cloves, jalapeno pepper, dried oregano, corn kernel, fresh basil, tomatoes, kale, light sour cream, salt, ground cumin, chili powder, ground coriander, ground cloves, cayenne, monterey jack pepper cheese",let,4,{}
336469,harvest mexican squash casserole,"butternut squash, canola oil, onion, green bell pepper, zucchini, garlic cloves, jalapeno pepper, dried oregano, corn kernel, fresh basil, tomatoes, kale, light sour cream, salt, ground cumin, chili powder, ground coriander, ground cloves, cayenne, monterey jack pepper cheese",stand,4,{}
336469,harvest mexican squash casserole,"butternut squash, canola oil, onion, green bell pepper, zucchini, garlic cloves, jalapeno pepper, dried oregano, corn kernel, fresh basil, tomatoes, kale, light sour cream, salt, ground cumin, chili powder, ground coriander, ground cloves, cayenne, monterey jack pepper cheese",finish,4,{}
336469,harvest mexican squash casserole,"butternut squash, canola oil, onion, green bell pepper, zucchini, garlic cloves, jalapeno pepper, dried oregano, corn kernel, fresh basil, tomatoes, kale, light sour cream, salt, ground cumin, chili powder, ground coriander, ground cloves, cayenne, monterey jack pepper cheese",steaming,4,{}
336469,harvest mexican squash casserole,"butternut squash, canola oil, onion, green bell pepper, zucchini, garlic cloves, jalapeno pepper, dried oregano, corn kernel, fresh basil, tomatoes, kale, light sour cream, salt, ground cumin, chili powder, ground coriander, ground cloves, cayenne, monterey jack pepper cheese",heat,5,"[' canola oil, peanut oil, olive oil, vegetable oil,olive oil, extra virgin olive oil, boiling water, sesame oil,peanut oil, palm oil,canola oil, sunflower oil,light olive oil, oil, hard-boiled egg, chili oil, toasted sesame oil, light vegetable oil,oil, rapeseed oil,crab boil seasoning, cooking oil, hard-boiled eggs, sesame seed oil,safflower oil, boiled ham, salad oil, boiled potatoes,vegetable oil, crab boil seasoning, crab boil, coconut oil, olive oil flavored cooking spray,extra virgin olive oil, dark sesame oil, corn oil,sesame oil,olive oil flavored cooking spray, light olive oil, sun-dried tomato packed in oil,grapeseed oil, hardboiled egg, hot chili oil,no-boil lasagna noodles,coconut oil, safflower oil, orange oil, boiling potato, fire oil, grapeseed oil, virgin olive oil,vegetable oil cooking spray,reynolds wrap foil, light vegetable oil cooking spray, buckwheat flour, whole wheat flour,whole wheat flour, wheat germ,buckwheat flour, bulgur wheat, whole wheat bread crumbs, whole wheat hamburger buns, wheat, whole wheat pasta, whole wheat angel hair pasta, whole wheat bread,whole wheat tortillas, wheat flour,wheat berries, whole wheat crackers,whole wheat macaroni, whole grain wheat flour,wheat flour, bulgar wheat,whole wheat pita bread']"
336469,harvest mexican squash casserole,"butternut squash, canola oil, onion, green bell pepper, zucchini, garlic cloves, jalapeno pepper, dried oregano, corn kernel, fresh basil, tomatoes, kale, light sour cream, salt, ground cumin, chili powder, ground coriander, ground cloves, cayenne, monterey jack pepper cheese",saute,6,"[' yellow onion, onion,onion, onion flakes, red onion, dehydrated onion, onion powder, sweet onions, red onions, diced onion, brown onions, onions,yellow onions, sweet onion, yellow onions, green onions, white onions, green onion, white onion,yellow onion, granulated onion, spanish onion, yellow sweet onion, spring onions, dried onion,onions, dried onion flakes, white pearl onions, diced onions, ""frenchs french fried onions"", spring onion, onion rings, frozen pearl onions, onion salt, onion paste, french-fried onions, green onion top, green onions with top, purple onion, onion tops,spanish onion,vidalia onion, vidalia onion,onion powder, fresh coarse ground black pepper, cracked black pepper, green pepper, cayenne pepper, red chili pepper, ground cayenne pepper, pepper, red peppers, habanero pepper, salt and pepper, green bell pepper, fresh jalapeno peppers, serrano pepper, fresh ground black pepper, red bell pepper, yellow bell pepper, peppercorns, salt & freshly ground black pepper, black pepper, white pepper, ground red pepper, ground black pepper, red pepper, red bell peppers, yellow pepper, black peppercorns, chipotle pepper, fresh cracked pepper, piquillo peppers, red pepper flakes, crushed red pepper flakes, bell pepper, green peppers, bell peppers, scotch bonnet pepper, yellow peppers, salt & pepper, jalapeno pepper, peppercorn, pepperoni, hot pepper sauce, kosher salt & freshly ground black pepper, dried red chili peppers, szechuan peppercorns, roasted red pepper, poblano pepper, dry crushed red pepper, fresh ground white pepper, red chili peppers, red cayenne pepper, pickled jalapeno pepper, coarse black pepper, thai red chili pepper, red sweet bell pepper, green chili pepper, sweet red pepper, fresh ground pepper, pepperoncini peppers, chili pepper, monterey jack pepper cheese, green bell peppers, chinese red peppers, yellow bell peppers, jalapeno peppers, dried red pepper flakes, habanero peppers, chipotle peppers, chili peppers, red chili pepper flakes, pickled sweet peppers, white peppercorns, salt and black pepper, roasted red and yellow peppers, hot pepper flakes, ground pepper, roasted red peppers,roasted red peppers, liquid hot pepper sauce, sweet pepper, pepperoni slices, scotch bonnet peppers, lemon pepper seasoning, cracked pepper, hot pepper paste, hot chili pepper, poblano peppers,white pepper, garlic pepper seasoning, dried hot peppers, peppercorn ranch dressing, pepper bacon, whole black peppercorns, green pepper ring,bell peppers, del monte zesty jalapeno pepper diced tomato, white pepper powder, pepper rings, hot red pepper flakes, pepperoncini pepper, green peppercorn, orange bell pepper, salt & fresh ground pepper, szechwan pepper, chili pepper flakes,dried pasilla peppers, sweet green pepper, serrano peppers, whole black peppercorn, yellow sweet pepper, fresh chili peppers, pickled jalapeno peppers,red bell peppers, fresh jalapeno pepper, dried chili pepper flakes, ground szechuan peppercorns, cayenne pepper sauce, sweet bell pepper, hot pepper, green pepper rings, ground chipotle chile pepper, fat free monterey jack pepper cheese,bell pepper, ground dried arbol chile peppers, hot green chili peppers, lemon pepper, fresh garlic, garlic, garlic clove, garlic cloves, garlic powder, minced garlic cloves, fresh garlic cloves, garlic granules, garlic salt, granulated garlic, chili-garlic sauce, garlic paste, ginger-garlic paste,garlic clove, cream cheese with garlic and herbs, bulbs of garlic,garlic, chili paste with garlic,garlic cloves, diced tomatoes with basil and garlic, garlic chives, garlic sauce, minced garlic clove, bulb of garlic, roasted garlic, head of garlic, jalapeno, jalapeno chiles, jalapeno jack cheese, jalapeno chile, jalapenos,jalapenos,jalapeno jack cheese, fresh jalapeno, jalapeno juice, jalapeno powder, red jalapeno chiles, oregano, mexican oregano, dried oregano, dried oregano leaves, oregano leaves, fresh oregano, dry oregano, ground oregano, dried mexican oregano, dried greek oregano, oregano flakes, assorted fresh vegetables, mixed vegetables, dehydrated mixed vegetables, frozen mixed vegetables']"
336469,harvest mexican squash casserole,"butternut squash, canola oil, onion, green bell pepper, zucchini, garlic cloves, jalapeno pepper, dried oregano, corn kernel, fresh basil, tomatoes, kale, light sour cream, salt, ground cumin, chili powder, ground coriander, ground cloves, cayenne, monterey jack pepper cheese",are,6,"[' yellow onion, onion,onion, onion flakes, red onion, dehydrated onion, onion powder, sweet onions, red onions, diced onion, brown onions, onions,yellow onions, sweet onion, yellow onions, green onions, white onions, green onion, white onion,yellow onion, granulated onion, spanish onion, yellow sweet onion, spring onions, dried onion,onions, dried onion flakes, white pearl onions, diced onions, ""frenchs french fried onions"", spring onion, onion rings, frozen pearl onions, onion salt, onion paste, french-fried onions, green onion top, green onions with top, purple onion, onion tops,spanish onion,vidalia onion, vidalia onion,onion powder, fresh coarse ground black pepper, cracked black pepper, green pepper, cayenne pepper, red chili pepper, ground cayenne pepper, pepper, red peppers, habanero pepper, salt and pepper, green bell pepper, fresh jalapeno peppers, serrano pepper, fresh ground black pepper, red bell pepper, yellow bell pepper, peppercorns, salt & freshly ground black pepper, black pepper, white pepper, ground red pepper, ground black pepper, red pepper, red bell peppers, yellow pepper, black peppercorns, chipotle pepper, fresh cracked pepper, piquillo peppers, red pepper flakes, crushed red pepper flakes, bell pepper, green peppers, bell peppers, scotch bonnet pepper, yellow peppers, salt & pepper, jalapeno pepper, peppercorn, pepperoni, hot pepper sauce, kosher salt & freshly ground black pepper, dried red chili peppers, szechuan peppercorns, roasted red pepper, poblano pepper, dry crushed red pepper, fresh ground white pepper, red chili peppers, red cayenne pepper, pickled jalapeno pepper, coarse black pepper, thai red chili pepper, red sweet bell pepper, green chili pepper, sweet red pepper, fresh ground pepper, pepperoncini peppers, chili pepper, monterey jack pepper cheese, green bell peppers, chinese red peppers, yellow bell peppers, jalapeno peppers, dried red pepper flakes, habanero peppers, chipotle peppers, chili peppers, red chili pepper flakes, pickled sweet peppers, white peppercorns, salt and black pepper, roasted red and yellow peppers, hot pepper flakes, ground pepper, roasted red peppers,roasted red peppers, liquid hot pepper sauce, sweet pepper, pepperoni slices, scotch bonnet peppers, lemon pepper seasoning, cracked pepper, hot pepper paste, hot chili pepper, poblano peppers,white pepper, garlic pepper seasoning, dried hot peppers, peppercorn ranch dressing, pepper bacon, whole black peppercorns, green pepper ring,bell peppers, del monte zesty jalapeno pepper diced tomato, white pepper powder, pepper rings, hot red pepper flakes, pepperoncini pepper, green peppercorn, orange bell pepper, salt & fresh ground pepper, szechwan pepper, chili pepper flakes,dried pasilla peppers, sweet green pepper, serrano peppers, whole black peppercorn, yellow sweet pepper, fresh chili peppers, pickled jalapeno peppers,red bell peppers, fresh jalapeno pepper, dried chili pepper flakes, ground szechuan peppercorns, cayenne pepper sauce, sweet bell pepper, hot pepper, green pepper rings, ground chipotle chile pepper, fat free monterey jack pepper cheese,bell pepper, ground dried arbol chile peppers, hot green chili peppers, lemon pepper, fresh garlic, garlic, garlic clove, garlic cloves, garlic powder, minced garlic cloves, fresh garlic cloves, garlic granules, garlic salt, granulated garlic, chili-garlic sauce, garlic paste, ginger-garlic paste,garlic clove, cream cheese with garlic and herbs, bulbs of garlic,garlic, chili paste with garlic,garlic cloves, diced tomatoes with basil and garlic, garlic chives, garlic sauce, minced garlic clove, bulb of garlic, roasted garlic, head of garlic, jalapeno, jalapeno chiles, jalapeno jack cheese, jalapeno chile, jalapenos,jalapenos,jalapeno jack cheese, fresh jalapeno, jalapeno juice, jalapeno powder, red jalapeno chiles, oregano, mexican oregano, dried oregano, dried oregano leaves, oregano leaves, fresh oregano, dry oregano, ground oregano, dried mexican oregano, dried greek oregano, oregano flakes, assorted fresh vegetables, mixed vegetables, dehydrated mixed vegetables, frozen mixed vegetables']"
336469,harvest mexican squash casserole,"butternut squash, canola oil, onion, green bell pepper, zucchini, garlic cloves, jalapeno pepper, dried oregano, corn kernel, fresh basil, tomatoes, kale, light sour cream, salt, ground cumin, chili powder, ground coriander, ground cloves, cayenne, monterey jack pepper cheese",remove,7,"[' panko breadcrumbs, campanelle pasta, pancetta, spanish onion, spanish olives with pimento, panir,pancetta,panir,pancakes, japanese eggplants, japanese-style bread crumbs, spanish olives,spanish onion, buckwheat flour, whole wheat flour,whole wheat flour, wheat germ,buckwheat flour, bulgur wheat, whole wheat bread crumbs, whole wheat hamburger buns, wheat, whole wheat pasta, whole wheat angel hair pasta, whole wheat bread,whole wheat tortillas, wheat flour,wheat berries, whole wheat crackers,whole wheat macaroni, whole grain wheat flour,wheat flour, bulgar wheat,whole wheat pita bread']"
336469,harvest mexican squash casserole,"butternut squash, canola oil, onion, green bell pepper, zucchini, garlic cloves, jalapeno pepper, dried oregano, corn kernel, fresh basil, tomatoes, kale, light sour cream, salt, ground cumin, chili powder, ground coriander, ground cloves, cayenne, monterey jack pepper cheese",mash,8,"[' water, boiling water, seltzer water, hot water, cold water, warm water,warm water, sliced water chestnuts,water, water chestnuts, ice water, tap water, water chestnut,hot water, rose water, watercress,coconut water, bottled water, watermelon, yellow squash, summer squash,butternut squash, butternut squash,acorn squash, winter squash']"
336469,harvest mexican squash casserole,"butternut squash, canola oil, onion, green bell pepper, zucchini, garlic cloves, jalapeno pepper, dried oregano, corn kernel, fresh basil, tomatoes, kale, light sour cream, salt, ground cumin, chili powder, ground coriander, ground cloves, cayenne, monterey jack pepper cheese",stir,9,"[' assorted fresh vegetables, mixed vegetables, dehydrated mixed vegetables, frozen mixed vegetables']"
336469,harvest mexican squash casserole,"butternut squash, canola oil, onion, green bell pepper, zucchini, garlic cloves, jalapeno pepper, dried oregano, corn kernel, fresh basil, tomatoes, kale, light sour cream, salt, ground cumin, chili powder, ground coriander, ground cloves, cayenne, monterey jack pepper cheese",stir,11,{}
336469,harvest mexican squash casserole,"butternut squash, canola oil, onion, green bell pepper, zucchini, garlic cloves, jalapeno pepper, dried oregano, corn kernel, fresh basil, tomatoes, kale, light sour cream, salt, ground cumin, chili powder, ground coriander, ground cloves, cayenne, monterey jack pepper cheese",add,10,"[' corn, cornmeal, peppercorns, ear of corn, blue corn tortillas, black peppercorns, frozen whole kernel corn, canned corn niblet, peppercorn, corn tortillas, cornstarch, szechuan peppercorns, cornflour, canned corn, frozen corn, baked corn tortilla chips, corn muffin mix, fresh corn kernels, yellow cornmeal, no-salt-added corn, mexicorn, corn kernel, whole kernel corn, white corn tortilla chips, blue corn tortilla chips, light corn syrup, white peppercorns, fritos corn chips, white corn kernels, frozen corn kernels, baby corn,cornmeal, white corn, sweet corn,corn tortilla chips, peppercorn ranch dressing, whole black peppercorns, corn flakes, corn oil, frozen corn and black beans, green peppercorn, corn kernels, corn syrup, kernel corn, cornbread mix, corn tortilla,acorn squash, whole black peppercorn,corn kernels,corn tortillas,cornbread, ground szechuan peppercorns, cornmeal mix, creamed corn, fresh corn, corn on the cob, corn tortilla chips, white shoepeg corn,canned whole kernel corn, white corn tortilla, cornish hens, canned corn kernel, basil, dried basil, dried basil leaves, fresh basil, basil leaves, fresh basil leaves, thai basil, ground basil, dried sweet basil leaves, diced tomatoes with basil and garlic, fresh basil leaf, sweet basil, basil pesto, tomatoes, crushed tomatoes, crushed tomatoes in puree, roma tomatoes, whole tomatoes, cherry tomatoes, diced tomatoes, diced tomatoes with juice, chopped tomatoes,tomatoes, grape tomatoes, sun-dried tomatoes, plum tomatoes, canned tomatoes, italian-style diced tomatoes, fresh tomatoes, canned stewed tomatoes, italian-style tomatoes, whole canned tomatoes, stewed tomatoes, tomatoes with juice, rotel tomatoes,roma tomatoes, ro-tel tomatoes,green tomatoes, diced tomatoes with mild green chilies, italian plum tomatoes, fire-roasted tomatoes, diced tomatoes with green chilies, yellow cherry tomatoes,crushed tomatoes, green tomatoes, kale, sour cream, cream cheese, cream, reduced-fat creamy peanut butter, reduced-fat cream cheese, cream of chicken soup, cream of mushroom soup, fat free sour cream,cream cheese, spinach and artichoke cream cheese, heavy cream,sour cream, whipped cream cheese, light cream, double cream, whipping cream, whipped cream, half-and-half cream, cream sherry, low-fat sour cream, cream of wild mushroom soup, nonfat sour cream, cream cheese with garlic and herbs, heavy whipping cream, sweetened whipped cream, horseradish cream, cream of tartar, cream cheese frosting, ""campbells cream of shrimp soup"", condensed cream of chicken soup, cream of coconut, creamed coconut, light sour cream, light cream cheese, 10% cream,coconut cream, ice cream cones, low-fat cream cheese, salt, salt and pepper, unsalted butter,salt, salt & freshly ground black pepper,unsalted butter, kosher salt, coarse salt, seasoning salt, sea salt, salted peanuts, salt & pepper,kosher salt, garlic salt, celery salt, kosher salt & freshly ground black pepper, coarse sea salt, salt and black pepper,sea salt,coarse salt, onion salt, salted butter, saltine crackers, unsalted cashews, salt & fresh ground pepper, fine sea salt, table salt, unsalted dry roasted peanuts, unsalted peanuts, ""lawrys seasoned salt"",salt cod fish, black salt, saltines, cumin, ground cumin, cumin seeds, cumin seed, cumin powder, whole cumin seeds,cumin,ground cumin, whole cumin seed, chili powder, red chili pepper, chili,chili powder, thai sweet chili sauce, chili flakes, green chilies, dried red chili peppers, chili oil, chili-garlic sauce, red chili peppers, ancho chilies, guajillo chilies, chili paste, thai red chili pepper, green chili pepper, green chili, dried red chilies, red chili powder, sweet chili sauce, chili pepper, red chili sauce, mild green chilies, chili sauce, chili peppers, diced green chilies, serrano chili, red chili pepper flakes, hot chili paste, anaheim chili, hot chili pepper, chili paste with garlic, red chilies, dried chilies, chilies, ortega green chilies, dried red chili, dark chili powder, sambal chili paste, serrano chilies, chili pepper flakes, hot chili oil, red chili paste, fresh chili peppers, sambal oelek chili paste, dried chili pepper flakes,dried chilies, chili-style ground beef, mild chili powder, anaheim chilies, mexican chili powder, chili beans, hot chili powder, diced green chilis, ancho chili, hot green chili peppers, baking powder, cayenne powder, powdered sugar, garlic powder, onion powder,dried ancho chile powder, dried chipotle powder, mustard powder, curry powder, nonfat dry milk powder, ginger powder, five-spice powder, coriander powder, garam masala powder, vegan egg replacer powder, chinese five spice powder, mango powder, asafoetida powder, madras curry powder, unsweetened cocoa powder, turmeric powder, mild curry powder, coconut milk powder, chicken stock powder, cocoa powder, powdered ginger, file powder, powdered milk, vegetable stock powder, pure chile powder, white pepper powder, double-acting baking powder, instant espresso coffee powder,curry powder, wasabi powder, amchur powder, cardamom powder, jalapeno powder, powdered soy protein concentrate, instant coffee powder, gluten free baking powder, powdered thyme,onion powder, beef bouillon powder,nonfat dry milk powder, powdered saffron, ground coriander, coriander, coriander leaves, coriander seeds, coriander seed, coriander sprigs, fresh coriander leaves, fresh coriander, dried coriander,coriander seed, coriander root,ground coriander,coriander seeds, whole coriander seeds, ground cloves, cloves, garlic cloves, minced garlic cloves, fresh garlic cloves, whole cloves,garlic cloves, cayenne pepper, ground cayenne pepper, cayenne, red cayenne pepper, cayenne pepper sauce']"
336469,harvest mexican squash casserole,"butternut squash, canola oil, onion, green bell pepper, zucchini, garlic cloves, jalapeno pepper, dried oregano, corn kernel, fresh basil, tomatoes, kale, light sour cream, salt, ground cumin, chili powder, ground coriander, ground cloves, cayenne, monterey jack pepper cheese",chopped,10,"[' corn, cornmeal, peppercorns, ear of corn, blue corn tortillas, black peppercorns, frozen whole kernel corn, canned corn niblet, peppercorn, corn tortillas, cornstarch, szechuan peppercorns, cornflour, canned corn, frozen corn, baked corn tortilla chips, corn muffin mix, fresh corn kernels, yellow cornmeal, no-salt-added corn, mexicorn, corn kernel, whole kernel corn, white corn tortilla chips, blue corn tortilla chips, light corn syrup, white peppercorns, fritos corn chips, white corn kernels, frozen corn kernels, baby corn,cornmeal, white corn, sweet corn,corn tortilla chips, peppercorn ranch dressing, whole black peppercorns, corn flakes, corn oil, frozen corn and black beans, green peppercorn, corn kernels, corn syrup, kernel corn, cornbread mix, corn tortilla,acorn squash, whole black peppercorn,corn kernels,corn tortillas,cornbread, ground szechuan peppercorns, cornmeal mix, creamed corn, fresh corn, corn on the cob, corn tortilla chips, white shoepeg corn,canned whole kernel corn, white corn tortilla, cornish hens, canned corn kernel, basil, dried basil, dried basil leaves, fresh basil, basil leaves, fresh basil leaves, thai basil, ground basil, dried sweet basil leaves, diced tomatoes with basil and garlic, fresh basil leaf, sweet basil, basil pesto, tomatoes, crushed tomatoes, crushed tomatoes in puree, roma tomatoes, whole tomatoes, cherry tomatoes, diced tomatoes, diced tomatoes with juice, chopped tomatoes,tomatoes, grape tomatoes, sun-dried tomatoes, plum tomatoes, canned tomatoes, italian-style diced tomatoes, fresh tomatoes, canned stewed tomatoes, italian-style tomatoes, whole canned tomatoes, stewed tomatoes, tomatoes with juice, rotel tomatoes,roma tomatoes, ro-tel tomatoes,green tomatoes, diced tomatoes with mild green chilies, italian plum tomatoes, fire-roasted tomatoes, diced tomatoes with green chilies, yellow cherry tomatoes,crushed tomatoes, green tomatoes, kale, sour cream, cream cheese, cream, reduced-fat creamy peanut butter, reduced-fat cream cheese, cream of chicken soup, cream of mushroom soup, fat free sour cream,cream cheese, spinach and artichoke cream cheese, heavy cream,sour cream, whipped cream cheese, light cream, double cream, whipping cream, whipped cream, half-and-half cream, cream sherry, low-fat sour cream, cream of wild mushroom soup, nonfat sour cream, cream cheese with garlic and herbs, heavy whipping cream, sweetened whipped cream, horseradish cream, cream of tartar, cream cheese frosting, ""campbells cream of shrimp soup"", condensed cream of chicken soup, cream of coconut, creamed coconut, light sour cream, light cream cheese, 10% cream,coconut cream, ice cream cones, low-fat cream cheese, salt, salt and pepper, unsalted butter,salt, salt & freshly ground black pepper,unsalted butter, kosher salt, coarse salt, seasoning salt, sea salt, salted peanuts, salt & pepper,kosher salt, garlic salt, celery salt, kosher salt & freshly ground black pepper, coarse sea salt, salt and black pepper,sea salt,coarse salt, onion salt, salted butter, saltine crackers, unsalted cashews, salt & fresh ground pepper, fine sea salt, table salt, unsalted dry roasted peanuts, unsalted peanuts, ""lawrys seasoned salt"",salt cod fish, black salt, saltines, cumin, ground cumin, cumin seeds, cumin seed, cumin powder, whole cumin seeds,cumin,ground cumin, whole cumin seed, chili powder, red chili pepper, chili,chili powder, thai sweet chili sauce, chili flakes, green chilies, dried red chili peppers, chili oil, chili-garlic sauce, red chili peppers, ancho chilies, guajillo chilies, chili paste, thai red chili pepper, green chili pepper, green chili, dried red chilies, red chili powder, sweet chili sauce, chili pepper, red chili sauce, mild green chilies, chili sauce, chili peppers, diced green chilies, serrano chili, red chili pepper flakes, hot chili paste, anaheim chili, hot chili pepper, chili paste with garlic, red chilies, dried chilies, chilies, ortega green chilies, dried red chili, dark chili powder, sambal chili paste, serrano chilies, chili pepper flakes, hot chili oil, red chili paste, fresh chili peppers, sambal oelek chili paste, dried chili pepper flakes,dried chilies, chili-style ground beef, mild chili powder, anaheim chilies, mexican chili powder, chili beans, hot chili powder, diced green chilis, ancho chili, hot green chili peppers, baking powder, cayenne powder, powdered sugar, garlic powder, onion powder,dried ancho chile powder, dried chipotle powder, mustard powder, curry powder, nonfat dry milk powder, ginger powder, five-spice powder, coriander powder, garam masala powder, vegan egg replacer powder, chinese five spice powder, mango powder, asafoetida powder, madras curry powder, unsweetened cocoa powder, turmeric powder, mild curry powder, coconut milk powder, chicken stock powder, cocoa powder, powdered ginger, file powder, powdered milk, vegetable stock powder, pure chile powder, white pepper powder, double-acting baking powder, instant espresso coffee powder,curry powder, wasabi powder, amchur powder, cardamom powder, jalapeno powder, powdered soy protein concentrate, instant coffee powder, gluten free baking powder, powdered thyme,onion powder, beef bouillon powder,nonfat dry milk powder, powdered saffron, ground coriander, coriander, coriander leaves, coriander seeds, coriander seed, coriander sprigs, fresh coriander leaves, fresh coriander, dried coriander,coriander seed, coriander root,ground coriander,coriander seeds, whole coriander seeds, ground cloves, cloves, garlic cloves, minced garlic cloves, fresh garlic cloves, whole cloves,garlic cloves, cayenne pepper, ground cayenne pepper, cayenne, red cayenne pepper, cayenne pepper sauce']"
336469,harvest mexican squash casserole,"butternut squash, canola oil, onion, green bell pepper, zucchini, garlic cloves, jalapeno pepper, dried oregano, corn kernel, fresh basil, tomatoes, kale, light sour cream, salt, ground cumin, chili powder, ground coriander, ground cloves, cayenne, monterey jack pepper cheese",smooth,12,"[' vegetable shortening, vegetable stock, vegetable oil, vegetable broth, low sodium vegetable broth, light vegetable oil, spicy vegetable juice,vegetable oil, homemade vegetable stock, vegetable stock powder,vegetable broth, v8 vegetable juice, vegetable bouillon granules, textured vegetable protein, assorted fresh vegetables, vegetable soup mix, mixed vegetables,vegetable oil cooking spray, dehydrated mixed vegetables, vegetable seasoning, light vegetable oil cooking spray, frozen mixed vegetables']"
336469,harvest mexican squash casserole,"butternut squash, canola oil, onion, green bell pepper, zucchini, garlic cloves, jalapeno pepper, dried oregano, corn kernel, fresh basil, tomatoes, kale, light sour cream, salt, ground cumin, chili powder, ground coriander, ground cloves, cayenne, monterey jack pepper cheese",bubbling,15,"[' lemon wedges, lime wedges, red food coloring, yellow food coloring, green food coloring, orange food coloring']"
336469,harvest mexican squash casserole,"butternut squash, canola oil, onion, green bell pepper, zucchini, garlic cloves, jalapeno pepper, dried oregano, corn kernel, fresh basil, tomatoes, kale, light sour cream, salt, ground cumin, chili powder, ground coriander, ground cloves, cayenne, monterey jack pepper cheese",serve,16,{}
