Id,Name,AllIngredients,Verbs,Steps,Ingredient
372822,crabmeat cheesecake with pecan crust  creole,"pecans, all-purpose flour, salt, unsalted butter, ice water, onion, fresh lump crabmeat, cream cheese, plain yogurt, sour cream, eggs, white pepper, hot sauce, shallots, mushrooms, lemon juice, worcestershire sauce, heavy whipping cream, crab, black pepper",grind,2,"[' pecans,pecans,all-purpose flour, buckwheat flour, flour, all-purpose flour, flour tortillas, white flour, whole wheat flour, unbleached all-purpose flour,flour,whole wheat flour, plain flour, cornflour, chickpea flour, self rising flour,cake flour,buckwheat flour, flour tortilla, oat flour, rye flour, gram flour, cake flour,bread flour,flour tortillas, salt, salt and pepper, unsalted butter,salt, salt & freshly ground black pepper,unsalted butter, kosher salt, coarse salt, seasoning salt, sea salt, salted peanuts, salt & pepper,kosher salt, garlic salt, celery salt, kosher salt & freshly ground black pepper, coarse sea salt, no-salt-added corn, salt and black pepper,sea salt,coarse salt, onion salt, salted butter, saltine crackers, unsalted cashews, salt & fresh ground pepper, fine sea salt, table salt, unsalted dry roasted peanuts, unsalted peanuts, red food coloring, yellow food coloring, green food coloring, orange food coloring']"
372822,crabmeat cheesecake with pecan crust  creole,"pecans, all-purpose flour, salt, unsalted butter, ice water, onion, fresh lump crabmeat, cream cheese, plain yogurt, sour cream, eggs, white pepper, hot sauce, shallots, mushrooms, lemon juice, worcestershire sauce, heavy whipping cream, crab, black pepper",transfer,2,"[' pecans,pecans,all-purpose flour, buckwheat flour, flour, all-purpose flour, flour tortillas, white flour, whole wheat flour, unbleached all-purpose flour,flour,whole wheat flour, plain flour, cornflour, chickpea flour, self rising flour,cake flour,buckwheat flour, flour tortilla, oat flour, rye flour, gram flour, cake flour,bread flour,flour tortillas, salt, salt and pepper, unsalted butter,salt, salt & freshly ground black pepper,unsalted butter, kosher salt, coarse salt, seasoning salt, sea salt, salted peanuts, salt & pepper,kosher salt, garlic salt, celery salt, kosher salt & freshly ground black pepper, coarse sea salt, no-salt-added corn, salt and black pepper,sea salt,coarse salt, onion salt, salted butter, saltine crackers, unsalted cashews, salt & fresh ground pepper, fine sea salt, table salt, unsalted dry roasted peanuts, unsalted peanuts, red food coloring, yellow food coloring, green food coloring, orange food coloring']"
372822,crabmeat cheesecake with pecan crust  creole,"pecans, all-purpose flour, salt, unsalted butter, ice water, onion, fresh lump crabmeat, cream cheese, plain yogurt, sour cream, eggs, white pepper, hot sauce, shallots, mushrooms, lemon juice, worcestershire sauce, heavy whipping cream, crab, black pepper",add,3,"[' low-fat buttermilk, butter, unsalted butter,unsalted butter,butter, buttermilk, peanut butter, natural-style peanut butter, reduced-fat creamy peanut butter, coconut butter, clarified butter,butternut squash, smooth cashew butter, smooth peanut butter, butternut squash,peanut butter, butter flavor shortening, salted butter, sweet butter, butter lettuce leaves, chunky peanut butter,buttermilk, light butter,all-purpose flour, buckwheat flour, flour, all-purpose flour, flour tortillas, white flour, whole wheat flour, unbleached all-purpose flour,flour,whole wheat flour, plain flour, cornflour, chickpea flour, self rising flour,cake flour,buckwheat flour, flour tortilla, oat flour, rye flour, gram flour, cake flour,bread flour,flour tortillas, panko breadcrumbs, breadcrumbs, unseasoned breadcrumbs, fresh white breadcrumbs, plain breadcrumbs, dry breadcrumbs, fine soft bread crumbs, whole wheat bread crumbs, cracker crumbs,fresh breadcrumbs, fine dry breadcrumbs, italian breadcrumbs,plain breadcrumbs, chickpeas, peas, black-eyed peas, frozen peas and carrot, frozen sweet peas, frozen peas, baby peas, split peas, snow peas, green peas,chickpeas, frozen baby peas, yellow split peas, snap peas']"
372822,crabmeat cheesecake with pecan crust  creole,"pecans, all-purpose flour, salt, unsalted butter, ice water, onion, fresh lump crabmeat, cream cheese, plain yogurt, sour cream, eggs, white pepper, hot sauce, shallots, mushrooms, lemon juice, worcestershire sauce, heavy whipping cream, crab, black pepper",add,10,"[' fresh crabmeat, crabmeat, lump crabmeat, fresh lump crabmeat, buckwheat flour, whole wheat flour,whole wheat flour, wheat germ,buckwheat flour, bulgur wheat, whole wheat bread crumbs, whole wheat hamburger buns, wheat, whole wheat pasta, whole wheat angel hair pasta, whole wheat bread,whole wheat tortillas']"
372822,crabmeat cheesecake with pecan crust  creole,"pecans, all-purpose flour, salt, unsalted butter, ice water, onion, fresh lump crabmeat, cream cheese, plain yogurt, sour cream, eggs, white pepper, hot sauce, shallots, mushrooms, lemon juice, worcestershire sauce, heavy whipping cream, crab, black pepper",add,11,"[' sour cream, cream cheese, cream, reduced-fat creamy peanut butter, reduced-fat cream cheese, cream of chicken soup, cream of mushroom soup, fat free sour cream,cream cheese, spinach and artichoke cream cheese, heavy cream,sour cream, whipped cream cheese, light cream, double cream, whipping cream, whipped cream, half-and-half cream, cream sherry, low-fat sour cream, cream of wild mushroom soup, nonfat sour cream, cream cheese with garlic and herbs, heavy whipping cream, sweetened whipped cream, horseradish cream, cream of tartar, monterey jack cheese, parmesan cheese, mozzarella cheese, ricotta cheese, parmigiano-reggiano cheese, sharp cheddar cheese, swiss cheese, cheddar cheese, teleme cheese, manchego cheese, gruyere cheese, processed cheese, soy mozzarella cheese, romano cheese, blue cheese-stuffed olives, italian cheese blend, feta cheese, yellow cheese, shredded cheddar cheese,part-skim ricotta cheese, colby cheese, colby-monterey jack cheese, mexican blend cheese, mascarpone cheese, extra-sharp cheddar cheese, cheese, monterey jack pepper cheese, blue cheese, cottage cheese, jalapeno jack cheese, cotija cheese, vegan cheddar cheese, asiago cheese, asadero cheese, low-fat cheese, ""goats cheese"", white cheddar cheese, provolone cheese, cheese slice, cheese spread, goat cheese, gouda cheese,small curd cottage cheese,jalapeno jack cheese, parmesan-romano cheese mix, velveeta cheese, smoked gouda cheese, cheese slices, sharp white cheddar cheese, old cheddar cheese, fat free mozzarella cheese, fat-free cheddar cheese']"
372822,crabmeat cheesecake with pecan crust  creole,"pecans, all-purpose flour, salt, unsalted butter, ice water, onion, fresh lump crabmeat, cream cheese, plain yogurt, sour cream, eggs, white pepper, hot sauce, shallots, mushrooms, lemon juice, worcestershire sauce, heavy whipping cream, crab, black pepper",add,12,"[' eggs, hard-boiled eggs,eggs']"
372822,crabmeat cheesecake with pecan crust  creole,"pecans, all-purpose flour, salt, unsalted butter, ice water, onion, fresh lump crabmeat, cream cheese, plain yogurt, sour cream, eggs, white pepper, hot sauce, shallots, mushrooms, lemon juice, worcestershire sauce, heavy whipping cream, crab, black pepper",add,15,"[' shallots, sliced mushrooms, mixed mushrooms, baby portabella mushrooms, mushrooms, cremini mushrooms, portabella mushrooms, dried shiitake mushrooms, button mushrooms, fresh mushrooms, shiitake mushrooms, dried porcini mushrooms,dried porcini mushrooms,dried shiitake mushrooms, oyster mushrooms, fresh white mushrooms, white mushrooms, lemon zest, lemon juice, lemon peel, lemon, fresh lemon juice, lemon wedges, lemons, fresh lemon zest,lemons, lemongrass, lemon thyme, lemon twist, fresh lemongrass,lemon juice, lemon pepper seasoning, lemon extract, lemon rind, candied lemon peel, lemon wedge, preserved lemon, juice of, orange juice, lime juice, apple juice, fresh orange juice, fresh lime juice, diced tomatoes with juice, unsweetened pineapple juice, mango juice, tomato juice, pineapple juice, pineapple chunks in juice, clamato juice, juice and zest of, spicy vegetable juice, juice, tomatoes with juice, clam juice, tamarind juice, mangoes in juice, ginger juice, cherry juice, pineapple juice concentrate, bottled clam juice, maraschino cherry juice,pickle juice,fresh lime juice, worcestershire sauce, soy sauce, tomato sauce, a.1. original sauce, adobo sauce, spaghetti sauce, thai sweet chili sauce, sriracha sauce, tabasco sauce, picante sauce, pesto sauce, tamari soy sauce, applesauce, hot sauce,spaghetti sauce, hot pepper sauce, hoisin sauce, oyster sauce, reduced sodium soy sauce, low sodium soy sauce, chili-garlic sauce, fish sauce, sweet chili sauce, teriyaki sauce, dark soy sauce, barbecue sauce, soya sauce, red chili sauce, chili sauce,hoisin sauce, sweet soy sauce, vegetarian oyster sauce, light soy sauce, pizza sauce, cranberry sauce, horseradish sauce, ""franks red hot sauce"", remoulade sauce, liquid hot pepper sauce, pasta sauce, sweet and sour sauce,soya sauce, spaghetti sauce with meat, hollandaise sauce mix, louisiana hot sauce, garlic sauce, green enchilada sauce,soy sauce, red enchilada sauce, pickapeppa sauce, bearnaise sauce mix']"
372822,crabmeat cheesecake with pecan crust  creole,"pecans, all-purpose flour, salt, unsalted butter, ice water, onion, fresh lump crabmeat, cream cheese, plain yogurt, sour cream, eggs, white pepper, hot sauce, shallots, mushrooms, lemon juice, worcestershire sauce, heavy whipping cream, crab, black pepper",add,16,"[' sour cream, cream cheese, cream, reduced-fat creamy peanut butter, reduced-fat cream cheese, cream of chicken soup, cream of mushroom soup, fat free sour cream,cream cheese, spinach and artichoke cream cheese, heavy cream,sour cream, whipped cream cheese, light cream, double cream, whipping cream, whipped cream, half-and-half cream, cream sherry, low-fat sour cream, cream of wild mushroom soup, nonfat sour cream, cream cheese with garlic and herbs, heavy whipping cream, sweetened whipped cream, horseradish cream, cream of tartar, half-and-half, skinless chicken breast half, low-fat buttermilk, butter, unsalted butter,unsalted butter,butter, buttermilk, peanut butter, natural-style peanut butter, coconut butter, clarified butter,butternut squash, smooth cashew butter, smooth peanut butter, butternut squash,peanut butter, butter flavor shortening, salted butter, sweet butter, butter lettuce leaves, chunky peanut butter,buttermilk, light butter']"
372822,crabmeat cheesecake with pecan crust  creole,"pecans, all-purpose flour, salt, unsalted butter, ice water, onion, fresh lump crabmeat, cream cheese, plain yogurt, sour cream, eggs, white pepper, hot sauce, shallots, mushrooms, lemon juice, worcestershire sauce, heavy whipping cream, crab, black pepper",add,17,"[' panko breadcrumbs, campanelle pasta, pancetta, spanish onion, spanish olives with pimento, panir,pancetta,panir,pancakes, fresh crabmeat,crab boil seasoning, crab boil seasoning, crabmeat, crab boil, lump crabmeat, crab, king crab legs, fresh lump crabmeat']"
372822,crabmeat cheesecake with pecan crust  creole,"pecans, all-purpose flour, salt, unsalted butter, ice water, onion, fresh lump crabmeat, cream cheese, plain yogurt, sour cream, eggs, white pepper, hot sauce, shallots, mushrooms, lemon juice, worcestershire sauce, heavy whipping cream, crab, black pepper",working,3,"[' low-fat buttermilk, butter, unsalted butter,unsalted butter,butter, buttermilk, peanut butter, natural-style peanut butter, reduced-fat creamy peanut butter, coconut butter, clarified butter,butternut squash, smooth cashew butter, smooth peanut butter, butternut squash,peanut butter, butter flavor shortening, salted butter, sweet butter, butter lettuce leaves, chunky peanut butter,buttermilk, light butter,all-purpose flour, buckwheat flour, flour, all-purpose flour, flour tortillas, white flour, whole wheat flour, unbleached all-purpose flour,flour,whole wheat flour, plain flour, cornflour, chickpea flour, self rising flour,cake flour,buckwheat flour, flour tortilla, oat flour, rye flour, gram flour, cake flour,bread flour,flour tortillas, panko breadcrumbs, breadcrumbs, unseasoned breadcrumbs, fresh white breadcrumbs, plain breadcrumbs, dry breadcrumbs, fine soft bread crumbs, whole wheat bread crumbs, cracker crumbs,fresh breadcrumbs, fine dry breadcrumbs, italian breadcrumbs,plain breadcrumbs, chickpeas, peas, black-eyed peas, frozen peas and carrot, frozen sweet peas, frozen peas, baby peas, split peas, snow peas, green peas,chickpeas, frozen baby peas, yellow split peas, snap peas']"
372822,crabmeat cheesecake with pecan crust  creole,"pecans, all-purpose flour, salt, unsalted butter, ice water, onion, fresh lump crabmeat, cream cheese, plain yogurt, sour cream, eggs, white pepper, hot sauce, shallots, mushrooms, lemon juice, worcestershire sauce, heavy whipping cream, crab, black pepper",are,3,"[' low-fat buttermilk, butter, unsalted butter,unsalted butter,butter, buttermilk, peanut butter, natural-style peanut butter, reduced-fat creamy peanut butter, coconut butter, clarified butter,butternut squash, smooth cashew butter, smooth peanut butter, butternut squash,peanut butter, butter flavor shortening, salted butter, sweet butter, butter lettuce leaves, chunky peanut butter,buttermilk, light butter,all-purpose flour, buckwheat flour, flour, all-purpose flour, flour tortillas, white flour, whole wheat flour, unbleached all-purpose flour,flour,whole wheat flour, plain flour, cornflour, chickpea flour, self rising flour,cake flour,buckwheat flour, flour tortilla, oat flour, rye flour, gram flour, cake flour,bread flour,flour tortillas, panko breadcrumbs, breadcrumbs, unseasoned breadcrumbs, fresh white breadcrumbs, plain breadcrumbs, dry breadcrumbs, fine soft bread crumbs, whole wheat bread crumbs, cracker crumbs,fresh breadcrumbs, fine dry breadcrumbs, italian breadcrumbs,plain breadcrumbs, chickpeas, peas, black-eyed peas, frozen peas and carrot, frozen sweet peas, frozen peas, baby peas, split peas, snow peas, green peas,chickpeas, frozen baby peas, yellow split peas, snap peas']"
372822,crabmeat cheesecake with pecan crust  creole,"pecans, all-purpose flour, salt, unsalted butter, ice water, onion, fresh lump crabmeat, cream cheese, plain yogurt, sour cream, eggs, white pepper, hot sauce, shallots, mushrooms, lemon juice, worcestershire sauce, heavy whipping cream, crab, black pepper",toss,4,"[' juice of, orange juice, sliced mushrooms, allspice, lime juice, jamaican jerk spice, long-grain rice, lemon juice, apple juice, ground allspice, fresh orange juice, fresh lime juice, diced onion, rice, diced tomatoes, fresh lemon juice, diced tomatoes with juice, basmati rice, cooked wild rice, sliced almonds, brown basmati rice, diced tomato, unsweetened pineapple juice, iceberg lettuce, cooked rice, rice wine, brown rice, long grain white rice, rice vinegar, five-spice powder, rice sticks, rice wine vinegar, sliced water chestnuts, mango juice, tomato juice, pineapple juice, sliced ripe olives, chinese five spice powder, pineapple chunks in juice, italian-style diced tomatoes, clamato juice, orange slice, cooked white rice, jasmine rice, diced green chilies, cooked long-grain rice, juice and zest of, spicy vegetable juice,rice wine vinegar,sliced almonds, juice, long grain rice, ice water, tomatoes with juice, clam juice, diced onions, steamed rice, converted rice, cheese slice, rice vermicelli,cooked brown rice, white rice, pepperoni slices, wild rice, tamarind juice, spice essence,lemon juice, mangoes in juice,rice, instant rice, seasoned rice vinegar, ginger juice, cherry juice,basmati rice, del monte zesty jalapeno pepper diced tomato, pumpkin pie spice, cheese slices, diced tomatoes with basil and garlic, pineapple juice concentrate,rice noodles, diced tomatoes with mild green chilies, cooked basmati rice, bottled clam juice,iceberg lettuce, maraschino cherry juice, dried rice noodles,pickle juice, mixed spice,fresh lime juice, water, boiling water, seltzer water, hot water, cold water, warm water,warm water,water, water chestnuts, tap water, water chestnut,hot water, rose water, watercress,coconut water, phyllo dough, sourdough baguettes, pizza dough,shortcrust pastry dough']"
372822,crabmeat cheesecake with pecan crust  creole,"pecans, all-purpose flour, salt, unsalted butter, ice water, onion, fresh lump crabmeat, cream cheese, plain yogurt, sour cream, eggs, white pepper, hot sauce, shallots, mushrooms, lemon juice, worcestershire sauce, heavy whipping cream, crab, black pepper",using,4,"[' juice of, orange juice, sliced mushrooms, allspice, lime juice, jamaican jerk spice, long-grain rice, lemon juice, apple juice, ground allspice, fresh orange juice, fresh lime juice, diced onion, rice, diced tomatoes, fresh lemon juice, diced tomatoes with juice, basmati rice, cooked wild rice, sliced almonds, brown basmati rice, diced tomato, unsweetened pineapple juice, iceberg lettuce, cooked rice, rice wine, brown rice, long grain white rice, rice vinegar, five-spice powder, rice sticks, rice wine vinegar, sliced water chestnuts, mango juice, tomato juice, pineapple juice, sliced ripe olives, chinese five spice powder, pineapple chunks in juice, italian-style diced tomatoes, clamato juice, orange slice, cooked white rice, jasmine rice, diced green chilies, cooked long-grain rice, juice and zest of, spicy vegetable juice,rice wine vinegar,sliced almonds, juice, long grain rice, ice water, tomatoes with juice, clam juice, diced onions, steamed rice, converted rice, cheese slice, rice vermicelli,cooked brown rice, white rice, pepperoni slices, wild rice, tamarind juice, spice essence,lemon juice, mangoes in juice,rice, instant rice, seasoned rice vinegar, ginger juice, cherry juice,basmati rice, del monte zesty jalapeno pepper diced tomato, pumpkin pie spice, cheese slices, diced tomatoes with basil and garlic, pineapple juice concentrate,rice noodles, diced tomatoes with mild green chilies, cooked basmati rice, bottled clam juice,iceberg lettuce, maraschino cherry juice, dried rice noodles,pickle juice, mixed spice,fresh lime juice, water, boiling water, seltzer water, hot water, cold water, warm water,warm water,water, water chestnuts, tap water, water chestnut,hot water, rose water, watercress,coconut water, phyllo dough, sourdough baguettes, pizza dough,shortcrust pastry dough']"
372822,crabmeat cheesecake with pecan crust  creole,"pecans, all-purpose flour, salt, unsalted butter, ice water, onion, fresh lump crabmeat, cream cheese, plain yogurt, sour cream, eggs, white pepper, hot sauce, shallots, mushrooms, lemon juice, worcestershire sauce, heavy whipping cream, crab, black pepper",using,11,"[' sour cream, cream cheese, cream, reduced-fat creamy peanut butter, reduced-fat cream cheese, cream of chicken soup, cream of mushroom soup, fat free sour cream,cream cheese, spinach and artichoke cream cheese, heavy cream,sour cream, whipped cream cheese, light cream, double cream, whipping cream, whipped cream, half-and-half cream, cream sherry, low-fat sour cream, cream of wild mushroom soup, nonfat sour cream, cream cheese with garlic and herbs, heavy whipping cream, sweetened whipped cream, horseradish cream, cream of tartar, monterey jack cheese, parmesan cheese, mozzarella cheese, ricotta cheese, parmigiano-reggiano cheese, sharp cheddar cheese, swiss cheese, cheddar cheese, teleme cheese, manchego cheese, gruyere cheese, processed cheese, soy mozzarella cheese, romano cheese, blue cheese-stuffed olives, italian cheese blend, feta cheese, yellow cheese, shredded cheddar cheese,part-skim ricotta cheese, colby cheese, colby-monterey jack cheese, mexican blend cheese, mascarpone cheese, extra-sharp cheddar cheese, cheese, monterey jack pepper cheese, blue cheese, cottage cheese, jalapeno jack cheese, cotija cheese, vegan cheddar cheese, asiago cheese, asadero cheese, low-fat cheese, ""goats cheese"", white cheddar cheese, provolone cheese, cheese slice, cheese spread, goat cheese, gouda cheese,small curd cottage cheese,jalapeno jack cheese, parmesan-romano cheese mix, velveeta cheese, smoked gouda cheese, cheese slices, sharp white cheddar cheese, old cheddar cheese, fat free mozzarella cheese, fat-free cheddar cheese']"
372822,crabmeat cheesecake with pecan crust  creole,"pecans, all-purpose flour, salt, unsalted butter, ice water, onion, fresh lump crabmeat, cream cheese, plain yogurt, sour cream, eggs, white pepper, hot sauce, shallots, mushrooms, lemon juice, worcestershire sauce, heavy whipping cream, crab, black pepper",lift,4,"[' juice of, orange juice, sliced mushrooms, allspice, lime juice, jamaican jerk spice, long-grain rice, lemon juice, apple juice, ground allspice, fresh orange juice, fresh lime juice, diced onion, rice, diced tomatoes, fresh lemon juice, diced tomatoes with juice, basmati rice, cooked wild rice, sliced almonds, brown basmati rice, diced tomato, unsweetened pineapple juice, iceberg lettuce, cooked rice, rice wine, brown rice, long grain white rice, rice vinegar, five-spice powder, rice sticks, rice wine vinegar, sliced water chestnuts, mango juice, tomato juice, pineapple juice, sliced ripe olives, chinese five spice powder, pineapple chunks in juice, italian-style diced tomatoes, clamato juice, orange slice, cooked white rice, jasmine rice, diced green chilies, cooked long-grain rice, juice and zest of, spicy vegetable juice,rice wine vinegar,sliced almonds, juice, long grain rice, ice water, tomatoes with juice, clam juice, diced onions, steamed rice, converted rice, cheese slice, rice vermicelli,cooked brown rice, white rice, pepperoni slices, wild rice, tamarind juice, spice essence,lemon juice, mangoes in juice,rice, instant rice, seasoned rice vinegar, ginger juice, cherry juice,basmati rice, del monte zesty jalapeno pepper diced tomato, pumpkin pie spice, cheese slices, diced tomatoes with basil and garlic, pineapple juice concentrate,rice noodles, diced tomatoes with mild green chilies, cooked basmati rice, bottled clam juice,iceberg lettuce, maraschino cherry juice, dried rice noodles,pickle juice, mixed spice,fresh lime juice, water, boiling water, seltzer water, hot water, cold water, warm water,warm water,water, water chestnuts, tap water, water chestnut,hot water, rose water, watercress,coconut water, phyllo dough, sourdough baguettes, pizza dough,shortcrust pastry dough']"
372822,crabmeat cheesecake with pecan crust  creole,"pecans, all-purpose flour, salt, unsalted butter, ice water, onion, fresh lump crabmeat, cream cheese, plain yogurt, sour cream, eggs, white pepper, hot sauce, shallots, mushrooms, lemon juice, worcestershire sauce, heavy whipping cream, crab, black pepper",incorporate,4,"[' juice of, orange juice, sliced mushrooms, allspice, lime juice, jamaican jerk spice, long-grain rice, lemon juice, apple juice, ground allspice, fresh orange juice, fresh lime juice, diced onion, rice, diced tomatoes, fresh lemon juice, diced tomatoes with juice, basmati rice, cooked wild rice, sliced almonds, brown basmati rice, diced tomato, unsweetened pineapple juice, iceberg lettuce, cooked rice, rice wine, brown rice, long grain white rice, rice vinegar, five-spice powder, rice sticks, rice wine vinegar, sliced water chestnuts, mango juice, tomato juice, pineapple juice, sliced ripe olives, chinese five spice powder, pineapple chunks in juice, italian-style diced tomatoes, clamato juice, orange slice, cooked white rice, jasmine rice, diced green chilies, cooked long-grain rice, juice and zest of, spicy vegetable juice,rice wine vinegar,sliced almonds, juice, long grain rice, ice water, tomatoes with juice, clam juice, diced onions, steamed rice, converted rice, cheese slice, rice vermicelli,cooked brown rice, white rice, pepperoni slices, wild rice, tamarind juice, spice essence,lemon juice, mangoes in juice,rice, instant rice, seasoned rice vinegar, ginger juice, cherry juice,basmati rice, del monte zesty jalapeno pepper diced tomato, pumpkin pie spice, cheese slices, diced tomatoes with basil and garlic, pineapple juice concentrate,rice noodles, diced tomatoes with mild green chilies, cooked basmati rice, bottled clam juice,iceberg lettuce, maraschino cherry juice, dried rice noodles,pickle juice, mixed spice,fresh lime juice, water, boiling water, seltzer water, hot water, cold water, warm water,warm water,water, water chestnuts, tap water, water chestnut,hot water, rose water, watercress,coconut water, phyllo dough, sourdough baguettes, pizza dough,shortcrust pastry dough']"
372822,crabmeat cheesecake with pecan crust  creole,"pecans, all-purpose flour, salt, unsalted butter, ice water, onion, fresh lump crabmeat, cream cheese, plain yogurt, sour cream, eggs, white pepper, hot sauce, shallots, mushrooms, lemon juice, worcestershire sauce, heavy whipping cream, crab, black pepper",remain,5,"[' phyllo dough, sourdough baguettes, pizza dough,shortcrust pastry dough']"
372822,crabmeat cheesecake with pecan crust  creole,"pecans, all-purpose flour, salt, unsalted butter, ice water, onion, fresh lump crabmeat, cream cheese, plain yogurt, sour cream, eggs, white pepper, hot sauce, shallots, mushrooms, lemon juice, worcestershire sauce, heavy whipping cream, crab, black pepper",starting,6,"[' phyllo dough, sourdough baguettes, pizza dough,shortcrust pastry dough, tart cooking apples, cream of tartar, tart cherries, tart red cherries, panko breadcrumbs, campanelle pasta, pancetta, spanish onion, spanish olives with pimento, panir,pancetta,panir,pancakes']"
372822,crabmeat cheesecake with pecan crust  creole,"pecans, all-purpose flour, salt, unsalted butter, ice water, onion, fresh lump crabmeat, cream cheese, plain yogurt, sour cream, eggs, white pepper, hot sauce, shallots, mushrooms, lemon juice, worcestershire sauce, heavy whipping cream, crab, black pepper",press,6,"[' phyllo dough, sourdough baguettes, pizza dough,shortcrust pastry dough, tart cooking apples, cream of tartar, tart cherries, tart red cherries, panko breadcrumbs, campanelle pasta, pancetta, spanish onion, spanish olives with pimento, panir,pancetta,panir,pancakes']"
372822,crabmeat cheesecake with pecan crust  creole,"pecans, all-purpose flour, salt, unsalted butter, ice water, onion, fresh lump crabmeat, cream cheese, plain yogurt, sour cream, eggs, white pepper, hot sauce, shallots, mushrooms, lemon juice, worcestershire sauce, heavy whipping cream, crab, black pepper",bake,7,"['thin pizza crust, prepared pizza crust,shortcrust pastry dough']"
372822,crabmeat cheesecake with pecan crust  creole,"pecans, all-purpose flour, salt, unsalted butter, ice water, onion, fresh lump crabmeat, cream cheese, plain yogurt, sour cream, eggs, white pepper, hot sauce, shallots, mushrooms, lemon juice, worcestershire sauce, heavy whipping cream, crab, black pepper",bake,14,"['thin pizza crust, prepared pizza crust,shortcrust pastry dough, russet potatoes']"
372822,crabmeat cheesecake with pecan crust  creole,"pecans, all-purpose flour, salt, unsalted butter, ice water, onion, fresh lump crabmeat, cream cheese, plain yogurt, sour cream, eggs, white pepper, hot sauce, shallots, mushrooms, lemon juice, worcestershire sauce, heavy whipping cream, crab, black pepper",allow,7,"['thin pizza crust, prepared pizza crust,shortcrust pastry dough']"
372822,crabmeat cheesecake with pecan crust  creole,"pecans, all-purpose flour, salt, unsalted butter, ice water, onion, fresh lump crabmeat, cream cheese, plain yogurt, sour cream, eggs, white pepper, hot sauce, shallots, mushrooms, lemon juice, worcestershire sauce, heavy whipping cream, crab, black pepper",cool,7,"['thin pizza crust, prepared pizza crust,shortcrust pastry dough']"
372822,crabmeat cheesecake with pecan crust  creole,"pecans, all-purpose flour, salt, unsalted butter, ice water, onion, fresh lump crabmeat, cream cheese, plain yogurt, sour cream, eggs, white pepper, hot sauce, shallots, mushrooms, lemon juice, worcestershire sauce, heavy whipping cream, crab, black pepper",filling,7,"['thin pizza crust, prepared pizza crust,shortcrust pastry dough']"
372822,crabmeat cheesecake with pecan crust  creole,"pecans, all-purpose flour, salt, unsalted butter, ice water, onion, fresh lump crabmeat, cream cheese, plain yogurt, sour cream, eggs, white pepper, hot sauce, shallots, mushrooms, lemon juice, worcestershire sauce, heavy whipping cream, crab, black pepper",reduce,8,{}
372822,crabmeat cheesecake with pecan crust  creole,"pecans, all-purpose flour, salt, unsalted butter, ice water, onion, fresh lump crabmeat, cream cheese, plain yogurt, sour cream, eggs, white pepper, hot sauce, shallots, mushrooms, lemon juice, worcestershire sauce, heavy whipping cream, crab, black pepper",cook,9,"[' yellow onion, onion,onion, onion flakes, red onion, dehydrated onion, onion powder, sweet onions, red onions, diced onion, brown onions, onions,yellow onions, sweet onion, yellow onions, green onions, white onions, green onion, white onion,yellow onion, granulated onion, spanish onion, yellow sweet onion, spring onions, dried onion,onions, dried onion flakes, white pearl onions, diced onions, ""frenchs french fried onions"", spring onion, onion rings, frozen pearl onions, onion salt, onion paste, french-fried onions, green onion top, green onions with top, low-fat buttermilk, butter, unsalted butter,unsalted butter,butter, buttermilk, peanut butter, natural-style peanut butter, reduced-fat creamy peanut butter, coconut butter, clarified butter,butternut squash, smooth cashew butter, smooth peanut butter, butternut squash,peanut butter, butter flavor shortening, salted butter, sweet butter, butter lettuce leaves, chunky peanut butter,buttermilk, light butter, buckwheat flour, whole wheat flour,whole wheat flour, wheat germ,buckwheat flour, bulgur wheat, whole wheat bread crumbs, whole wheat hamburger buns, wheat, whole wheat pasta, whole wheat angel hair pasta, whole wheat bread,whole wheat tortillas']"
372822,crabmeat cheesecake with pecan crust  creole,"pecans, all-purpose flour, salt, unsalted butter, ice water, onion, fresh lump crabmeat, cream cheese, plain yogurt, sour cream, eggs, white pepper, hot sauce, shallots, mushrooms, lemon juice, worcestershire sauce, heavy whipping cream, crab, black pepper",cook,10,"[' fresh crabmeat, crabmeat, lump crabmeat, fresh lump crabmeat, buckwheat flour, whole wheat flour,whole wheat flour, wheat germ,buckwheat flour, bulgur wheat, whole wheat bread crumbs, whole wheat hamburger buns, wheat, whole wheat pasta, whole wheat angel hair pasta, whole wheat bread,whole wheat tortillas']"
372822,crabmeat cheesecake with pecan crust  creole,"pecans, all-purpose flour, salt, unsalted butter, ice water, onion, fresh lump crabmeat, cream cheese, plain yogurt, sour cream, eggs, white pepper, hot sauce, shallots, mushrooms, lemon juice, worcestershire sauce, heavy whipping cream, crab, black pepper",cook,15,"[' shallots, sliced mushrooms, mixed mushrooms, baby portabella mushrooms, mushrooms, cremini mushrooms, portabella mushrooms, dried shiitake mushrooms, button mushrooms, fresh mushrooms, shiitake mushrooms, dried porcini mushrooms,dried porcini mushrooms,dried shiitake mushrooms, oyster mushrooms, fresh white mushrooms, white mushrooms, lemon zest, lemon juice, lemon peel, lemon, fresh lemon juice, lemon wedges, lemons, fresh lemon zest,lemons, lemongrass, lemon thyme, lemon twist, fresh lemongrass,lemon juice, lemon pepper seasoning, lemon extract, lemon rind, candied lemon peel, lemon wedge, preserved lemon, juice of, orange juice, lime juice, apple juice, fresh orange juice, fresh lime juice, diced tomatoes with juice, unsweetened pineapple juice, mango juice, tomato juice, pineapple juice, pineapple chunks in juice, clamato juice, juice and zest of, spicy vegetable juice, juice, tomatoes with juice, clam juice, tamarind juice, mangoes in juice, ginger juice, cherry juice, pineapple juice concentrate, bottled clam juice, maraschino cherry juice,pickle juice,fresh lime juice, worcestershire sauce, soy sauce, tomato sauce, a.1. original sauce, adobo sauce, spaghetti sauce, thai sweet chili sauce, sriracha sauce, tabasco sauce, picante sauce, pesto sauce, tamari soy sauce, applesauce, hot sauce,spaghetti sauce, hot pepper sauce, hoisin sauce, oyster sauce, reduced sodium soy sauce, low sodium soy sauce, chili-garlic sauce, fish sauce, sweet chili sauce, teriyaki sauce, dark soy sauce, barbecue sauce, soya sauce, red chili sauce, chili sauce,hoisin sauce, sweet soy sauce, vegetarian oyster sauce, light soy sauce, pizza sauce, cranberry sauce, horseradish sauce, ""franks red hot sauce"", remoulade sauce, liquid hot pepper sauce, pasta sauce, sweet and sour sauce,soya sauce, spaghetti sauce with meat, hollandaise sauce mix, louisiana hot sauce, garlic sauce, green enchilada sauce,soy sauce, red enchilada sauce, pickapeppa sauce, bearnaise sauce mix']"
372822,crabmeat cheesecake with pecan crust  creole,"pecans, all-purpose flour, salt, unsalted butter, ice water, onion, fresh lump crabmeat, cream cheese, plain yogurt, sour cream, eggs, white pepper, hot sauce, shallots, mushrooms, lemon juice, worcestershire sauce, heavy whipping cream, crab, black pepper",heated,10,"[' fresh crabmeat, crabmeat, lump crabmeat, fresh lump crabmeat, buckwheat flour, whole wheat flour,whole wheat flour, wheat germ,buckwheat flour, bulgur wheat, whole wheat bread crumbs, whole wheat hamburger buns, wheat, whole wheat pasta, whole wheat angel hair pasta, whole wheat bread,whole wheat tortillas']"
372822,crabmeat cheesecake with pecan crust  creole,"pecans, all-purpose flour, salt, unsalted butter, ice water, onion, fresh lump crabmeat, cream cheese, plain yogurt, sour cream, eggs, white pepper, hot sauce, shallots, mushrooms, lemon juice, worcestershire sauce, heavy whipping cream, crab, black pepper",remove,10,"[' fresh crabmeat, crabmeat, lump crabmeat, fresh lump crabmeat, buckwheat flour, whole wheat flour,whole wheat flour, wheat germ,buckwheat flour, bulgur wheat, whole wheat bread crumbs, whole wheat hamburger buns, wheat, whole wheat pasta, whole wheat angel hair pasta, whole wheat bread,whole wheat tortillas']"
372822,crabmeat cheesecake with pecan crust  creole,"pecans, all-purpose flour, salt, unsalted butter, ice water, onion, fresh lump crabmeat, cream cheese, plain yogurt, sour cream, eggs, white pepper, hot sauce, shallots, mushrooms, lemon juice, worcestershire sauce, heavy whipping cream, crab, black pepper",set,10,"[' fresh crabmeat, crabmeat, lump crabmeat, fresh lump crabmeat, buckwheat flour, whole wheat flour,whole wheat flour, wheat germ,buckwheat flour, bulgur wheat, whole wheat bread crumbs, whole wheat hamburger buns, wheat, whole wheat pasta, whole wheat angel hair pasta, whole wheat bread,whole wheat tortillas']"
372822,crabmeat cheesecake with pecan crust  creole,"pecans, all-purpose flour, salt, unsalted butter, ice water, onion, fresh lump crabmeat, cream cheese, plain yogurt, sour cream, eggs, white pepper, hot sauce, shallots, mushrooms, lemon juice, worcestershire sauce, heavy whipping cream, crab, black pepper",mixing,11,"[' sour cream, cream cheese, cream, reduced-fat creamy peanut butter, reduced-fat cream cheese, cream of chicken soup, cream of mushroom soup, fat free sour cream,cream cheese, spinach and artichoke cream cheese, heavy cream,sour cream, whipped cream cheese, light cream, double cream, whipping cream, whipped cream, half-and-half cream, cream sherry, low-fat sour cream, cream of wild mushroom soup, nonfat sour cream, cream cheese with garlic and herbs, heavy whipping cream, sweetened whipped cream, horseradish cream, cream of tartar, monterey jack cheese, parmesan cheese, mozzarella cheese, ricotta cheese, parmigiano-reggiano cheese, sharp cheddar cheese, swiss cheese, cheddar cheese, teleme cheese, manchego cheese, gruyere cheese, processed cheese, soy mozzarella cheese, romano cheese, blue cheese-stuffed olives, italian cheese blend, feta cheese, yellow cheese, shredded cheddar cheese,part-skim ricotta cheese, colby cheese, colby-monterey jack cheese, mexican blend cheese, mascarpone cheese, extra-sharp cheddar cheese, cheese, monterey jack pepper cheese, blue cheese, cottage cheese, jalapeno jack cheese, cotija cheese, vegan cheddar cheese, asiago cheese, asadero cheese, low-fat cheese, ""goats cheese"", white cheddar cheese, provolone cheese, cheese slice, cheese spread, goat cheese, gouda cheese,small curd cottage cheese,jalapeno jack cheese, parmesan-romano cheese mix, velveeta cheese, smoked gouda cheese, cheese slices, sharp white cheddar cheese, old cheddar cheese, fat free mozzarella cheese, fat-free cheddar cheese']"
372822,crabmeat cheesecake with pecan crust  creole,"pecans, all-purpose flour, salt, unsalted butter, ice water, onion, fresh lump crabmeat, cream cheese, plain yogurt, sour cream, eggs, white pepper, hot sauce, shallots, mushrooms, lemon juice, worcestershire sauce, heavy whipping cream, crab, black pepper",blend,11,"[' sour cream, cream cheese, cream, reduced-fat creamy peanut butter, reduced-fat cream cheese, cream of chicken soup, cream of mushroom soup, fat free sour cream,cream cheese, spinach and artichoke cream cheese, heavy cream,sour cream, whipped cream cheese, light cream, double cream, whipping cream, whipped cream, half-and-half cream, cream sherry, low-fat sour cream, cream of wild mushroom soup, nonfat sour cream, cream cheese with garlic and herbs, heavy whipping cream, sweetened whipped cream, horseradish cream, cream of tartar, monterey jack cheese, parmesan cheese, mozzarella cheese, ricotta cheese, parmigiano-reggiano cheese, sharp cheddar cheese, swiss cheese, cheddar cheese, teleme cheese, manchego cheese, gruyere cheese, processed cheese, soy mozzarella cheese, romano cheese, blue cheese-stuffed olives, italian cheese blend, feta cheese, yellow cheese, shredded cheddar cheese,part-skim ricotta cheese, colby cheese, colby-monterey jack cheese, mexican blend cheese, mascarpone cheese, extra-sharp cheddar cheese, cheese, monterey jack pepper cheese, blue cheese, cottage cheese, jalapeno jack cheese, cotija cheese, vegan cheddar cheese, asiago cheese, asadero cheese, low-fat cheese, ""goats cheese"", white cheddar cheese, provolone cheese, cheese slice, cheese spread, goat cheese, gouda cheese,small curd cottage cheese,jalapeno jack cheese, parmesan-romano cheese mix, velveeta cheese, smoked gouda cheese, cheese slices, sharp white cheddar cheese, old cheddar cheese, fat free mozzarella cheese, fat-free cheddar cheese']"
372822,crabmeat cheesecake with pecan crust  creole,"pecans, all-purpose flour, salt, unsalted butter, ice water, onion, fresh lump crabmeat, cream cheese, plain yogurt, sour cream, eggs, white pepper, hot sauce, shallots, mushrooms, lemon juice, worcestershire sauce, heavy whipping cream, crab, black pepper",fold,13,"[' monterey jack cheese, parmesan cheese, mozzarella cheese, ricotta cheese, cream cheese, parmigiano-reggiano cheese, sharp cheddar cheese, swiss cheese, cheddar cheese, teleme cheese, manchego cheese, gruyere cheese, reduced-fat cream cheese, processed cheese,cream cheese, soy mozzarella cheese, romano cheese, blue cheese-stuffed olives, spinach and artichoke cream cheese, italian cheese blend, feta cheese, yellow cheese, whipped cream cheese, shredded cheddar cheese,part-skim ricotta cheese, colby cheese, colby-monterey jack cheese, mexican blend cheese, mascarpone cheese, extra-sharp cheddar cheese, cheese, monterey jack pepper cheese, blue cheese, cottage cheese, jalapeno jack cheese, cotija cheese, vegan cheddar cheese, asiago cheese, asadero cheese, low-fat cheese, ""goats cheese"", cream cheese with garlic and herbs, white cheddar cheese, provolone cheese, cheese slice, cheese spread, goat cheese, gouda cheese,small curd cottage cheese,jalapeno jack cheese, parmesan-romano cheese mix, velveeta cheese, smoked gouda cheese, cheese slices, sharp white cheddar cheese, old cheddar cheese, fat free mozzarella cheese, fat-free cheddar cheese, fresh crabmeat, crabmeat, lump crabmeat, fresh lump crabmeat, italian seasoning, seasoning salt, poultry seasoning, unseasoned breadcrumbs, old bay seasoning, creole seasoning, dried italian seasoning, dried italian herb seasoning, seasoning, hidden valley original ranch seasoning mix, pork seasoning,crab boil seasoning, cajun seasoning,blackening seasoning, italian herb seasoning, crab boil seasoning, lemon pepper seasoning, seasoned rice vinegar, adobo seasoning, garlic pepper seasoning, blackening seasoning, sazon con azafran seasoning, seasoned dry bread crumb, all purpose greek seasoning, accent seasoning, barbecue seasoning, taco seasoning, mccormick grill seasoning, salt, salt and pepper, unsalted butter,salt, salt & freshly ground black pepper,unsalted butter, kosher salt, coarse salt, sea salt, salted peanuts, salt & pepper,kosher salt, garlic salt, celery salt, kosher salt & freshly ground black pepper, coarse sea salt, no-salt-added corn, salt and black pepper,sea salt,coarse salt, onion salt, salted butter, saltine crackers, unsalted cashews, salt & fresh ground pepper, fine sea salt, table salt, unsalted dry roasted peanuts, unsalted peanuts, soy sauce, tomato sauce, a.1. original sauce, worcestershire sauce, adobo sauce, spaghetti sauce, thai sweet chili sauce, sriracha sauce, tabasco sauce, picante sauce, pesto sauce, tamari soy sauce, applesauce, hot sauce,spaghetti sauce, hot pepper sauce, hoisin sauce, oyster sauce, reduced sodium soy sauce, low sodium soy sauce, chili-garlic sauce, fish sauce, sweet chili sauce, teriyaki sauce, dark soy sauce, barbecue sauce, soya sauce, red chili sauce, chili sauce,hoisin sauce, sweet soy sauce, vegetarian oyster sauce, light soy sauce, pizza sauce, cranberry sauce, horseradish sauce, ""franks red hot sauce"", remoulade sauce, liquid hot pepper sauce, pasta sauce, sweet and sour sauce,soya sauce, spaghetti sauce with meat, hollandaise sauce mix, louisiana hot sauce, garlic sauce, green enchilada sauce,soy sauce, red enchilada sauce, pickapeppa sauce, bearnaise sauce mix']"
372822,crabmeat cheesecake with pecan crust  creole,"pecans, all-purpose flour, salt, unsalted butter, ice water, onion, fresh lump crabmeat, cream cheese, plain yogurt, sour cream, eggs, white pepper, hot sauce, shallots, mushrooms, lemon juice, worcestershire sauce, heavy whipping cream, crab, black pepper",taste,13,"[' monterey jack cheese, parmesan cheese, mozzarella cheese, ricotta cheese, cream cheese, parmigiano-reggiano cheese, sharp cheddar cheese, swiss cheese, cheddar cheese, teleme cheese, manchego cheese, gruyere cheese, reduced-fat cream cheese, processed cheese,cream cheese, soy mozzarella cheese, romano cheese, blue cheese-stuffed olives, spinach and artichoke cream cheese, italian cheese blend, feta cheese, yellow cheese, whipped cream cheese, shredded cheddar cheese,part-skim ricotta cheese, colby cheese, colby-monterey jack cheese, mexican blend cheese, mascarpone cheese, extra-sharp cheddar cheese, cheese, monterey jack pepper cheese, blue cheese, cottage cheese, jalapeno jack cheese, cotija cheese, vegan cheddar cheese, asiago cheese, asadero cheese, low-fat cheese, ""goats cheese"", cream cheese with garlic and herbs, white cheddar cheese, provolone cheese, cheese slice, cheese spread, goat cheese, gouda cheese,small curd cottage cheese,jalapeno jack cheese, parmesan-romano cheese mix, velveeta cheese, smoked gouda cheese, cheese slices, sharp white cheddar cheese, old cheddar cheese, fat free mozzarella cheese, fat-free cheddar cheese, fresh crabmeat, crabmeat, lump crabmeat, fresh lump crabmeat, italian seasoning, seasoning salt, poultry seasoning, unseasoned breadcrumbs, old bay seasoning, creole seasoning, dried italian seasoning, dried italian herb seasoning, seasoning, hidden valley original ranch seasoning mix, pork seasoning,crab boil seasoning, cajun seasoning,blackening seasoning, italian herb seasoning, crab boil seasoning, lemon pepper seasoning, seasoned rice vinegar, adobo seasoning, garlic pepper seasoning, blackening seasoning, sazon con azafran seasoning, seasoned dry bread crumb, all purpose greek seasoning, accent seasoning, barbecue seasoning, taco seasoning, mccormick grill seasoning, salt, salt and pepper, unsalted butter,salt, salt & freshly ground black pepper,unsalted butter, kosher salt, coarse salt, sea salt, salted peanuts, salt & pepper,kosher salt, garlic salt, celery salt, kosher salt & freshly ground black pepper, coarse sea salt, no-salt-added corn, salt and black pepper,sea salt,coarse salt, onion salt, salted butter, saltine crackers, unsalted cashews, salt & fresh ground pepper, fine sea salt, table salt, unsalted dry roasted peanuts, unsalted peanuts, soy sauce, tomato sauce, a.1. original sauce, worcestershire sauce, adobo sauce, spaghetti sauce, thai sweet chili sauce, sriracha sauce, tabasco sauce, picante sauce, pesto sauce, tamari soy sauce, applesauce, hot sauce,spaghetti sauce, hot pepper sauce, hoisin sauce, oyster sauce, reduced sodium soy sauce, low sodium soy sauce, chili-garlic sauce, fish sauce, sweet chili sauce, teriyaki sauce, dark soy sauce, barbecue sauce, soya sauce, red chili sauce, chili sauce,hoisin sauce, sweet soy sauce, vegetarian oyster sauce, light soy sauce, pizza sauce, cranberry sauce, horseradish sauce, ""franks red hot sauce"", remoulade sauce, liquid hot pepper sauce, pasta sauce, sweet and sour sauce,soya sauce, spaghetti sauce with meat, hollandaise sauce mix, louisiana hot sauce, garlic sauce, green enchilada sauce,soy sauce, red enchilada sauce, pickapeppa sauce, bearnaise sauce mix']"
372822,crabmeat cheesecake with pecan crust  creole,"pecans, all-purpose flour, salt, unsalted butter, ice water, onion, fresh lump crabmeat, cream cheese, plain yogurt, sour cream, eggs, white pepper, hot sauce, shallots, mushrooms, lemon juice, worcestershire sauce, heavy whipping cream, crab, black pepper",taste,18,"[' salt, salt and pepper, unsalted butter,salt, salt & freshly ground black pepper,unsalted butter, kosher salt, coarse salt, seasoning salt, sea salt, salted peanuts, salt & pepper,kosher salt, garlic salt, celery salt, kosher salt & freshly ground black pepper, coarse sea salt, no-salt-added corn, salt and black pepper,sea salt,coarse salt, onion salt, salted butter, saltine crackers, unsalted cashews, salt & fresh ground pepper, fine sea salt, table salt, unsalted dry roasted peanuts, unsalted peanuts, fresh coarse ground black pepper, cracked black pepper, green pepper, cayenne pepper, red chili pepper, ground cayenne pepper, pepper, red peppers, habanero pepper, green bell pepper, fresh jalapeno peppers, serrano pepper, fresh ground black pepper, red bell pepper, yellow bell pepper, peppercorns, black pepper, white pepper, ground red pepper, ground black pepper, red pepper, red bell peppers, yellow pepper, black peppercorns, chipotle pepper, fresh cracked pepper, piquillo peppers, red pepper flakes, crushed red pepper flakes, bell pepper, green peppers, bell peppers, scotch bonnet pepper, yellow peppers, jalapeno pepper, peppercorn, pepperoni, hot pepper sauce, dried red chili peppers, szechuan peppercorns, roasted red pepper, poblano pepper, dry crushed red pepper, fresh ground white pepper, red chili peppers, red cayenne pepper, pickled jalapeno pepper, coarse black pepper, thai red chili pepper, red sweet bell pepper, green chili pepper, sweet red pepper, fresh ground pepper, pepperoncini peppers, chili pepper, monterey jack pepper cheese, green bell peppers, chinese red peppers, yellow bell peppers, jalapeno peppers, dried red pepper flakes, habanero peppers, chipotle peppers, chili peppers, red chili pepper flakes, pickled sweet peppers, white peppercorns, roasted red and yellow peppers, hot pepper flakes, ground pepper, roasted red peppers,roasted red peppers, liquid hot pepper sauce, sweet pepper, pepperoni slices, scotch bonnet peppers, lemon pepper seasoning, cracked pepper, hot pepper paste, hot chili pepper, poblano peppers,white pepper, garlic pepper seasoning, dried hot peppers, peppercorn ranch dressing, pepper bacon, whole black peppercorns, green pepper ring,bell peppers, del monte zesty jalapeno pepper diced tomato, white pepper powder, pepper rings, hot red pepper flakes, pepperoncini pepper, green peppercorn, orange bell pepper, szechwan pepper, chili pepper flakes,dried pasilla peppers, sweet green pepper, serrano peppers, whole black peppercorn, yellow sweet pepper, fresh crabmeat,crab boil seasoning, crab boil seasoning, crabmeat, crab boil, lump crabmeat, crab, king crab legs, fresh lump crabmeat']"
372822,crabmeat cheesecake with pecan crust  creole,"pecans, all-purpose flour, salt, unsalted butter, ice water, onion, fresh lump crabmeat, cream cheese, plain yogurt, sour cream, eggs, white pepper, hot sauce, shallots, mushrooms, lemon juice, worcestershire sauce, heavy whipping cream, crab, black pepper",pour,14,"['thin pizza crust, prepared pizza crust,shortcrust pastry dough, russet potatoes']"
372822,crabmeat cheesecake with pecan crust  creole,"pecans, all-purpose flour, salt, unsalted butter, ice water, onion, fresh lump crabmeat, cream cheese, plain yogurt, sour cream, eggs, white pepper, hot sauce, shallots, mushrooms, lemon juice, worcestershire sauce, heavy whipping cream, crab, black pepper",pour,18,"[' salt, salt and pepper, unsalted butter,salt, salt & freshly ground black pepper,unsalted butter, kosher salt, coarse salt, seasoning salt, sea salt, salted peanuts, salt & pepper,kosher salt, garlic salt, celery salt, kosher salt & freshly ground black pepper, coarse sea salt, no-salt-added corn, salt and black pepper,sea salt,coarse salt, onion salt, salted butter, saltine crackers, unsalted cashews, salt & fresh ground pepper, fine sea salt, table salt, unsalted dry roasted peanuts, unsalted peanuts, fresh coarse ground black pepper, cracked black pepper, green pepper, cayenne pepper, red chili pepper, ground cayenne pepper, pepper, red peppers, habanero pepper, green bell pepper, fresh jalapeno peppers, serrano pepper, fresh ground black pepper, red bell pepper, yellow bell pepper, peppercorns, black pepper, white pepper, ground red pepper, ground black pepper, red pepper, red bell peppers, yellow pepper, black peppercorns, chipotle pepper, fresh cracked pepper, piquillo peppers, red pepper flakes, crushed red pepper flakes, bell pepper, green peppers, bell peppers, scotch bonnet pepper, yellow peppers, jalapeno pepper, peppercorn, pepperoni, hot pepper sauce, dried red chili peppers, szechuan peppercorns, roasted red pepper, poblano pepper, dry crushed red pepper, fresh ground white pepper, red chili peppers, red cayenne pepper, pickled jalapeno pepper, coarse black pepper, thai red chili pepper, red sweet bell pepper, green chili pepper, sweet red pepper, fresh ground pepper, pepperoncini peppers, chili pepper, monterey jack pepper cheese, green bell peppers, chinese red peppers, yellow bell peppers, jalapeno peppers, dried red pepper flakes, habanero peppers, chipotle peppers, chili peppers, red chili pepper flakes, pickled sweet peppers, white peppercorns, roasted red and yellow peppers, hot pepper flakes, ground pepper, roasted red peppers,roasted red peppers, liquid hot pepper sauce, sweet pepper, pepperoni slices, scotch bonnet peppers, lemon pepper seasoning, cracked pepper, hot pepper paste, hot chili pepper, poblano peppers,white pepper, garlic pepper seasoning, dried hot peppers, peppercorn ranch dressing, pepper bacon, whole black peppercorns, green pepper ring,bell peppers, del monte zesty jalapeno pepper diced tomato, white pepper powder, pepper rings, hot red pepper flakes, pepperoncini pepper, green peppercorn, orange bell pepper, szechwan pepper, chili pepper flakes,dried pasilla peppers, sweet green pepper, serrano peppers, whole black peppercorn, yellow sweet pepper, fresh crabmeat,crab boil seasoning, crab boil seasoning, crabmeat, crab boil, lump crabmeat, crab, king crab legs, fresh lump crabmeat']"
372822,crabmeat cheesecake with pecan crust  creole,"pecans, all-purpose flour, salt, unsalted butter, ice water, onion, fresh lump crabmeat, cream cheese, plain yogurt, sour cream, eggs, white pepper, hot sauce, shallots, mushrooms, lemon juice, worcestershire sauce, heavy whipping cream, crab, black pepper",cooked,15,"[' shallots, sliced mushrooms, mixed mushrooms, baby portabella mushrooms, mushrooms, cremini mushrooms, portabella mushrooms, dried shiitake mushrooms, button mushrooms, fresh mushrooms, shiitake mushrooms, dried porcini mushrooms,dried porcini mushrooms,dried shiitake mushrooms, oyster mushrooms, fresh white mushrooms, white mushrooms, lemon zest, lemon juice, lemon peel, lemon, fresh lemon juice, lemon wedges, lemons, fresh lemon zest,lemons, lemongrass, lemon thyme, lemon twist, fresh lemongrass,lemon juice, lemon pepper seasoning, lemon extract, lemon rind, candied lemon peel, lemon wedge, preserved lemon, juice of, orange juice, lime juice, apple juice, fresh orange juice, fresh lime juice, diced tomatoes with juice, unsweetened pineapple juice, mango juice, tomato juice, pineapple juice, pineapple chunks in juice, clamato juice, juice and zest of, spicy vegetable juice, juice, tomatoes with juice, clam juice, tamarind juice, mangoes in juice, ginger juice, cherry juice, pineapple juice concentrate, bottled clam juice, maraschino cherry juice,pickle juice,fresh lime juice, worcestershire sauce, soy sauce, tomato sauce, a.1. original sauce, adobo sauce, spaghetti sauce, thai sweet chili sauce, sriracha sauce, tabasco sauce, picante sauce, pesto sauce, tamari soy sauce, applesauce, hot sauce,spaghetti sauce, hot pepper sauce, hoisin sauce, oyster sauce, reduced sodium soy sauce, low sodium soy sauce, chili-garlic sauce, fish sauce, sweet chili sauce, teriyaki sauce, dark soy sauce, barbecue sauce, soya sauce, red chili sauce, chili sauce,hoisin sauce, sweet soy sauce, vegetarian oyster sauce, light soy sauce, pizza sauce, cranberry sauce, horseradish sauce, ""franks red hot sauce"", remoulade sauce, liquid hot pepper sauce, pasta sauce, sweet and sour sauce,soya sauce, spaghetti sauce with meat, hollandaise sauce mix, louisiana hot sauce, garlic sauce, green enchilada sauce,soy sauce, red enchilada sauce, pickapeppa sauce, bearnaise sauce mix']"
372822,crabmeat cheesecake with pecan crust  creole,"pecans, all-purpose flour, salt, unsalted butter, ice water, onion, fresh lump crabmeat, cream cheese, plain yogurt, sour cream, eggs, white pepper, hot sauce, shallots, mushrooms, lemon juice, worcestershire sauce, heavy whipping cream, crab, black pepper",reduced,15,"[' shallots, sliced mushrooms, mixed mushrooms, baby portabella mushrooms, mushrooms, cremini mushrooms, portabella mushrooms, dried shiitake mushrooms, button mushrooms, fresh mushrooms, shiitake mushrooms, dried porcini mushrooms,dried porcini mushrooms,dried shiitake mushrooms, oyster mushrooms, fresh white mushrooms, white mushrooms, lemon zest, lemon juice, lemon peel, lemon, fresh lemon juice, lemon wedges, lemons, fresh lemon zest,lemons, lemongrass, lemon thyme, lemon twist, fresh lemongrass,lemon juice, lemon pepper seasoning, lemon extract, lemon rind, candied lemon peel, lemon wedge, preserved lemon, juice of, orange juice, lime juice, apple juice, fresh orange juice, fresh lime juice, diced tomatoes with juice, unsweetened pineapple juice, mango juice, tomato juice, pineapple juice, pineapple chunks in juice, clamato juice, juice and zest of, spicy vegetable juice, juice, tomatoes with juice, clam juice, tamarind juice, mangoes in juice, ginger juice, cherry juice, pineapple juice concentrate, bottled clam juice, maraschino cherry juice,pickle juice,fresh lime juice, worcestershire sauce, soy sauce, tomato sauce, a.1. original sauce, adobo sauce, spaghetti sauce, thai sweet chili sauce, sriracha sauce, tabasco sauce, picante sauce, pesto sauce, tamari soy sauce, applesauce, hot sauce,spaghetti sauce, hot pepper sauce, hoisin sauce, oyster sauce, reduced sodium soy sauce, low sodium soy sauce, chili-garlic sauce, fish sauce, sweet chili sauce, teriyaki sauce, dark soy sauce, barbecue sauce, soya sauce, red chili sauce, chili sauce,hoisin sauce, sweet soy sauce, vegetarian oyster sauce, light soy sauce, pizza sauce, cranberry sauce, horseradish sauce, ""franks red hot sauce"", remoulade sauce, liquid hot pepper sauce, pasta sauce, sweet and sour sauce,soya sauce, spaghetti sauce with meat, hollandaise sauce mix, louisiana hot sauce, garlic sauce, green enchilada sauce,soy sauce, red enchilada sauce, pickapeppa sauce, bearnaise sauce mix']"
372822,crabmeat cheesecake with pecan crust  creole,"pecans, all-purpose flour, salt, unsalted butter, ice water, onion, fresh lump crabmeat, cream cheese, plain yogurt, sour cream, eggs, white pepper, hot sauce, shallots, mushrooms, lemon juice, worcestershire sauce, heavy whipping cream, crab, black pepper",reduced,16,"[' sour cream, cream cheese, cream, reduced-fat creamy peanut butter, reduced-fat cream cheese, cream of chicken soup, cream of mushroom soup, fat free sour cream,cream cheese, spinach and artichoke cream cheese, heavy cream,sour cream, whipped cream cheese, light cream, double cream, whipping cream, whipped cream, half-and-half cream, cream sherry, low-fat sour cream, cream of wild mushroom soup, nonfat sour cream, cream cheese with garlic and herbs, heavy whipping cream, sweetened whipped cream, horseradish cream, cream of tartar, half-and-half, skinless chicken breast half, low-fat buttermilk, butter, unsalted butter,unsalted butter,butter, buttermilk, peanut butter, natural-style peanut butter, coconut butter, clarified butter,butternut squash, smooth cashew butter, smooth peanut butter, butternut squash,peanut butter, butter flavor shortening, salted butter, sweet butter, butter lettuce leaves, chunky peanut butter,buttermilk, light butter']"
372822,crabmeat cheesecake with pecan crust  creole,"pecans, all-purpose flour, salt, unsalted butter, ice water, onion, fresh lump crabmeat, cream cheese, plain yogurt, sour cream, eggs, white pepper, hot sauce, shallots, mushrooms, lemon juice, worcestershire sauce, heavy whipping cream, crab, black pepper",whisk,16,"[' sour cream, cream cheese, cream, reduced-fat creamy peanut butter, reduced-fat cream cheese, cream of chicken soup, cream of mushroom soup, fat free sour cream,cream cheese, spinach and artichoke cream cheese, heavy cream,sour cream, whipped cream cheese, light cream, double cream, whipping cream, whipped cream, half-and-half cream, cream sherry, low-fat sour cream, cream of wild mushroom soup, nonfat sour cream, cream cheese with garlic and herbs, heavy whipping cream, sweetened whipped cream, horseradish cream, cream of tartar, half-and-half, skinless chicken breast half, low-fat buttermilk, butter, unsalted butter,unsalted butter,butter, buttermilk, peanut butter, natural-style peanut butter, coconut butter, clarified butter,butternut squash, smooth cashew butter, smooth peanut butter, butternut squash,peanut butter, butter flavor shortening, salted butter, sweet butter, butter lettuce leaves, chunky peanut butter,buttermilk, light butter']"
372822,crabmeat cheesecake with pecan crust  creole,"pecans, all-purpose flour, salt, unsalted butter, ice water, onion, fresh lump crabmeat, cream cheese, plain yogurt, sour cream, eggs, white pepper, hot sauce, shallots, mushrooms, lemon juice, worcestershire sauce, heavy whipping cream, crab, black pepper",keep,18,"[' salt, salt and pepper, unsalted butter,salt, salt & freshly ground black pepper,unsalted butter, kosher salt, coarse salt, seasoning salt, sea salt, salted peanuts, salt & pepper,kosher salt, garlic salt, celery salt, kosher salt & freshly ground black pepper, coarse sea salt, no-salt-added corn, salt and black pepper,sea salt,coarse salt, onion salt, salted butter, saltine crackers, unsalted cashews, salt & fresh ground pepper, fine sea salt, table salt, unsalted dry roasted peanuts, unsalted peanuts, fresh coarse ground black pepper, cracked black pepper, green pepper, cayenne pepper, red chili pepper, ground cayenne pepper, pepper, red peppers, habanero pepper, green bell pepper, fresh jalapeno peppers, serrano pepper, fresh ground black pepper, red bell pepper, yellow bell pepper, peppercorns, black pepper, white pepper, ground red pepper, ground black pepper, red pepper, red bell peppers, yellow pepper, black peppercorns, chipotle pepper, fresh cracked pepper, piquillo peppers, red pepper flakes, crushed red pepper flakes, bell pepper, green peppers, bell peppers, scotch bonnet pepper, yellow peppers, jalapeno pepper, peppercorn, pepperoni, hot pepper sauce, dried red chili peppers, szechuan peppercorns, roasted red pepper, poblano pepper, dry crushed red pepper, fresh ground white pepper, red chili peppers, red cayenne pepper, pickled jalapeno pepper, coarse black pepper, thai red chili pepper, red sweet bell pepper, green chili pepper, sweet red pepper, fresh ground pepper, pepperoncini peppers, chili pepper, monterey jack pepper cheese, green bell peppers, chinese red peppers, yellow bell peppers, jalapeno peppers, dried red pepper flakes, habanero peppers, chipotle peppers, chili peppers, red chili pepper flakes, pickled sweet peppers, white peppercorns, roasted red and yellow peppers, hot pepper flakes, ground pepper, roasted red peppers,roasted red peppers, liquid hot pepper sauce, sweet pepper, pepperoni slices, scotch bonnet peppers, lemon pepper seasoning, cracked pepper, hot pepper paste, hot chili pepper, poblano peppers,white pepper, garlic pepper seasoning, dried hot peppers, peppercorn ranch dressing, pepper bacon, whole black peppercorns, green pepper ring,bell peppers, del monte zesty jalapeno pepper diced tomato, white pepper powder, pepper rings, hot red pepper flakes, pepperoncini pepper, green peppercorn, orange bell pepper, szechwan pepper, chili pepper flakes,dried pasilla peppers, sweet green pepper, serrano peppers, whole black peppercorn, yellow sweet pepper, fresh crabmeat,crab boil seasoning, crab boil seasoning, crabmeat, crab boil, lump crabmeat, crab, king crab legs, fresh lump crabmeat']"
372822,crabmeat cheesecake with pecan crust  creole,"pecans, all-purpose flour, salt, unsalted butter, ice water, onion, fresh lump crabmeat, cream cheese, plain yogurt, sour cream, eggs, white pepper, hot sauce, shallots, mushrooms, lemon juice, worcestershire sauce, heavy whipping cream, crab, black pepper",gets,19,"[' sliced mushrooms, sliced almonds, sliced water chestnuts, sliced ripe olives, orange slice,sliced almonds, cheese slice, pepperoni slices, cheese slices, fresh crabmeat,crab boil seasoning, crab boil seasoning, crabmeat, crab boil, lump crabmeat, crab, king crab legs, fresh lump crabmeat, soy sauce, tomato sauce, a.1. original sauce, worcestershire sauce, adobo sauce, spaghetti sauce, thai sweet chili sauce, sriracha sauce, tabasco sauce, picante sauce, pesto sauce, tamari soy sauce, applesauce, hot sauce,spaghetti sauce, hot pepper sauce, hoisin sauce, oyster sauce, reduced sodium soy sauce, low sodium soy sauce, chili-garlic sauce, fish sauce, sweet chili sauce, teriyaki sauce, dark soy sauce, barbecue sauce, soya sauce, red chili sauce, chili sauce,hoisin sauce, sweet soy sauce, vegetarian oyster sauce, light soy sauce, pizza sauce, cranberry sauce, horseradish sauce, ""franks red hot sauce"", remoulade sauce, liquid hot pepper sauce, pasta sauce, sweet and sour sauce,soya sauce, spaghetti sauce with meat, hollandaise sauce mix, louisiana hot sauce, garlic sauce, green enchilada sauce,soy sauce, red enchilada sauce, pickapeppa sauce, bearnaise sauce mix']"
