Id,Name,AllIngredients,Verbs,Steps,Ingredient
380480,dolma  stuffed grape leaves   iraqi style,"grape leaves, beef, uncooked rice, tomato sauce, tomato paste, onion, garlic cloves, salt, black pepper, cumin, paprika, ground coriander, ground cloves, ground nutmeg, cinnamon, ground cardamom, lemon juice, canola oil, carrots, water",soak,1,{}
380480,dolma  stuffed grape leaves   iraqi style,"grape leaves, beef, uncooked rice, tomato sauce, tomato paste, onion, garlic cloves, salt, black pepper, cumin, paprika, ground coriander, ground cloves, ground nutmeg, cinnamon, ground cardamom, lemon juice, canola oil, carrots, water",soak,5,"[' long-grain rice, rice, basmati rice, cooked wild rice, brown basmati rice, cooked rice, rice wine, brown rice, long grain white rice, rice vinegar, rice sticks, rice wine vinegar, cooked white rice, jasmine rice, cooked long-grain rice,rice wine vinegar, long grain rice, steamed rice, converted rice, rice vermicelli,cooked brown rice, white rice, wild rice,rice, instant rice, seasoned rice vinegar,basmati rice,rice noodles, cooked basmati rice, dried rice noodles, cooked brown rice, minute rice,jasmine rice,cooked wild rice,wild rice, uncooked rice, water, boiling water, seltzer water, hot water, cold water, warm water,warm water, sliced water chestnuts,water, water chestnuts, ice water, tap water, water chestnut,hot water, rose water, watercress,coconut water, bottled water']"
380480,dolma  stuffed grape leaves   iraqi style,"grape leaves, beef, uncooked rice, tomato sauce, tomato paste, onion, garlic cloves, salt, black pepper, cumin, paprika, ground coriander, ground cloves, ground nutmeg, cinnamon, ground cardamom, lemon juice, canola oil, carrots, water",peel,3,"['carrots, carrots, baby carrots,baby carrots, new potato, dried chipotle powder, chipotle pepper, sweet potatoes, potatoes, sweet potato, russet potatoes, potato, red potatoes,baby red potatoes, baby potatoes,sweet potato, chipotle chile in adobo,potatoes, chipotle peppers,chipotle chiles in adobo, pureed chipotle chiles, boiled potatoes, instant mashed potatoes, baking potatoes, yukon gold potatoes, white potatoes, potato chips, yukon gold potato, simply potatoes shredded hash browns, chipotle chiles, chipotle chiles in adobo, chipotle chile, instant potato flakes, idaho potatoes, new potatoes']"
380480,dolma  stuffed grape leaves   iraqi style,"grape leaves, beef, uncooked rice, tomato sauce, tomato paste, onion, garlic cloves, salt, black pepper, cumin, paprika, ground coriander, ground cloves, ground nutmeg, cinnamon, ground cardamom, lemon juice, canola oil, carrots, water",slice,3,"['carrots, carrots, baby carrots,baby carrots, new potato, dried chipotle powder, chipotle pepper, sweet potatoes, potatoes, sweet potato, russet potatoes, potato, red potatoes,baby red potatoes, baby potatoes,sweet potato, chipotle chile in adobo,potatoes, chipotle peppers,chipotle chiles in adobo, pureed chipotle chiles, boiled potatoes, instant mashed potatoes, baking potatoes, yukon gold potatoes, white potatoes, potato chips, yukon gold potato, simply potatoes shredded hash browns, chipotle chiles, chipotle chiles in adobo, chipotle chile, instant potato flakes, idaho potatoes, new potatoes']"
380480,dolma  stuffed grape leaves   iraqi style,"grape leaves, beef, uncooked rice, tomato sauce, tomato paste, onion, garlic cloves, salt, black pepper, cumin, paprika, ground coriander, ground cloves, ground nutmeg, cinnamon, ground cardamom, lemon juice, canola oil, carrots, water",lengthwise,3,"['carrots, carrots, baby carrots,baby carrots, new potato, dried chipotle powder, chipotle pepper, sweet potatoes, potatoes, sweet potato, russet potatoes, potato, red potatoes,baby red potatoes, baby potatoes,sweet potato, chipotle chile in adobo,potatoes, chipotle peppers,chipotle chiles in adobo, pureed chipotle chiles, boiled potatoes, instant mashed potatoes, baking potatoes, yukon gold potatoes, white potatoes, potato chips, yukon gold potato, simply potatoes shredded hash browns, chipotle chiles, chipotle chiles in adobo, chipotle chile, instant potato flakes, idaho potatoes, new potatoes']"
380480,dolma  stuffed grape leaves   iraqi style,"grape leaves, beef, uncooked rice, tomato sauce, tomato paste, onion, garlic cloves, salt, black pepper, cumin, paprika, ground coriander, ground cloves, ground nutmeg, cinnamon, ground cardamom, lemon juice, canola oil, carrots, water",helps,4,"[' grape tomatoes, green seedless grape,grapeseed oil, red grapes,grape leaves, new potato, dried chipotle powder, chipotle pepper, sweet potatoes, potatoes, sweet potato, russet potatoes, potato, red potatoes,baby red potatoes, baby potatoes,sweet potato, chipotle chile in adobo,potatoes, chipotle peppers,chipotle chiles in adobo, pureed chipotle chiles, boiled potatoes, instant mashed potatoes, baking potatoes, yukon gold potatoes, white potatoes, potato chips, yukon gold potato, simply potatoes shredded hash browns, chipotle chiles, chipotle chiles in adobo, chipotle chile, instant potato flakes, idaho potatoes, new potatoes']"
380480,dolma  stuffed grape leaves   iraqi style,"grape leaves, beef, uncooked rice, tomato sauce, tomato paste, onion, garlic cloves, salt, black pepper, cumin, paprika, ground coriander, ground cloves, ground nutmeg, cinnamon, ground cardamom, lemon juice, canola oil, carrots, water",keep,4,"[' grape tomatoes, green seedless grape,grapeseed oil, red grapes,grape leaves, new potato, dried chipotle powder, chipotle pepper, sweet potatoes, potatoes, sweet potato, russet potatoes, potato, red potatoes,baby red potatoes, baby potatoes,sweet potato, chipotle chile in adobo,potatoes, chipotle peppers,chipotle chiles in adobo, pureed chipotle chiles, boiled potatoes, instant mashed potatoes, baking potatoes, yukon gold potatoes, white potatoes, potato chips, yukon gold potato, simply potatoes shredded hash browns, chipotle chiles, chipotle chiles in adobo, chipotle chile, instant potato flakes, idaho potatoes, new potatoes']"
380480,dolma  stuffed grape leaves   iraqi style,"grape leaves, beef, uncooked rice, tomato sauce, tomato paste, onion, garlic cloves, salt, black pepper, cumin, paprika, ground coriander, ground cloves, ground nutmeg, cinnamon, ground cardamom, lemon juice, canola oil, carrots, water",leaves,4,"[' grape tomatoes, green seedless grape,grapeseed oil, red grapes,grape leaves, new potato, dried chipotle powder, chipotle pepper, sweet potatoes, potatoes, sweet potato, russet potatoes, potato, red potatoes,baby red potatoes, baby potatoes,sweet potato, chipotle chile in adobo,potatoes, chipotle peppers,chipotle chiles in adobo, pureed chipotle chiles, boiled potatoes, instant mashed potatoes, baking potatoes, yukon gold potatoes, white potatoes, potato chips, yukon gold potato, simply potatoes shredded hash browns, chipotle chiles, chipotle chiles in adobo, chipotle chile, instant potato flakes, idaho potatoes, new potatoes']"
380480,dolma  stuffed grape leaves   iraqi style,"grape leaves, beef, uncooked rice, tomato sauce, tomato paste, onion, garlic cloves, salt, black pepper, cumin, paprika, ground coriander, ground cloves, ground nutmeg, cinnamon, ground cardamom, lemon juice, canola oil, carrots, water",sticking,4,"[' grape tomatoes, green seedless grape,grapeseed oil, red grapes,grape leaves, new potato, dried chipotle powder, chipotle pepper, sweet potatoes, potatoes, sweet potato, russet potatoes, potato, red potatoes,baby red potatoes, baby potatoes,sweet potato, chipotle chile in adobo,potatoes, chipotle peppers,chipotle chiles in adobo, pureed chipotle chiles, boiled potatoes, instant mashed potatoes, baking potatoes, yukon gold potatoes, white potatoes, potato chips, yukon gold potato, simply potatoes shredded hash browns, chipotle chiles, chipotle chiles in adobo, chipotle chile, instant potato flakes, idaho potatoes, new potatoes']"
380480,dolma  stuffed grape leaves   iraqi style,"grape leaves, beef, uncooked rice, tomato sauce, tomato paste, onion, garlic cloves, salt, black pepper, cumin, paprika, ground coriander, ground cloves, ground nutmeg, cinnamon, ground cardamom, lemon juice, canola oil, carrots, water",drain,5,"[' long-grain rice, rice, basmati rice, cooked wild rice, brown basmati rice, cooked rice, rice wine, brown rice, long grain white rice, rice vinegar, rice sticks, rice wine vinegar, cooked white rice, jasmine rice, cooked long-grain rice,rice wine vinegar, long grain rice, steamed rice, converted rice, rice vermicelli,cooked brown rice, white rice, wild rice,rice, instant rice, seasoned rice vinegar,basmati rice,rice noodles, cooked basmati rice, dried rice noodles, cooked brown rice, minute rice,jasmine rice,cooked wild rice,wild rice, uncooked rice, water, boiling water, seltzer water, hot water, cold water, warm water,warm water, sliced water chestnuts,water, water chestnuts, ice water, tap water, water chestnut,hot water, rose water, watercress,coconut water, bottled water']"
380480,dolma  stuffed grape leaves   iraqi style,"grape leaves, beef, uncooked rice, tomato sauce, tomato paste, onion, garlic cloves, salt, black pepper, cumin, paprika, ground coriander, ground cloves, ground nutmeg, cinnamon, ground cardamom, lemon juice, canola oil, carrots, water",combine,6,"[' long-grain rice, rice, basmati rice, cooked wild rice, brown basmati rice, cooked rice, rice wine, brown rice, long grain white rice, rice vinegar, rice sticks, rice wine vinegar, cooked white rice, jasmine rice, cooked long-grain rice,rice wine vinegar, long grain rice, steamed rice, converted rice, rice vermicelli,cooked brown rice, white rice, wild rice,rice, instant rice, seasoned rice vinegar,basmati rice,rice noodles, cooked basmati rice, dried rice noodles, cooked brown rice, minute rice,jasmine rice,cooked wild rice,wild rice, uncooked rice, ground beef round, beef stock, ground beef, lean ground beef,beef brisket, beef broth, beef chuck, beef tenderloin, beef,ground beef, beef bouillon cube,lean ground beef,beef sirloin,beef stew meat,beef mince, filet of beef, beef stew meat, beef steak,boneless beef chuck,beef tenderloin,beef tenderloin fillets,beef, beef steaks,boneless beef chuck roast, low sodium beef broth, beef bouillon, beef shank, coarse ground beef, beef bouillon cubes, beef hot dogs, chili-style ground beef, beef base,80% lean ground beef, lean stewing beef, yellow onion, onion,onion, onion flakes, red onion, dehydrated onion, onion powder, sweet onions, red onions, diced onion, brown onions, onions,yellow onions, sweet onion, yellow onions, green onions, white onions, green onion, white onion,yellow onion, granulated onion, spanish onion, yellow sweet onion, spring onions, dried onion,onions, dried onion flakes, white pearl onions, diced onions, ""frenchs french fried onions"", spring onion, onion rings, frozen pearl onions, onion salt, onion paste, french-fried onions, green onion top, green onions with top, fresh garlic, garlic, garlic clove, garlic cloves, garlic powder, minced garlic cloves, fresh garlic cloves, garlic granules, garlic salt, granulated garlic, chili-garlic sauce, garlic paste, ginger-garlic paste,garlic clove, cream cheese with garlic and herbs, bulbs of garlic,garlic, garlic pepper seasoning, chili paste with garlic,garlic cloves, diced tomatoes with basil and garlic, garlic chives, garlic sauce, minced garlic clove, bulb of garlic, roasted garlic, head of garlic, tomato sauce, tomatoes, crushed tomatoes, tomato paste, crushed tomatoes in puree, roma tomatoes, whole tomatoes, cherry tomatoes, chopped tomato, diced tomatoes, diced tomatoes with juice, chopped tomatoes, tomato puree, diced tomato,tomatoes, grape tomatoes, sun-dried tomatoes, plum tomatoes, roma tomato, tomato juice, canned tomatoes,tomato puree, tomato ketchup,tomato paste, italian-style diced tomatoes, fresh tomato, fresh tomatoes, canned stewed tomatoes, italian-style tomatoes, whole canned tomatoes, sun-dried tomato, stewed tomatoes, tomatoes with juice, rotel tomatoes, del monte zesty jalapeno pepper diced tomato,roma tomatoes, sun-dried tomato packed in oil, ro-tel tomatoes,green tomatoes, diced tomatoes with mild green chilies, italian plum tomatoes, italian plum tomato, fire-roasted tomatoes, sun-dried tomato pesto, tomato soup, soy sauce, a.1. original sauce, worcestershire sauce, adobo sauce, spaghetti sauce, thai sweet chili sauce, sriracha sauce, tabasco sauce, picante sauce, pesto sauce, tamari soy sauce, applesauce, hot sauce,spaghetti sauce, hot pepper sauce, hoisin sauce, oyster sauce, reduced sodium soy sauce, low sodium soy sauce, fish sauce, sweet chili sauce, teriyaki sauce, dark soy sauce, barbecue sauce, soya sauce, red chili sauce, chili sauce,hoisin sauce, sweet soy sauce, vegetarian oyster sauce, light soy sauce, pizza sauce, cranberry sauce, horseradish sauce, ""franks red hot sauce"", remoulade sauce, liquid hot pepper sauce, pasta sauce, sweet and sour sauce,soya sauce, spaghetti sauce with meat, hollandaise sauce mix, louisiana hot sauce, green enchilada sauce,soy sauce, red enchilada sauce, pickapeppa sauce, bearnaise sauce mix, seafood cocktail sauce, dark soya sauce, alfredo sauce, cayenne pepper sauce, ginger paste, chili paste, curry paste, tahini paste, tamarind paste, mild curry paste, hot chili paste, guava paste, hot pepper paste, red curry paste, almond paste, poppy seed paste, sesame paste, sambal chili paste, thai curry paste, thai red curry paste,tamarind paste, red chili paste, sambal oelek chili paste, pickling spices, cajun spices']"
380480,dolma  stuffed grape leaves   iraqi style,"grape leaves, beef, uncooked rice, tomato sauce, tomato paste, onion, garlic cloves, salt, black pepper, cumin, paprika, ground coriander, ground cloves, ground nutmeg, cinnamon, ground cardamom, lemon juice, canola oil, carrots, water",combine,15,"[' lemon zest, lemon juice, lemon peel, lemon, fresh lemon juice, lemon wedges, lemons, fresh lemon zest,lemons, lemongrass, lemon thyme, lemon twist, fresh lemongrass,lemon juice, lemon pepper seasoning, lemon extract, lemon rind, candied lemon peel, lemon wedge, preserved lemon, juice of, orange juice, lime juice, apple juice, fresh orange juice, fresh lime juice, diced tomatoes with juice, unsweetened pineapple juice, mango juice, tomato juice, pineapple juice, pineapple chunks in juice, clamato juice, juice and zest of, spicy vegetable juice, juice, tomatoes with juice, clam juice, tamarind juice, mangoes in juice, ginger juice, cherry juice, pineapple juice concentrate, bottled clam juice, maraschino cherry juice,pickle juice,fresh lime juice,cranberry juice cocktail, v8 vegetable juice, jalapeno juice, canola oil, peanut oil, olive oil, vegetable oil,olive oil, extra virgin olive oil, boiling water, sesame oil,peanut oil, palm oil,canola oil, sunflower oil,light olive oil, oil, hard-boiled egg, chili oil, toasted sesame oil, light vegetable oil,oil, rapeseed oil,crab boil seasoning, cooking oil, hard-boiled eggs, sesame seed oil,safflower oil, boiled ham, salad oil, boiled potatoes,vegetable oil, crab boil seasoning, crab boil, coconut oil, olive oil flavored cooking spray,extra virgin olive oil, dark sesame oil, corn oil,sesame oil,olive oil flavored cooking spray, light olive oil, sun-dried tomato packed in oil,grapeseed oil, hardboiled egg, hot chili oil,no-boil lasagna noodles,coconut oil, safflower oil, grape tomatoes, green seedless grape, red grapes,grape leaves, fresh cilantro leaves, fresh parsley leaves, dried rosemary leaves, dried basil leaves, dried oregano leaves, dried thyme leaves, thyme leaves, dry thyme leaves, oregano leaves, basil leaves, coriander leaves, bay leaves, dried curry leaves, mint leaves, cilantro leaves, arugula leaves, fresh basil leaves, fresh mint leaves, curry leaves, fresh lime leaves, fresh thyme leaves, fresh coriander leaves, sage leaves, fresh rosemary leaves,bay leaves, lettuce leaves, spinach leaves, fresh bay leaves, fresh spinach leaves, dried sweet basil leaves, kaffir lime leaves, butter lettuce leaves, fennel leaves, fresh dill leaves']"
380480,dolma  stuffed grape leaves   iraqi style,"grape leaves, beef, uncooked rice, tomato sauce, tomato paste, onion, garlic cloves, salt, black pepper, cumin, paprika, ground coriander, ground cloves, ground nutmeg, cinnamon, ground cardamom, lemon juice, canola oil, carrots, water",cut,8,"[' fresh cilantro stem, broccoli stem, fresh cilantro stems, mushroom stems and pieces']"
380480,dolma  stuffed grape leaves   iraqi style,"grape leaves, beef, uncooked rice, tomato sauce, tomato paste, onion, garlic cloves, salt, black pepper, cumin, paprika, ground coriander, ground cloves, ground nutmeg, cinnamon, ground cardamom, lemon juice, canola oil, carrots, water",fold,10,"[' egg roll wraps, kaiser rolls, ciabatta roll, rolls, quick-cooking rolled oats, boneless pork top loin, scallion top, green onion top, green onions with top']"
380480,dolma  stuffed grape leaves   iraqi style,"grape leaves, beef, uncooked rice, tomato sauce, tomato paste, onion, garlic cloves, salt, black pepper, cumin, paprika, ground coriander, ground cloves, ground nutmeg, cinnamon, ground cardamom, lemon juice, canola oil, carrots, water",continue,10,"[' egg roll wraps, kaiser rolls, ciabatta roll, rolls, quick-cooking rolled oats, boneless pork top loin, scallion top, green onion top, green onions with top']"
380480,dolma  stuffed grape leaves   iraqi style,"grape leaves, beef, uncooked rice, tomato sauce, tomato paste, onion, garlic cloves, salt, black pepper, cumin, paprika, ground coriander, ground cloves, ground nutmeg, cinnamon, ground cardamom, lemon juice, canola oil, carrots, water",roll,10,"[' egg roll wraps, kaiser rolls, ciabatta roll, rolls, quick-cooking rolled oats, boneless pork top loin, scallion top, green onion top, green onions with top']"
380480,dolma  stuffed grape leaves   iraqi style,"grape leaves, beef, uncooked rice, tomato sauce, tomato paste, onion, garlic cloves, salt, black pepper, cumin, paprika, ground coriander, ground cloves, ground nutmeg, cinnamon, ground cardamom, lemon juice, canola oil, carrots, water",rolled,12,"[' grape tomatoes, green seedless grape,grapeseed oil, red grapes,grape leaves, fresh cilantro leaves, fresh parsley leaves, dried rosemary leaves, dried basil leaves, dried oregano leaves, dried thyme leaves, thyme leaves, dry thyme leaves, oregano leaves, basil leaves, coriander leaves, bay leaves, dried curry leaves, mint leaves, cilantro leaves, arugula leaves, fresh basil leaves, fresh mint leaves, curry leaves, fresh lime leaves, fresh thyme leaves, fresh coriander leaves, sage leaves, fresh rosemary leaves,bay leaves, lettuce leaves, spinach leaves, fresh bay leaves, fresh spinach leaves, dried sweet basil leaves, kaffir lime leaves, butter lettuce leaves, fennel leaves, fresh dill leaves, new potato, dried chipotle powder, chipotle pepper, sweet potatoes, potatoes, sweet potato, russet potatoes, potato, red potatoes,baby red potatoes, baby potatoes,sweet potato, chipotle chile in adobo,potatoes, chipotle peppers,chipotle chiles in adobo, pureed chipotle chiles, boiled potatoes, instant mashed potatoes, baking potatoes, yukon gold potatoes, white potatoes, potato chips, yukon gold potato, simply potatoes shredded hash browns, chipotle chiles, chipotle chiles in adobo, chipotle chile, instant potato flakes, idaho potatoes, new potatoes']"
380480,dolma  stuffed grape leaves   iraqi style,"grape leaves, beef, uncooked rice, tomato sauce, tomato paste, onion, garlic cloves, salt, black pepper, cumin, paprika, ground coriander, ground cloves, ground nutmeg, cinnamon, ground cardamom, lemon juice, canola oil, carrots, water",packed,12,"[' grape tomatoes, green seedless grape,grapeseed oil, red grapes,grape leaves, fresh cilantro leaves, fresh parsley leaves, dried rosemary leaves, dried basil leaves, dried oregano leaves, dried thyme leaves, thyme leaves, dry thyme leaves, oregano leaves, basil leaves, coriander leaves, bay leaves, dried curry leaves, mint leaves, cilantro leaves, arugula leaves, fresh basil leaves, fresh mint leaves, curry leaves, fresh lime leaves, fresh thyme leaves, fresh coriander leaves, sage leaves, fresh rosemary leaves,bay leaves, lettuce leaves, spinach leaves, fresh bay leaves, fresh spinach leaves, dried sweet basil leaves, kaffir lime leaves, butter lettuce leaves, fennel leaves, fresh dill leaves, new potato, dried chipotle powder, chipotle pepper, sweet potatoes, potatoes, sweet potato, russet potatoes, potato, red potatoes,baby red potatoes, baby potatoes,sweet potato, chipotle chile in adobo,potatoes, chipotle peppers,chipotle chiles in adobo, pureed chipotle chiles, boiled potatoes, instant mashed potatoes, baking potatoes, yukon gold potatoes, white potatoes, potato chips, yukon gold potato, simply potatoes shredded hash browns, chipotle chiles, chipotle chiles in adobo, chipotle chile, instant potato flakes, idaho potatoes, new potatoes']"
380480,dolma  stuffed grape leaves   iraqi style,"grape leaves, beef, uncooked rice, tomato sauce, tomato paste, onion, garlic cloves, salt, black pepper, cumin, paprika, ground coriander, ground cloves, ground nutmeg, cinnamon, ground cardamom, lemon juice, canola oil, carrots, water",try,14,"[' cooking spray,cooking spray, nonstick cooking spray, cooking oil,nonstick cooking spray, tart cooking apples, pam cooking spray, olive oil flavored cooking spray, quick-cooking tapioca,olive oil flavored cooking spray, quick-cooking rolled oats']"
380480,dolma  stuffed grape leaves   iraqi style,"grape leaves, beef, uncooked rice, tomato sauce, tomato paste, onion, garlic cloves, salt, black pepper, cumin, paprika, ground coriander, ground cloves, ground nutmeg, cinnamon, ground cardamom, lemon juice, canola oil, carrots, water",have,14,"[' cooking spray,cooking spray, nonstick cooking spray, cooking oil,nonstick cooking spray, tart cooking apples, pam cooking spray, olive oil flavored cooking spray, quick-cooking tapioca,olive oil flavored cooking spray, quick-cooking rolled oats']"
380480,dolma  stuffed grape leaves   iraqi style,"grape leaves, beef, uncooked rice, tomato sauce, tomato paste, onion, garlic cloves, salt, black pepper, cumin, paprika, ground coriander, ground cloves, ground nutmeg, cinnamon, ground cardamom, lemon juice, canola oil, carrots, water",pour,15,"[' lemon zest, lemon juice, lemon peel, lemon, fresh lemon juice, lemon wedges, lemons, fresh lemon zest,lemons, lemongrass, lemon thyme, lemon twist, fresh lemongrass,lemon juice, lemon pepper seasoning, lemon extract, lemon rind, candied lemon peel, lemon wedge, preserved lemon, juice of, orange juice, lime juice, apple juice, fresh orange juice, fresh lime juice, diced tomatoes with juice, unsweetened pineapple juice, mango juice, tomato juice, pineapple juice, pineapple chunks in juice, clamato juice, juice and zest of, spicy vegetable juice, juice, tomatoes with juice, clam juice, tamarind juice, mangoes in juice, ginger juice, cherry juice, pineapple juice concentrate, bottled clam juice, maraschino cherry juice,pickle juice,fresh lime juice,cranberry juice cocktail, v8 vegetable juice, jalapeno juice, canola oil, peanut oil, olive oil, vegetable oil,olive oil, extra virgin olive oil, boiling water, sesame oil,peanut oil, palm oil,canola oil, sunflower oil,light olive oil, oil, hard-boiled egg, chili oil, toasted sesame oil, light vegetable oil,oil, rapeseed oil,crab boil seasoning, cooking oil, hard-boiled eggs, sesame seed oil,safflower oil, boiled ham, salad oil, boiled potatoes,vegetable oil, crab boil seasoning, crab boil, coconut oil, olive oil flavored cooking spray,extra virgin olive oil, dark sesame oil, corn oil,sesame oil,olive oil flavored cooking spray, light olive oil, sun-dried tomato packed in oil,grapeseed oil, hardboiled egg, hot chili oil,no-boil lasagna noodles,coconut oil, safflower oil, grape tomatoes, green seedless grape, red grapes,grape leaves, fresh cilantro leaves, fresh parsley leaves, dried rosemary leaves, dried basil leaves, dried oregano leaves, dried thyme leaves, thyme leaves, dry thyme leaves, oregano leaves, basil leaves, coriander leaves, bay leaves, dried curry leaves, mint leaves, cilantro leaves, arugula leaves, fresh basil leaves, fresh mint leaves, curry leaves, fresh lime leaves, fresh thyme leaves, fresh coriander leaves, sage leaves, fresh rosemary leaves,bay leaves, lettuce leaves, spinach leaves, fresh bay leaves, fresh spinach leaves, dried sweet basil leaves, kaffir lime leaves, butter lettuce leaves, fennel leaves, fresh dill leaves']"
380480,dolma  stuffed grape leaves   iraqi style,"grape leaves, beef, uncooked rice, tomato sauce, tomato paste, onion, garlic cloves, salt, black pepper, cumin, paprika, ground coriander, ground cloves, ground nutmeg, cinnamon, ground cardamom, lemon juice, canola oil, carrots, water",place,17,"[' vegan egg replacer powder, boneless pork top loin, scallion top, green onion top, green onions with top']"
380480,dolma  stuffed grape leaves   iraqi style,"grape leaves, beef, uncooked rice, tomato sauce, tomato paste, onion, garlic cloves, salt, black pepper, cumin, paprika, ground coriander, ground cloves, ground nutmeg, cinnamon, ground cardamom, lemon juice, canola oil, carrots, water",bring,18,"[' boiling water, hard-boiled egg,crab boil seasoning, hard-boiled eggs, boiled ham, boiled potatoes, crab boil seasoning, crab boil, hardboiled egg,no-boil lasagna noodles, buckwheat flour, whole wheat flour,whole wheat flour, wheat germ,buckwheat flour, bulgur wheat, whole wheat bread crumbs, whole wheat hamburger buns, wheat, whole wheat pasta, whole wheat angel hair pasta, whole wheat bread,whole wheat tortillas, wheat flour,wheat berries, whole wheat crackers, long-grain rice, rice, basmati rice, cooked wild rice, brown basmati rice, cooked rice, rice wine, brown rice, long grain white rice, rice vinegar, rice sticks, rice wine vinegar, cooked white rice, jasmine rice, cooked long-grain rice,rice wine vinegar, long grain rice, steamed rice, converted rice, rice vermicelli,cooked brown rice, white rice, wild rice,rice, instant rice, seasoned rice vinegar,basmati rice,rice noodles, cooked basmati rice, dried rice noodles, cooked brown rice, minute rice,jasmine rice,cooked wild rice,wild rice, uncooked rice']"
380480,dolma  stuffed grape leaves   iraqi style,"grape leaves, beef, uncooked rice, tomato sauce, tomato paste, onion, garlic cloves, salt, black pepper, cumin, paprika, ground coriander, ground cloves, ground nutmeg, cinnamon, ground cardamom, lemon juice, canola oil, carrots, water",reduce,18,"[' boiling water, hard-boiled egg,crab boil seasoning, hard-boiled eggs, boiled ham, boiled potatoes, crab boil seasoning, crab boil, hardboiled egg,no-boil lasagna noodles, buckwheat flour, whole wheat flour,whole wheat flour, wheat germ,buckwheat flour, bulgur wheat, whole wheat bread crumbs, whole wheat hamburger buns, wheat, whole wheat pasta, whole wheat angel hair pasta, whole wheat bread,whole wheat tortillas, wheat flour,wheat berries, whole wheat crackers, long-grain rice, rice, basmati rice, cooked wild rice, brown basmati rice, cooked rice, rice wine, brown rice, long grain white rice, rice vinegar, rice sticks, rice wine vinegar, cooked white rice, jasmine rice, cooked long-grain rice,rice wine vinegar, long grain rice, steamed rice, converted rice, rice vermicelli,cooked brown rice, white rice, wild rice,rice, instant rice, seasoned rice vinegar,basmati rice,rice noodles, cooked basmati rice, dried rice noodles, cooked brown rice, minute rice,jasmine rice,cooked wild rice,wild rice, uncooked rice']"
380480,dolma  stuffed grape leaves   iraqi style,"grape leaves, beef, uncooked rice, tomato sauce, tomato paste, onion, garlic cloves, salt, black pepper, cumin, paprika, ground coriander, ground cloves, ground nutmeg, cinnamon, ground cardamom, lemon juice, canola oil, carrots, water",simmer,18,"[' boiling water, hard-boiled egg,crab boil seasoning, hard-boiled eggs, boiled ham, boiled potatoes, crab boil seasoning, crab boil, hardboiled egg,no-boil lasagna noodles, buckwheat flour, whole wheat flour,whole wheat flour, wheat germ,buckwheat flour, bulgur wheat, whole wheat bread crumbs, whole wheat hamburger buns, wheat, whole wheat pasta, whole wheat angel hair pasta, whole wheat bread,whole wheat tortillas, wheat flour,wheat berries, whole wheat crackers, long-grain rice, rice, basmati rice, cooked wild rice, brown basmati rice, cooked rice, rice wine, brown rice, long grain white rice, rice vinegar, rice sticks, rice wine vinegar, cooked white rice, jasmine rice, cooked long-grain rice,rice wine vinegar, long grain rice, steamed rice, converted rice, rice vermicelli,cooked brown rice, white rice, wild rice,rice, instant rice, seasoned rice vinegar,basmati rice,rice noodles, cooked basmati rice, dried rice noodles, cooked brown rice, minute rice,jasmine rice,cooked wild rice,wild rice, uncooked rice']"
380480,dolma  stuffed grape leaves   iraqi style,"grape leaves, beef, uncooked rice, tomato sauce, tomato paste, onion, garlic cloves, salt, black pepper, cumin, paprika, ground coriander, ground cloves, ground nutmeg, cinnamon, ground cardamom, lemon juice, canola oil, carrots, water",cooked,18,"[' boiling water, hard-boiled egg,crab boil seasoning, hard-boiled eggs, boiled ham, boiled potatoes, crab boil seasoning, crab boil, hardboiled egg,no-boil lasagna noodles, buckwheat flour, whole wheat flour,whole wheat flour, wheat germ,buckwheat flour, bulgur wheat, whole wheat bread crumbs, whole wheat hamburger buns, wheat, whole wheat pasta, whole wheat angel hair pasta, whole wheat bread,whole wheat tortillas, wheat flour,wheat berries, whole wheat crackers, long-grain rice, rice, basmati rice, cooked wild rice, brown basmati rice, cooked rice, rice wine, brown rice, long grain white rice, rice vinegar, rice sticks, rice wine vinegar, cooked white rice, jasmine rice, cooked long-grain rice,rice wine vinegar, long grain rice, steamed rice, converted rice, rice vermicelli,cooked brown rice, white rice, wild rice,rice, instant rice, seasoned rice vinegar,basmati rice,rice noodles, cooked basmati rice, dried rice noodles, cooked brown rice, minute rice,jasmine rice,cooked wild rice,wild rice, uncooked rice']"
380480,dolma  stuffed grape leaves   iraqi style,"grape leaves, beef, uncooked rice, tomato sauce, tomato paste, onion, garlic cloves, salt, black pepper, cumin, paprika, ground coriander, ground cloves, ground nutmeg, cinnamon, ground cardamom, lemon juice, canola oil, carrots, water",allow,19,{}
380480,dolma  stuffed grape leaves   iraqi style,"grape leaves, beef, uncooked rice, tomato sauce, tomato paste, onion, garlic cloves, salt, black pepper, cumin, paprika, ground coriander, ground cloves, ground nutmeg, cinnamon, ground cardamom, lemon juice, canola oil, carrots, water",rest,19,{}
380480,dolma  stuffed grape leaves   iraqi style,"grape leaves, beef, uncooked rice, tomato sauce, tomato paste, onion, garlic cloves, salt, black pepper, cumin, paprika, ground coriander, ground cloves, ground nutmeg, cinnamon, ground cardamom, lemon juice, canola oil, carrots, water",serve,20,"[' lemon zest, lemon juice, lemon peel, lemon, fresh lemon juice, lemon wedges, lemons, fresh lemon zest,lemons, lemongrass, lemon thyme, lemon twist, fresh lemongrass,lemon juice, lemon pepper seasoning, lemon extract, lemon rind, candied lemon peel, lemon wedge, preserved lemon, lime wedges']"
380480,dolma  stuffed grape leaves   iraqi style,"grape leaves, beef, uncooked rice, tomato sauce, tomato paste, onion, garlic cloves, salt, black pepper, cumin, paprika, ground coriander, ground cloves, ground nutmeg, cinnamon, ground cardamom, lemon juice, canola oil, carrots, water",enjoy,21,{}
