Id,Name,AllIngredients,Verbs,Steps,Ingredient
420718,moroccan lentil soup,"spinach, onion, olive oil, carrot, garlic cloves, chicken broth, red lentil, tomatoes, green onions, fresh parsley, fresh cilantro, bay leaf, ground ginger, ground turmeric, paprika, ground cumin, ground cinnamon, pepper, salt, fine egg noodles, plain yogurt",remove,1,{}
420718,moroccan lentil soup,"spinach, onion, olive oil, carrot, garlic cloves, chicken broth, red lentil, tomatoes, green onions, fresh parsley, fresh cilantro, bay leaf, ground ginger, ground turmeric, paprika, ground cumin, ground cinnamon, pepper, salt, fine egg noodles, plain yogurt",wash,2,"[' fresh cilantro leaves, fresh parsley leaves, dried rosemary leaves, dried basil leaves, dried oregano leaves, dried thyme leaves, thyme leaves, dry thyme leaves, oregano leaves, basil leaves, coriander leaves, bay leaves, dried curry leaves, mint leaves, cilantro leaves, arugula leaves, fresh basil leaves, fresh mint leaves, curry leaves, fresh lime leaves, fresh thyme leaves, fresh coriander leaves, sage leaves, fresh rosemary leaves,bay leaves, lettuce leaves, spinach leaves, fresh bay leaves, fresh spinach leaves, dried sweet basil leaves, kaffir lime leaves, butter lettuce leaves, fennel leaves, fresh dill leaves,grape leaves, baby spinach leaves, fresh sage leaves, grape leaves,green tea leaves, chard leaves, fresh tarragon leaves, watercress leaves, dried bay leaves, dried fenugreek leaves, kale leaves, cabbage leaves']"
420718,moroccan lentil soup,"spinach, onion, olive oil, carrot, garlic cloves, chicken broth, red lentil, tomatoes, green onions, fresh parsley, fresh cilantro, bay leaf, ground ginger, ground turmeric, paprika, ground cumin, ground cinnamon, pepper, salt, fine egg noodles, plain yogurt",dry,2,"[' fresh cilantro leaves, fresh parsley leaves, dried rosemary leaves, dried basil leaves, dried oregano leaves, dried thyme leaves, thyme leaves, dry thyme leaves, oregano leaves, basil leaves, coriander leaves, bay leaves, dried curry leaves, mint leaves, cilantro leaves, arugula leaves, fresh basil leaves, fresh mint leaves, curry leaves, fresh lime leaves, fresh thyme leaves, fresh coriander leaves, sage leaves, fresh rosemary leaves,bay leaves, lettuce leaves, spinach leaves, fresh bay leaves, fresh spinach leaves, dried sweet basil leaves, kaffir lime leaves, butter lettuce leaves, fennel leaves, fresh dill leaves,grape leaves, baby spinach leaves, fresh sage leaves, grape leaves,green tea leaves, chard leaves, fresh tarragon leaves, watercress leaves, dried bay leaves, dried fenugreek leaves, kale leaves, cabbage leaves']"
420718,moroccan lentil soup,"spinach, onion, olive oil, carrot, garlic cloves, chicken broth, red lentil, tomatoes, green onions, fresh parsley, fresh cilantro, bay leaf, ground ginger, ground turmeric, paprika, ground cumin, ground cinnamon, pepper, salt, fine egg noodles, plain yogurt",cut,3,{}
420718,moroccan lentil soup,"spinach, onion, olive oil, carrot, garlic cloves, chicken broth, red lentil, tomatoes, green onions, fresh parsley, fresh cilantro, bay leaf, ground ginger, ground turmeric, paprika, ground cumin, ground cinnamon, pepper, salt, fine egg noodles, plain yogurt",set,4,{}
420718,moroccan lentil soup,"spinach, onion, olive oil, carrot, garlic cloves, chicken broth, red lentil, tomatoes, green onions, fresh parsley, fresh cilantro, bay leaf, ground ginger, ground turmeric, paprika, ground cumin, ground cinnamon, pepper, salt, fine egg noodles, plain yogurt",stirring,5,"[' yellow onion, onion,onion, onion flakes, red onion, dehydrated onion, onion powder, sweet onions, red onions, diced onion, brown onions, onions,yellow onions, sweet onion, yellow onions, green onions, white onions, green onion, white onion,yellow onion, granulated onion, spanish onion, yellow sweet onion, spring onions, dried onion,onions, dried onion flakes, white pearl onions, diced onions, ""frenchs french fried onions"", spring onion, onion rings, frozen pearl onions, onion salt, onion paste, french-fried onions, green onion top, green onions with top, purple onion, onion tops,spanish onion,vidalia onion, vidalia onion,onion powder, onion seeds, baby onions, frozen small whole onions, brown onion, vidalia onions,green onions, caramelized onion, onion soup mix,red onion,diced onions, canola oil, peanut oil, olive oil, vegetable oil,olive oil, extra virgin olive oil, boiling water, sesame oil,peanut oil, palm oil,canola oil, sunflower oil,light olive oil, oil, hard-boiled egg, chili oil, toasted sesame oil, light vegetable oil,oil, rapeseed oil,crab boil seasoning, cooking oil, hard-boiled eggs, sesame seed oil,safflower oil, boiled ham, salad oil, boiled potatoes,vegetable oil, crab boil seasoning, crab boil, coconut oil, olive oil flavored cooking spray,extra virgin olive oil, dark sesame oil, corn oil,sesame oil,olive oil flavored cooking spray, light olive oil, sun-dried tomato packed in oil,grapeseed oil, hardboiled egg, hot chili oil,no-boil lasagna noodles,coconut oil, safflower oil, orange oil, boiling potato, fire oil, grapeseed oil, virgin olive oil,vegetable oil cooking spray,reynolds wrap foil, light vegetable oil cooking spray,boiling water, sun-dried tomatoes packed in oil, reynolds wrap foil, garlic-flavored olive oil, lite olive oil, olive oil mayonnaise,canola oil cooking spray, parboiled rice,cooking oil, walnut oil, white truffle oil, pure olive oil, vegetable oil cooking spray,hard-boiled eggs, boiling potatoes, annatto oil, medium egg noodles, medium shrimp,medium shrimp, buckwheat flour, whole wheat flour,whole wheat flour, wheat germ,buckwheat flour, bulgur wheat, whole wheat bread crumbs, whole wheat hamburger buns, wheat, whole wheat pasta, whole wheat angel hair pasta, whole wheat bread,whole wheat tortillas, wheat flour,wheat berries, whole wheat crackers,whole wheat macaroni, whole grain wheat flour,wheat flour, bulgar wheat,whole wheat pita bread, whole wheat penne, whole wheat lasagna noodles, white whole wheat flour, whole wheat pastry flour,pork tenderloin, beef tenderloin,chicken tenders,beef tenderloin,beef tenderloin fillets, pork tenderloin, chicken tenders,chicken tenderloins']"
420718,moroccan lentil soup,"spinach, onion, olive oil, carrot, garlic cloves, chicken broth, red lentil, tomatoes, green onions, fresh parsley, fresh cilantro, bay leaf, ground ginger, ground turmeric, paprika, ground cumin, ground cinnamon, pepper, salt, fine egg noodles, plain yogurt",stirring,6,"['carrots, carrots, carrot, frozen peas and carrot, baby carrots,baby carrots, fresh carrot, carrot sticks, carrot juice,fresh carrots, fresh carrots, fresh garlic, garlic, garlic clove, garlic cloves, garlic powder, minced garlic cloves, fresh garlic cloves, garlic granules, garlic salt, granulated garlic, chili-garlic sauce, garlic paste, ginger-garlic paste,garlic clove, cream cheese with garlic and herbs, bulbs of garlic,garlic, garlic pepper seasoning, chili paste with garlic,garlic cloves, diced tomatoes with basil and garlic, garlic chives, garlic sauce, minced garlic clove, bulb of garlic, roasted garlic, head of garlic, garlic-flavored olive oil, garlic sea salt, garlic juice, garlic bread,pork tenderloin, beef tenderloin,chicken tenders,beef tenderloin,beef tenderloin fillets, pork tenderloin, chicken tenders,chicken tenderloins']"
420718,moroccan lentil soup,"spinach, onion, olive oil, carrot, garlic cloves, chicken broth, red lentil, tomatoes, green onions, fresh parsley, fresh cilantro, bay leaf, ground ginger, ground turmeric, paprika, ground cumin, ground cinnamon, pepper, salt, fine egg noodles, plain yogurt",add,6,"['carrots, carrots, carrot, frozen peas and carrot, baby carrots,baby carrots, fresh carrot, carrot sticks, carrot juice,fresh carrots, fresh carrots, fresh garlic, garlic, garlic clove, garlic cloves, garlic powder, minced garlic cloves, fresh garlic cloves, garlic granules, garlic salt, granulated garlic, chili-garlic sauce, garlic paste, ginger-garlic paste,garlic clove, cream cheese with garlic and herbs, bulbs of garlic,garlic, garlic pepper seasoning, chili paste with garlic,garlic cloves, diced tomatoes with basil and garlic, garlic chives, garlic sauce, minced garlic clove, bulb of garlic, roasted garlic, head of garlic, garlic-flavored olive oil, garlic sea salt, garlic juice, garlic bread,pork tenderloin, beef tenderloin,chicken tenders,beef tenderloin,beef tenderloin fillets, pork tenderloin, chicken tenders,chicken tenderloins']"
420718,moroccan lentil soup,"spinach, onion, olive oil, carrot, garlic cloves, chicken broth, red lentil, tomatoes, green onions, fresh parsley, fresh cilantro, bay leaf, ground ginger, ground turmeric, paprika, ground cumin, ground cinnamon, pepper, salt, fine egg noodles, plain yogurt",add,7,"['boneless skinless chicken breasts, chicken broth,chicken breasts, chicken stock, chicken thigh fillet, chicken bouillon cube,chicken thighs, chicken stock cube, reduced-sodium chicken broth, cooked chicken breasts, boneless chicken,boneless chicken breasts, chicken thighs, low-fat chicken broth, chicken, boneless chicken thighs, boneless skinless chicken breasts, cream of chicken soup, organic free range fat free chicken broth, boneless skinless chicken thighs, cooked chicken,chicken broth, boneless skinless chicken breast halves, ground chicken,skinless chicken thighs,chicken tenders,chicken, chicken bouillon cubes,chicken breast halves, chicken base,skinless chicken breasts, low sodium chicken broth, chicken legs, chicken breasts, chicken livers, chicken-flavored ramen noodles, skinless chicken thighs, chicken stock powder, boneless chicken breasts,chicken wings,boneless chicken thighs, boneless chicken breast halves, roasting chickens, chicken giblets, homemade chicken stock,cooked chicken,boneless chicken breast, chicken bouillon, chicken breast,boneless skinless chicken breast, rich chicken broth,chicken breast, cooked chicken breast,skinless chicken breast, skinless chicken leg quarters,boneless skinless chicken breast halves, rotisserie-cooked chicken, boneless skinless chicken legs, skinless chicken breast half, whole chicken breasts,skinless chicken piece,skinless chicken drumsticks, chicken tenders,skinless chicken,chicken stock, skinless chicken breast,chicken fillets,chicken pieces,whole chicken,chicken piece, chicken breast fillets,ground chicken,whole chickens, boneless skinless chicken,boneless skinless chicken thighs,boneless chicken,swanson chicken broth, reduced-sodium fat-free chicken broth,roasting chickens, chicken legs-thighs, grilled chicken breast, chicken drumsticks, skinless chicken legs, chicken stock cubes, fat-free chicken broth,whole chicken breasts, chicken wings, vegetarian chicken pieces,chicken breast fillets,chicken legs, condensed cream of chicken soup, fat-free low-sodium chicken broth, chicken breast halves, instant chicken bouillon, chicken parts,whole boneless skinless chicken breasts, white chicken meat, boneless skinless chicken breast, low-sodium chicken stock,chicken tenderloins, grilled chicken,dark chicken meat, instant chicken bouillon granules, cooked chicken breast halves, boneless chicken breast,chicken drumsticks, skinless chicken, ""campbells cream of chicken soup"", chicken pieces, unsalted chicken stock, chicken thigh fillets, chicken bouillon granule, free-range chicken, vegetable broth, low sodium vegetable broth, beef broth, broth, low sodium beef broth,vegetable broth, vegetarian broth,low sodium beef broth, condensed beef broth']"
420718,moroccan lentil soup,"spinach, onion, olive oil, carrot, garlic cloves, chicken broth, red lentil, tomatoes, green onions, fresh parsley, fresh cilantro, bay leaf, ground ginger, ground turmeric, paprika, ground cumin, ground cinnamon, pepper, salt, fine egg noodles, plain yogurt",sliced,6,"['carrots, carrots, carrot, frozen peas and carrot, baby carrots,baby carrots, fresh carrot, carrot sticks, carrot juice,fresh carrots, fresh carrots, fresh garlic, garlic, garlic clove, garlic cloves, garlic powder, minced garlic cloves, fresh garlic cloves, garlic granules, garlic salt, granulated garlic, chili-garlic sauce, garlic paste, ginger-garlic paste,garlic clove, cream cheese with garlic and herbs, bulbs of garlic,garlic, garlic pepper seasoning, chili paste with garlic,garlic cloves, diced tomatoes with basil and garlic, garlic chives, garlic sauce, minced garlic clove, bulb of garlic, roasted garlic, head of garlic, garlic-flavored olive oil, garlic sea salt, garlic juice, garlic bread,pork tenderloin, beef tenderloin,chicken tenders,beef tenderloin,beef tenderloin fillets, pork tenderloin, chicken tenders,chicken tenderloins']"
420718,moroccan lentil soup,"spinach, onion, olive oil, carrot, garlic cloves, chicken broth, red lentil, tomatoes, green onions, fresh parsley, fresh cilantro, bay leaf, ground ginger, ground turmeric, paprika, ground cumin, ground cinnamon, pepper, salt, fine egg noodles, plain yogurt",bring,8,"[' boiling water, hard-boiled egg,crab boil seasoning, hard-boiled eggs, boiled ham, boiled potatoes, crab boil seasoning, crab boil, hardboiled egg,no-boil lasagna noodles, boiling potato,boiling water, parboiled rice,hard-boiled eggs, boiling potatoes']"
420718,moroccan lentil soup,"spinach, onion, olive oil, carrot, garlic cloves, chicken broth, red lentil, tomatoes, green onions, fresh parsley, fresh cilantro, bay leaf, ground ginger, ground turmeric, paprika, ground cumin, ground cinnamon, pepper, salt, fine egg noodles, plain yogurt",cover,9,"[' buckwheat flour, whole wheat flour,whole wheat flour, wheat germ,buckwheat flour, bulgur wheat, whole wheat bread crumbs, whole wheat hamburger buns, wheat, whole wheat pasta, whole wheat angel hair pasta, whole wheat bread,whole wheat tortillas, wheat flour,wheat berries, whole wheat crackers,whole wheat macaroni, whole grain wheat flour,wheat flour, bulgar wheat,whole wheat pita bread, whole wheat penne, whole wheat lasagna noodles, white whole wheat flour, whole wheat pastry flour']"
420718,moroccan lentil soup,"spinach, onion, olive oil, carrot, garlic cloves, chicken broth, red lentil, tomatoes, green onions, fresh parsley, fresh cilantro, bay leaf, ground ginger, ground turmeric, paprika, ground cumin, ground cinnamon, pepper, salt, fine egg noodles, plain yogurt",reduce,9,"[' buckwheat flour, whole wheat flour,whole wheat flour, wheat germ,buckwheat flour, bulgur wheat, whole wheat bread crumbs, whole wheat hamburger buns, wheat, whole wheat pasta, whole wheat angel hair pasta, whole wheat bread,whole wheat tortillas, wheat flour,wheat berries, whole wheat crackers,whole wheat macaroni, whole grain wheat flour,wheat flour, bulgar wheat,whole wheat pita bread, whole wheat penne, whole wheat lasagna noodles, white whole wheat flour, whole wheat pastry flour']"
420718,moroccan lentil soup,"spinach, onion, olive oil, carrot, garlic cloves, chicken broth, red lentil, tomatoes, green onions, fresh parsley, fresh cilantro, bay leaf, ground ginger, ground turmeric, paprika, ground cumin, ground cinnamon, pepper, salt, fine egg noodles, plain yogurt",are,10,"[' brown lentils,dried brown lentils, red lentils, lentils,dry lentils, dry lentils, green lentils, white lentils, yellow lentils,dried lentils, dried brown lentils, split yellow lentils,dry green lentils']"
420718,moroccan lentil soup,"spinach, onion, olive oil, carrot, garlic cloves, chicken broth, red lentil, tomatoes, green onions, fresh parsley, fresh cilantro, bay leaf, ground ginger, ground turmeric, paprika, ground cumin, ground cinnamon, pepper, salt, fine egg noodles, plain yogurt",stir,11,"[' frozen leaf spinach, spinach, fresh spinach, frozen chopped spinach, spinach and artichoke cream cheese, baby spinach, frozen spinach, canned spinach,fresh spinach, spinach fettuccine, spinach leaves, fresh spinach leaves,frozen chopped spinach,baby spinach, baby spinach leaves,spinach,lasagna noodles, egg noodles, noodles, chinese egg noodles,spaghetti noodles, medium egg noodles, somen noodles, chicken-flavored ramen noodles, fresh egg noodles, wide egg noodles, cellophane noodles,rice noodles, bean thread noodles, lasagna noodles, chow mein noodles,ramen noodles, dried rice noodles,no-boil lasagna noodles, chinese noodles, wide rice noodles, rice noodles, thin egg noodles,noodles, udon noodles, macaroni noodles, whole wheat lasagna noodles,egg noodles,fresh lasagna noodles, fine egg noodles']"
420718,moroccan lentil soup,"spinach, onion, olive oil, carrot, garlic cloves, chicken broth, red lentil, tomatoes, green onions, fresh parsley, fresh cilantro, bay leaf, ground ginger, ground turmeric, paprika, ground cumin, ground cinnamon, pepper, salt, fine egg noodles, plain yogurt",covered,12,"[' cooked chicken breasts, cooked wild rice, cooking spray, cooked rice, cooked chicken,cooking spray, cooked shrimp, nonstick cooking spray, cooking oil, cooked white rice,nonstick cooking spray, cooked long-grain rice, cooked pasta,cooked chicken, tart cooking apples,cooked brown rice, pam cooking spray, olive oil flavored cooking spray, cooked couscous, cooked turkey breast, cooked chicken breast, hard-cooked egg, quick-cooking tapioca, rotisserie-cooked chicken,olive oil flavored cooking spray, cooked ditalini, cooked basmati rice, cooked brown rice, quick-cooking rolled oats,cooked wild rice, uncooked rice, cooked spaghetti, cooked bacon,vegetable oil cooking spray, light vegetable oil cooking spray,cooked bacon, quick-cooking oats,canola oil cooking spray, cooked chicken breast halves,cooking oil, cooked small shell pasta, cooked italian sausage, cooked elbow macaroni, quick-cooking oatmeal, cooked ham, cooked turkey, vegetable oil cooking spray, quick-cooking barley,cooked shrimp,lasagna noodles, egg noodles, noodles, chinese egg noodles,spaghetti noodles, medium egg noodles, somen noodles, chicken-flavored ramen noodles, fresh egg noodles, wide egg noodles, cellophane noodles,rice noodles, bean thread noodles, lasagna noodles, chow mein noodles,ramen noodles, dried rice noodles,no-boil lasagna noodles, chinese noodles, wide rice noodles, rice noodles, thin egg noodles,noodles, udon noodles, macaroni noodles, whole wheat lasagna noodles,egg noodles,fresh lasagna noodles, fine egg noodles']"
420718,moroccan lentil soup,"spinach, onion, olive oil, carrot, garlic cloves, chicken broth, red lentil, tomatoes, green onions, fresh parsley, fresh cilantro, bay leaf, ground ginger, ground turmeric, paprika, ground cumin, ground cinnamon, pepper, salt, fine egg noodles, plain yogurt",done,12,"[' cooked chicken breasts, cooked wild rice, cooking spray, cooked rice, cooked chicken,cooking spray, cooked shrimp, nonstick cooking spray, cooking oil, cooked white rice,nonstick cooking spray, cooked long-grain rice, cooked pasta,cooked chicken, tart cooking apples,cooked brown rice, pam cooking spray, olive oil flavored cooking spray, cooked couscous, cooked turkey breast, cooked chicken breast, hard-cooked egg, quick-cooking tapioca, rotisserie-cooked chicken,olive oil flavored cooking spray, cooked ditalini, cooked basmati rice, cooked brown rice, quick-cooking rolled oats,cooked wild rice, uncooked rice, cooked spaghetti, cooked bacon,vegetable oil cooking spray, light vegetable oil cooking spray,cooked bacon, quick-cooking oats,canola oil cooking spray, cooked chicken breast halves,cooking oil, cooked small shell pasta, cooked italian sausage, cooked elbow macaroni, quick-cooking oatmeal, cooked ham, cooked turkey, vegetable oil cooking spray, quick-cooking barley,cooked shrimp,lasagna noodles, egg noodles, noodles, chinese egg noodles,spaghetti noodles, medium egg noodles, somen noodles, chicken-flavored ramen noodles, fresh egg noodles, wide egg noodles, cellophane noodles,rice noodles, bean thread noodles, lasagna noodles, chow mein noodles,ramen noodles, dried rice noodles,no-boil lasagna noodles, chinese noodles, wide rice noodles, rice noodles, thin egg noodles,noodles, udon noodles, macaroni noodles, whole wheat lasagna noodles,egg noodles,fresh lasagna noodles, fine egg noodles']"
420718,moroccan lentil soup,"spinach, onion, olive oil, carrot, garlic cloves, chicken broth, red lentil, tomatoes, green onions, fresh parsley, fresh cilantro, bay leaf, ground ginger, ground turmeric, paprika, ground cumin, ground cinnamon, pepper, salt, fine egg noodles, plain yogurt",discard,13,"[' bay leaf, bay leaves, old bay seasoning,bay leaves, fresh bay leaves, bay scallop, fresh bay leaf, bay scallops, dried bay leaves, frozen leaf spinach, cabbage leaf, curry leaf, cilantro leaf, fresh sage leaf, fresh rosemary leaf, spearmint candy leaf, green leaf lettuce, romaine lettuce leaf, flat leaf parsley, red leaf lettuce, fresh flat-leaf parsley, mint leaf, flat-leaf italian parsley, fresh basil leaf, dried leaf thyme, tarragon leaf,red leaf lettuce, leaf thyme, butter lettuce leaf, lettuce leaf']"
420718,moroccan lentil soup,"spinach, onion, olive oil, carrot, garlic cloves, chicken broth, red lentil, tomatoes, green onions, fresh parsley, fresh cilantro, bay leaf, ground ginger, ground turmeric, paprika, ground cumin, ground cinnamon, pepper, salt, fine egg noodles, plain yogurt",serving,15,"[' boneless pork top loin, scallion top, green onion top, green onions with top, onion tops, top sirloin steaks, plain yogurt, greek yogurt, nonfat plain yogurt, low-fat plain yogurt, plain fat-free yogurt, yogurt, low-fat yogurt, plain low-fat yogurt, plain nonfat yogurt, nonfat yogurt, nonfat vanilla yogurt,plain nonfat yogurt,plain yogurt,plain low-fat yogurt, goat milk yogurt']"
