Id,Name,AllIngredients,Verbs,Steps,Ingredient
440749,chickpea  vegetable and tuna soup,"butter, oil, red onion, garlic cloves, carrots, zucchini, tomato sauce, water, dried onion, chicken stock cube, dried basil, dried parsley, dried oregano, ground dried chile, mushroom stems and pieces, corn kernels, chickpeas, tuna, salt and pepper, sharp cheddar cheese, cilantro",heat,1,{}
440749,chickpea  vegetable and tuna soup,"butter, oil, red onion, garlic cloves, carrots, zucchini, tomato sauce, water, dried onion, chicken stock cube, dried basil, dried parsley, dried oregano, ground dried chile, mushroom stems and pieces, corn kernels, chickpeas, tuna, salt and pepper, sharp cheddar cheese, cilantro",add,2,"[' yellow onion, onion,onion, onion flakes, red onion, dehydrated onion, onion powder, sweet onions, red onions, diced onion, brown onions, onions,yellow onions, sweet onion, yellow onions, green onions, white onions, green onion, white onion,yellow onion, granulated onion, spanish onion, yellow sweet onion, spring onions, dried onion,onions, dried onion flakes, white pearl onions, diced onions, ""frenchs french fried onions"", spring onion, onion rings, frozen pearl onions, onion salt, onion paste, french-fried onions, green onion top, fresh garlic, garlic, garlic clove, garlic cloves, garlic powder, minced garlic cloves, fresh garlic cloves, garlic granules, garlic salt, granulated garlic, chili-garlic sauce, garlic paste, ginger-garlic paste,garlic clove, cream cheese with garlic and herbs, bulbs of garlic,garlic, garlic pepper seasoning, chili paste with garlic,garlic cloves, diced tomatoes with basil and garlic, garlic chives, garlic sauce']"
440749,chickpea  vegetable and tuna soup,"butter, oil, red onion, garlic cloves, carrots, zucchini, tomato sauce, water, dried onion, chicken stock cube, dried basil, dried parsley, dried oregano, ground dried chile, mushroom stems and pieces, corn kernels, chickpeas, tuna, salt and pepper, sharp cheddar cheese, cilantro",add,3,"['carrots, carrots, baby carrots,baby carrots, zucchini, green zucchini, yellow zucchini']"
440749,chickpea  vegetable and tuna soup,"butter, oil, red onion, garlic cloves, carrots, zucchini, tomato sauce, water, dried onion, chicken stock cube, dried basil, dried parsley, dried oregano, ground dried chile, mushroom stems and pieces, corn kernels, chickpeas, tuna, salt and pepper, sharp cheddar cheese, cilantro",add,4,"[' tomato sauce, tomatoes, crushed tomatoes, tomato paste, crushed tomatoes in puree, roma tomatoes, whole tomatoes, cherry tomatoes, chopped tomato, diced tomatoes, diced tomatoes with juice, chopped tomatoes, tomato puree, diced tomato,tomatoes, grape tomatoes, sun-dried tomatoes, plum tomatoes, roma tomato, tomato juice, canned tomatoes,tomato puree, tomato ketchup,tomato paste, italian-style diced tomatoes, fresh tomato, fresh tomatoes, canned stewed tomatoes, italian-style tomatoes, whole canned tomatoes, sun-dried tomato, stewed tomatoes, tomatoes with juice, rotel tomatoes, del monte zesty jalapeno pepper diced tomato,roma tomatoes, diced tomatoes with basil and garlic, sun-dried tomato packed in oil, ro-tel tomatoes, soy sauce, a.1. original sauce, worcestershire sauce, adobo sauce, spaghetti sauce, thai sweet chili sauce, sriracha sauce, tabasco sauce, picante sauce, pesto sauce, tamari soy sauce, applesauce, hot sauce,spaghetti sauce, hot pepper sauce, hoisin sauce, oyster sauce, reduced sodium soy sauce, low sodium soy sauce, chili-garlic sauce, fish sauce, sweet chili sauce, teriyaki sauce, dark soy sauce, barbecue sauce, soya sauce, red chili sauce, chili sauce,hoisin sauce, sweet soy sauce, vegetarian oyster sauce, light soy sauce, pizza sauce, cranberry sauce, horseradish sauce, ""franks red hot sauce"", remoulade sauce, liquid hot pepper sauce, pasta sauce, sweet and sour sauce,soya sauce, spaghetti sauce with meat, hollandaise sauce mix, louisiana hot sauce, garlic sauce, water, boiling water, seltzer water, hot water, cold water, warm water,warm water, sliced water chestnuts,water, water chestnuts, ice water, tap water, water chestnut,hot water, rose water, yellow onion, onion,onion, onion flakes, red onion, dehydrated onion, onion powder, sweet onions, red onions, diced onion, brown onions, onions,yellow onions, sweet onion, yellow onions, green onions, white onions, green onion, white onion,yellow onion, granulated onion, spanish onion, yellow sweet onion, spring onions, dried onion,onions, dried onion flakes, white pearl onions, diced onions, ""frenchs french fried onions"", spring onion, onion rings, frozen pearl onions, onion salt, onion paste, french-fried onions, green onion top, vegetable stock, chicken stock, beef stock, chicken stock cube, stock, fish stock, chicken stock powder, homemade chicken stock, shrimp stock, homemade vegetable stock, vegetable stock powder,chicken stock, chicken stock cubes, chicken bouillon cubes, basil, dried basil, dried basil leaves, fresh basil, basil leaves, fresh basil leaves, thai basil, ground basil, dried sweet basil leaves, fresh basil leaf, fresh parsley, fresh parsley leaves, parsley, italian parsley, dried parsley flakes, fresh italian parsley, dried parsley, fresh parsley sprig, flat leaf parsley, fresh flat-leaf parsley, flat-leaf italian parsley, oregano, mexican oregano, dried oregano, dried oregano leaves, oregano leaves, fresh oregano, dry oregano']"
440749,chickpea  vegetable and tuna soup,"butter, oil, red onion, garlic cloves, carrots, zucchini, tomato sauce, water, dried onion, chicken stock cube, dried basil, dried parsley, dried oregano, ground dried chile, mushroom stems and pieces, corn kernels, chickpeas, tuna, salt and pepper, sharp cheddar cheese, cilantro",add,8,"[' sliced mushrooms, mixed mushrooms, baby portabella mushrooms, mushrooms, cremini mushrooms, portabella mushrooms, dried shiitake mushrooms, button mushrooms, fresh mushrooms, shiitake mushrooms, dried porcini mushrooms,dried porcini mushrooms,dried shiitake mushrooms, oyster mushrooms, fresh white mushrooms, corn, cornmeal, peppercorns, ear of corn, blue corn tortillas, black peppercorns, frozen whole kernel corn, canned corn niblet, peppercorn, corn tortillas, cornstarch, szechuan peppercorns, cornflour, canned corn, frozen corn, baked corn tortilla chips, corn muffin mix, fresh corn kernels, yellow cornmeal, no-salt-added corn, mexicorn, corn kernel, whole kernel corn, white corn tortilla chips, blue corn tortilla chips, light corn syrup, white peppercorns, fritos corn chips, white corn kernels, frozen corn kernels, baby corn,cornmeal, white corn, sweet corn,corn tortilla chips, peppercorn ranch dressing, whole black peppercorns, corn flakes, corn oil, frozen corn and black beans, green peppercorn, corn kernels, chickpeas,chickpeas, tuna steak, fresh ahi tuna, tuna']"
440749,chickpea  vegetable and tuna soup,"butter, oil, red onion, garlic cloves, carrots, zucchini, tomato sauce, water, dried onion, chicken stock cube, dried basil, dried parsley, dried oregano, ground dried chile, mushroom stems and pieces, corn kernels, chickpeas, tuna, salt and pepper, sharp cheddar cheese, cilantro",add,9,"[' juice of, orange juice, lime juice, lemon juice, apple juice, fresh orange juice, fresh lime juice, fresh lemon juice, diced tomatoes with juice, unsweetened pineapple juice, mango juice, tomato juice, pineapple juice, pineapple chunks in juice, clamato juice, juice and zest of, spicy vegetable juice, juice, tomatoes with juice, clam juice, tamarind juice,lemon juice, mangoes in juice, ginger juice, cherry juice, pineapple juice concentrate, sliced mushrooms, mixed mushrooms, baby portabella mushrooms, mushrooms, cremini mushrooms, portabella mushrooms, dried shiitake mushrooms, button mushrooms, fresh mushrooms, shiitake mushrooms, dried porcini mushrooms,dried porcini mushrooms,dried shiitake mushrooms, oyster mushrooms, fresh white mushrooms, corn, cornmeal, peppercorns, ear of corn, blue corn tortillas, black peppercorns, frozen whole kernel corn, canned corn niblet, peppercorn, corn tortillas, cornstarch, szechuan peppercorns, cornflour, canned corn, frozen corn, baked corn tortilla chips, corn muffin mix, fresh corn kernels, yellow cornmeal, no-salt-added corn, mexicorn, corn kernel, whole kernel corn, white corn tortilla chips, blue corn tortilla chips, light corn syrup, white peppercorns, fritos corn chips, white corn kernels, frozen corn kernels, baby corn,cornmeal, white corn, sweet corn,corn tortilla chips, peppercorn ranch dressing, whole black peppercorns, corn flakes, corn oil, frozen corn and black beans, green peppercorn, corn kernels']"
440749,chickpea  vegetable and tuna soup,"butter, oil, red onion, garlic cloves, carrots, zucchini, tomato sauce, water, dried onion, chicken stock cube, dried basil, dried parsley, dried oregano, ground dried chile, mushroom stems and pieces, corn kernels, chickpeas, tuna, salt and pepper, sharp cheddar cheese, cilantro",are,2,"[' yellow onion, onion,onion, onion flakes, red onion, dehydrated onion, onion powder, sweet onions, red onions, diced onion, brown onions, onions,yellow onions, sweet onion, yellow onions, green onions, white onions, green onion, white onion,yellow onion, granulated onion, spanish onion, yellow sweet onion, spring onions, dried onion,onions, dried onion flakes, white pearl onions, diced onions, ""frenchs french fried onions"", spring onion, onion rings, frozen pearl onions, onion salt, onion paste, french-fried onions, green onion top, fresh garlic, garlic, garlic clove, garlic cloves, garlic powder, minced garlic cloves, fresh garlic cloves, garlic granules, garlic salt, granulated garlic, chili-garlic sauce, garlic paste, ginger-garlic paste,garlic clove, cream cheese with garlic and herbs, bulbs of garlic,garlic, garlic pepper seasoning, chili paste with garlic,garlic cloves, diced tomatoes with basil and garlic, garlic chives, garlic sauce']"
440749,chickpea  vegetable and tuna soup,"butter, oil, red onion, garlic cloves, carrots, zucchini, tomato sauce, water, dried onion, chicken stock cube, dried basil, dried parsley, dried oregano, ground dried chile, mushroom stems and pieces, corn kernels, chickpeas, tuna, salt and pepper, sharp cheddar cheese, cilantro",are,10,"['carrots, carrots, baby carrots,baby carrots']"
440749,chickpea  vegetable and tuna soup,"butter, oil, red onion, garlic cloves, carrots, zucchini, tomato sauce, water, dried onion, chicken stock cube, dried basil, dried parsley, dried oregano, ground dried chile, mushroom stems and pieces, corn kernels, chickpeas, tuna, salt and pepper, sharp cheddar cheese, cilantro",saute,3,"['carrots, carrots, baby carrots,baby carrots, zucchini, green zucchini, yellow zucchini']"
440749,chickpea  vegetable and tuna soup,"butter, oil, red onion, garlic cloves, carrots, zucchini, tomato sauce, water, dried onion, chicken stock cube, dried basil, dried parsley, dried oregano, ground dried chile, mushroom stems and pieces, corn kernels, chickpeas, tuna, salt and pepper, sharp cheddar cheese, cilantro",dried,4,"[' tomato sauce, tomatoes, crushed tomatoes, tomato paste, crushed tomatoes in puree, roma tomatoes, whole tomatoes, cherry tomatoes, chopped tomato, diced tomatoes, diced tomatoes with juice, chopped tomatoes, tomato puree, diced tomato,tomatoes, grape tomatoes, sun-dried tomatoes, plum tomatoes, roma tomato, tomato juice, canned tomatoes,tomato puree, tomato ketchup,tomato paste, italian-style diced tomatoes, fresh tomato, fresh tomatoes, canned stewed tomatoes, italian-style tomatoes, whole canned tomatoes, sun-dried tomato, stewed tomatoes, tomatoes with juice, rotel tomatoes, del monte zesty jalapeno pepper diced tomato,roma tomatoes, diced tomatoes with basil and garlic, sun-dried tomato packed in oil, ro-tel tomatoes, soy sauce, a.1. original sauce, worcestershire sauce, adobo sauce, spaghetti sauce, thai sweet chili sauce, sriracha sauce, tabasco sauce, picante sauce, pesto sauce, tamari soy sauce, applesauce, hot sauce,spaghetti sauce, hot pepper sauce, hoisin sauce, oyster sauce, reduced sodium soy sauce, low sodium soy sauce, chili-garlic sauce, fish sauce, sweet chili sauce, teriyaki sauce, dark soy sauce, barbecue sauce, soya sauce, red chili sauce, chili sauce,hoisin sauce, sweet soy sauce, vegetarian oyster sauce, light soy sauce, pizza sauce, cranberry sauce, horseradish sauce, ""franks red hot sauce"", remoulade sauce, liquid hot pepper sauce, pasta sauce, sweet and sour sauce,soya sauce, spaghetti sauce with meat, hollandaise sauce mix, louisiana hot sauce, garlic sauce, water, boiling water, seltzer water, hot water, cold water, warm water,warm water, sliced water chestnuts,water, water chestnuts, ice water, tap water, water chestnut,hot water, rose water, yellow onion, onion,onion, onion flakes, red onion, dehydrated onion, onion powder, sweet onions, red onions, diced onion, brown onions, onions,yellow onions, sweet onion, yellow onions, green onions, white onions, green onion, white onion,yellow onion, granulated onion, spanish onion, yellow sweet onion, spring onions, dried onion,onions, dried onion flakes, white pearl onions, diced onions, ""frenchs french fried onions"", spring onion, onion rings, frozen pearl onions, onion salt, onion paste, french-fried onions, green onion top, vegetable stock, chicken stock, beef stock, chicken stock cube, stock, fish stock, chicken stock powder, homemade chicken stock, shrimp stock, homemade vegetable stock, vegetable stock powder,chicken stock, chicken stock cubes, chicken bouillon cubes, basil, dried basil, dried basil leaves, fresh basil, basil leaves, fresh basil leaves, thai basil, ground basil, dried sweet basil leaves, fresh basil leaf, fresh parsley, fresh parsley leaves, parsley, italian parsley, dried parsley flakes, fresh italian parsley, dried parsley, fresh parsley sprig, flat leaf parsley, fresh flat-leaf parsley, flat-leaf italian parsley, oregano, mexican oregano, dried oregano, dried oregano leaves, oregano leaves, fresh oregano, dry oregano']"
440749,chickpea  vegetable and tuna soup,"butter, oil, red onion, garlic cloves, carrots, zucchini, tomato sauce, water, dried onion, chicken stock cube, dried basil, dried parsley, dried oregano, ground dried chile, mushroom stems and pieces, corn kernels, chickpeas, tuna, salt and pepper, sharp cheddar cheese, cilantro",used,4,"[' tomato sauce, tomatoes, crushed tomatoes, tomato paste, crushed tomatoes in puree, roma tomatoes, whole tomatoes, cherry tomatoes, chopped tomato, diced tomatoes, diced tomatoes with juice, chopped tomatoes, tomato puree, diced tomato,tomatoes, grape tomatoes, sun-dried tomatoes, plum tomatoes, roma tomato, tomato juice, canned tomatoes,tomato puree, tomato ketchup,tomato paste, italian-style diced tomatoes, fresh tomato, fresh tomatoes, canned stewed tomatoes, italian-style tomatoes, whole canned tomatoes, sun-dried tomato, stewed tomatoes, tomatoes with juice, rotel tomatoes, del monte zesty jalapeno pepper diced tomato,roma tomatoes, diced tomatoes with basil and garlic, sun-dried tomato packed in oil, ro-tel tomatoes, soy sauce, a.1. original sauce, worcestershire sauce, adobo sauce, spaghetti sauce, thai sweet chili sauce, sriracha sauce, tabasco sauce, picante sauce, pesto sauce, tamari soy sauce, applesauce, hot sauce,spaghetti sauce, hot pepper sauce, hoisin sauce, oyster sauce, reduced sodium soy sauce, low sodium soy sauce, chili-garlic sauce, fish sauce, sweet chili sauce, teriyaki sauce, dark soy sauce, barbecue sauce, soya sauce, red chili sauce, chili sauce,hoisin sauce, sweet soy sauce, vegetarian oyster sauce, light soy sauce, pizza sauce, cranberry sauce, horseradish sauce, ""franks red hot sauce"", remoulade sauce, liquid hot pepper sauce, pasta sauce, sweet and sour sauce,soya sauce, spaghetti sauce with meat, hollandaise sauce mix, louisiana hot sauce, garlic sauce, water, boiling water, seltzer water, hot water, cold water, warm water,warm water, sliced water chestnuts,water, water chestnuts, ice water, tap water, water chestnut,hot water, rose water, yellow onion, onion,onion, onion flakes, red onion, dehydrated onion, onion powder, sweet onions, red onions, diced onion, brown onions, onions,yellow onions, sweet onion, yellow onions, green onions, white onions, green onion, white onion,yellow onion, granulated onion, spanish onion, yellow sweet onion, spring onions, dried onion,onions, dried onion flakes, white pearl onions, diced onions, ""frenchs french fried onions"", spring onion, onion rings, frozen pearl onions, onion salt, onion paste, french-fried onions, green onion top, vegetable stock, chicken stock, beef stock, chicken stock cube, stock, fish stock, chicken stock powder, homemade chicken stock, shrimp stock, homemade vegetable stock, vegetable stock powder,chicken stock, chicken stock cubes, chicken bouillon cubes, basil, dried basil, dried basil leaves, fresh basil, basil leaves, fresh basil leaves, thai basil, ground basil, dried sweet basil leaves, fresh basil leaf, fresh parsley, fresh parsley leaves, parsley, italian parsley, dried parsley flakes, fresh italian parsley, dried parsley, fresh parsley sprig, flat leaf parsley, fresh flat-leaf parsley, flat-leaf italian parsley, oregano, mexican oregano, dried oregano, dried oregano leaves, oregano leaves, fresh oregano, dry oregano']"
440749,chickpea  vegetable and tuna soup,"butter, oil, red onion, garlic cloves, carrots, zucchini, tomato sauce, water, dried onion, chicken stock cube, dried basil, dried parsley, dried oregano, ground dried chile, mushroom stems and pieces, corn kernels, chickpeas, tuna, salt and pepper, sharp cheddar cheese, cilantro",bring,5,"[' boiling water, hard-boiled egg,crab boil seasoning, hard-boiled eggs, boiled ham, boiled potatoes, crab boil seasoning, crab boil, buckwheat flour, whole wheat flour,whole wheat flour, wheat germ,buckwheat flour, bulgur wheat, whole wheat bread crumbs, whole wheat hamburger buns, wheat, whole wheat pasta, whole wheat angel hair pasta']"
440749,chickpea  vegetable and tuna soup,"butter, oil, red onion, garlic cloves, carrots, zucchini, tomato sauce, water, dried onion, chicken stock cube, dried basil, dried parsley, dried oregano, ground dried chile, mushroom stems and pieces, corn kernels, chickpeas, tuna, salt and pepper, sharp cheddar cheese, cilantro",stirring,5,"[' boiling water, hard-boiled egg,crab boil seasoning, hard-boiled eggs, boiled ham, boiled potatoes, crab boil seasoning, crab boil, buckwheat flour, whole wheat flour,whole wheat flour, wheat germ,buckwheat flour, bulgur wheat, whole wheat bread crumbs, whole wheat hamburger buns, wheat, whole wheat pasta, whole wheat angel hair pasta']"
440749,chickpea  vegetable and tuna soup,"butter, oil, red onion, garlic cloves, carrots, zucchini, tomato sauce, water, dried onion, chicken stock cube, dried basil, dried parsley, dried oregano, ground dried chile, mushroom stems and pieces, corn kernels, chickpeas, tuna, salt and pepper, sharp cheddar cheese, cilantro",reduce,5,"[' boiling water, hard-boiled egg,crab boil seasoning, hard-boiled eggs, boiled ham, boiled potatoes, crab boil seasoning, crab boil, buckwheat flour, whole wheat flour,whole wheat flour, wheat germ,buckwheat flour, bulgur wheat, whole wheat bread crumbs, whole wheat hamburger buns, wheat, whole wheat pasta, whole wheat angel hair pasta']"
440749,chickpea  vegetable and tuna soup,"butter, oil, red onion, garlic cloves, carrots, zucchini, tomato sauce, water, dried onion, chicken stock cube, dried basil, dried parsley, dried oregano, ground dried chile, mushroom stems and pieces, corn kernels, chickpeas, tuna, salt and pepper, sharp cheddar cheese, cilantro",simmer,6,{}
440749,chickpea  vegetable and tuna soup,"butter, oil, red onion, garlic cloves, carrots, zucchini, tomato sauce, water, dried onion, chicken stock cube, dried basil, dried parsley, dried oregano, ground dried chile, mushroom stems and pieces, corn kernels, chickpeas, tuna, salt and pepper, sharp cheddar cheese, cilantro",stir,7,{}
440749,chickpea  vegetable and tuna soup,"butter, oil, red onion, garlic cloves, carrots, zucchini, tomato sauce, water, dried onion, chicken stock cube, dried basil, dried parsley, dried oregano, ground dried chile, mushroom stems and pieces, corn kernels, chickpeas, tuna, salt and pepper, sharp cheddar cheese, cilantro",stir,11,{}
440749,chickpea  vegetable and tuna soup,"butter, oil, red onion, garlic cloves, carrots, zucchini, tomato sauce, water, dried onion, chicken stock cube, dried basil, dried parsley, dried oregano, ground dried chile, mushroom stems and pieces, corn kernels, chickpeas, tuna, salt and pepper, sharp cheddar cheese, cilantro",be,9,"[' juice of, orange juice, lime juice, lemon juice, apple juice, fresh orange juice, fresh lime juice, fresh lemon juice, diced tomatoes with juice, unsweetened pineapple juice, mango juice, tomato juice, pineapple juice, pineapple chunks in juice, clamato juice, juice and zest of, spicy vegetable juice, juice, tomatoes with juice, clam juice, tamarind juice,lemon juice, mangoes in juice, ginger juice, cherry juice, pineapple juice concentrate, sliced mushrooms, mixed mushrooms, baby portabella mushrooms, mushrooms, cremini mushrooms, portabella mushrooms, dried shiitake mushrooms, button mushrooms, fresh mushrooms, shiitake mushrooms, dried porcini mushrooms,dried porcini mushrooms,dried shiitake mushrooms, oyster mushrooms, fresh white mushrooms, corn, cornmeal, peppercorns, ear of corn, blue corn tortillas, black peppercorns, frozen whole kernel corn, canned corn niblet, peppercorn, corn tortillas, cornstarch, szechuan peppercorns, cornflour, canned corn, frozen corn, baked corn tortilla chips, corn muffin mix, fresh corn kernels, yellow cornmeal, no-salt-added corn, mexicorn, corn kernel, whole kernel corn, white corn tortilla chips, blue corn tortilla chips, light corn syrup, white peppercorns, fritos corn chips, white corn kernels, frozen corn kernels, baby corn,cornmeal, white corn, sweet corn,corn tortilla chips, peppercorn ranch dressing, whole black peppercorns, corn flakes, corn oil, frozen corn and black beans, green peppercorn, corn kernels']"
440749,chickpea  vegetable and tuna soup,"butter, oil, red onion, garlic cloves, carrots, zucchini, tomato sauce, water, dried onion, chicken stock cube, dried basil, dried parsley, dried oregano, ground dried chile, mushroom stems and pieces, corn kernels, chickpeas, tuna, salt and pepper, sharp cheddar cheese, cilantro",heated,10,"['carrots, carrots, baby carrots,baby carrots']"
440749,chickpea  vegetable and tuna soup,"butter, oil, red onion, garlic cloves, carrots, zucchini, tomato sauce, water, dried onion, chicken stock cube, dried basil, dried parsley, dried oregano, ground dried chile, mushroom stems and pieces, corn kernels, chickpeas, tuna, salt and pepper, sharp cheddar cheese, cilantro",seasoning,12,{}
440749,chickpea  vegetable and tuna soup,"butter, oil, red onion, garlic cloves, carrots, zucchini, tomato sauce, water, dried onion, chicken stock cube, dried basil, dried parsley, dried oregano, ground dried chile, mushroom stems and pieces, corn kernels, chickpeas, tuna, salt and pepper, sharp cheddar cheese, cilantro",sprinkle,13,"[' cream of chicken soup, cream of mushroom soup, cream of wild mushroom soup, monterey jack cheese, parmesan cheese, mozzarella cheese, ricotta cheese, cream cheese, parmigiano-reggiano cheese, sharp cheddar cheese, swiss cheese, cheddar cheese, teleme cheese, manchego cheese, gruyere cheese, reduced-fat cream cheese, processed cheese,cream cheese, soy mozzarella cheese, romano cheese, blue cheese-stuffed olives, spinach and artichoke cream cheese, italian cheese blend, feta cheese, yellow cheese, whipped cream cheese, shredded cheddar cheese,part-skim ricotta cheese, colby cheese, colby-monterey jack cheese, mexican blend cheese, mascarpone cheese, extra-sharp cheddar cheese, cheese, monterey jack pepper cheese, blue cheese, cottage cheese, jalapeno jack cheese, cotija cheese, vegan cheddar cheese, asiago cheese, asadero cheese, low-fat cheese, ""goats cheese"", cream cheese with garlic and herbs, white cheddar cheese, provolone cheese, cheese slice, cheese spread, goat cheese, gouda cheese,small curd cottage cheese,jalapeno jack cheese, parmesan-romano cheese mix, velveeta cheese, smoked gouda cheese, cheese slices']"
440749,chickpea  vegetable and tuna soup,"butter, oil, red onion, garlic cloves, carrots, zucchini, tomato sauce, water, dried onion, chicken stock cube, dried basil, dried parsley, dried oregano, ground dried chile, mushroom stems and pieces, corn kernels, chickpeas, tuna, salt and pepper, sharp cheddar cheese, cilantro",serving,13,"[' cream of chicken soup, cream of mushroom soup, cream of wild mushroom soup, monterey jack cheese, parmesan cheese, mozzarella cheese, ricotta cheese, cream cheese, parmigiano-reggiano cheese, sharp cheddar cheese, swiss cheese, cheddar cheese, teleme cheese, manchego cheese, gruyere cheese, reduced-fat cream cheese, processed cheese,cream cheese, soy mozzarella cheese, romano cheese, blue cheese-stuffed olives, spinach and artichoke cream cheese, italian cheese blend, feta cheese, yellow cheese, whipped cream cheese, shredded cheddar cheese,part-skim ricotta cheese, colby cheese, colby-monterey jack cheese, mexican blend cheese, mascarpone cheese, extra-sharp cheddar cheese, cheese, monterey jack pepper cheese, blue cheese, cottage cheese, jalapeno jack cheese, cotija cheese, vegan cheddar cheese, asiago cheese, asadero cheese, low-fat cheese, ""goats cheese"", cream cheese with garlic and herbs, white cheddar cheese, provolone cheese, cheese slice, cheese spread, goat cheese, gouda cheese,small curd cottage cheese,jalapeno jack cheese, parmesan-romano cheese mix, velveeta cheese, smoked gouda cheese, cheese slices']"
440749,chickpea  vegetable and tuna soup,"butter, oil, red onion, garlic cloves, carrots, zucchini, tomato sauce, water, dried onion, chicken stock cube, dried basil, dried parsley, dried oregano, ground dried chile, mushroom stems and pieces, corn kernels, chickpeas, tuna, salt and pepper, sharp cheddar cheese, cilantro",grated,13,"[' cream of chicken soup, cream of mushroom soup, cream of wild mushroom soup, monterey jack cheese, parmesan cheese, mozzarella cheese, ricotta cheese, cream cheese, parmigiano-reggiano cheese, sharp cheddar cheese, swiss cheese, cheddar cheese, teleme cheese, manchego cheese, gruyere cheese, reduced-fat cream cheese, processed cheese,cream cheese, soy mozzarella cheese, romano cheese, blue cheese-stuffed olives, spinach and artichoke cream cheese, italian cheese blend, feta cheese, yellow cheese, whipped cream cheese, shredded cheddar cheese,part-skim ricotta cheese, colby cheese, colby-monterey jack cheese, mexican blend cheese, mascarpone cheese, extra-sharp cheddar cheese, cheese, monterey jack pepper cheese, blue cheese, cottage cheese, jalapeno jack cheese, cotija cheese, vegan cheddar cheese, asiago cheese, asadero cheese, low-fat cheese, ""goats cheese"", cream cheese with garlic and herbs, white cheddar cheese, provolone cheese, cheese slice, cheese spread, goat cheese, gouda cheese,small curd cottage cheese,jalapeno jack cheese, parmesan-romano cheese mix, velveeta cheese, smoked gouda cheese, cheese slices']"
440749,chickpea  vegetable and tuna soup,"butter, oil, red onion, garlic cloves, carrots, zucchini, tomato sauce, water, dried onion, chicken stock cube, dried basil, dried parsley, dried oregano, ground dried chile, mushroom stems and pieces, corn kernels, chickpeas, tuna, salt and pepper, sharp cheddar cheese, cilantro",chopped,14,"[' fresh cilantro leaves, fresh cilantro, cilantro,fresh cilantro, cilantro leaves, dried cilantro, fresh cilantro stem, cilantro leaf, fresh cilantro stems']"
440749,chickpea  vegetable and tuna soup,"butter, oil, red onion, garlic cloves, carrots, zucchini, tomato sauce, water, dried onion, chicken stock cube, dried basil, dried parsley, dried oregano, ground dried chile, mushroom stems and pieces, corn kernels, chickpeas, tuna, salt and pepper, sharp cheddar cheese, cilantro",desired,14,"[' fresh cilantro leaves, fresh cilantro, cilantro,fresh cilantro, cilantro leaves, dried cilantro, fresh cilantro stem, cilantro leaf, fresh cilantro stems']"
