Id,Name,AllIngredients,Verbs,Steps,Ingredient
44423,everything jambalaya or  jambalika,"white rice, extra virgin olive oil, butter, white chicken meat, andouille sausage, onion, celery ribs, green bell pepper, bay leaves, cayenne pepper sauce, all-purpose flour, tomatoes with juice, chicken stock, cumin, chili powder, poultry seasoning, worcestershire sauce, medium shrimp, coarse salt, black pepper, scallion, fresh thyme",cook,1,{}
44423,everything jambalaya or  jambalika,"white rice, extra virgin olive oil, butter, white chicken meat, andouille sausage, onion, celery ribs, green bell pepper, bay leaves, cayenne pepper sauce, all-purpose flour, tomatoes with juice, chicken stock, cumin, chili powder, poultry seasoning, worcestershire sauce, medium shrimp, coarse salt, black pepper, scallion, fresh thyme",cook,5,"['boneless skinless chicken breasts, chicken broth,chicken breasts, chicken stock, chicken thigh fillet, chicken bouillon cube,chicken thighs, chicken stock cube, reduced-sodium chicken broth, cooked chicken breasts, boneless chicken,boneless chicken breasts, chicken thighs, low-fat chicken broth, chicken, boneless chicken thighs, boneless skinless chicken breasts, cream of chicken soup, organic free range fat free chicken broth, boneless skinless chicken thighs, cooked chicken,chicken broth, boneless skinless chicken breast halves, ground chicken,skinless chicken thighs,chicken tenders,chicken, chicken bouillon cubes,chicken breast halves, chicken base,skinless chicken breasts, low sodium chicken broth, chicken legs, chicken breasts, chicken livers, chicken-flavored ramen noodles, skinless chicken thighs, chicken stock powder, boneless chicken breasts,chicken wings,boneless chicken thighs, boneless chicken breast halves, roasting chickens, chicken giblets, homemade chicken stock,cooked chicken,boneless chicken breast, chicken bouillon, chicken breast,boneless skinless chicken breast, rich chicken broth,chicken breast, cooked chicken breast,skinless chicken breast, skinless chicken leg quarters,boneless skinless chicken breast halves, rotisserie-cooked chicken, boneless skinless chicken legs, skinless chicken breast half, whole chicken breasts,skinless chicken piece,skinless chicken drumsticks, chicken tenders,skinless chicken,chicken stock, skinless chicken breast,chicken fillets,chicken pieces,whole chicken,chicken piece, chicken breast fillets,ground chicken,whole chickens, boneless skinless chicken,boneless skinless chicken thighs,boneless chicken,swanson chicken broth, reduced-sodium fat-free chicken broth,roasting chickens, chicken legs-thighs, grilled chicken breast, chicken drumsticks, skinless chicken legs, chicken stock cubes, fat-free chicken broth,whole chicken breasts, chicken wings, vegetarian chicken pieces,chicken breast fillets,chicken legs, condensed cream of chicken soup, fat-free low-sodium chicken broth, chicken breast halves, instant chicken bouillon, chicken parts,whole boneless skinless chicken breasts, white chicken meat, sausage, andouille sausage, sweet italian sausage, chorizo sausage,johnsonville andouille dinner sausage,sweet italian sausage, hot italian sausage, bulk pork sausage, smoked sausage, andouille sausages,sausage links,louisiana hot link sausages,pork sausage, italian sweet sausage, italian sausages, sausage patties, vienna sausages, italian sausage, pork sausage']"
44423,everything jambalaya or  jambalika,"white rice, extra virgin olive oil, butter, white chicken meat, andouille sausage, onion, celery ribs, green bell pepper, bay leaves, cayenne pepper sauce, all-purpose flour, tomatoes with juice, chicken stock, cumin, chili powder, poultry seasoning, worcestershire sauce, medium shrimp, coarse salt, black pepper, scallion, fresh thyme",cook,7,"['all-purpose flour, buckwheat flour, flour, all-purpose flour, flour tortillas, white flour, whole wheat flour, unbleached all-purpose flour,flour,whole wheat flour, plain flour, cornflour, chickpea flour, self rising flour,cake flour,buckwheat flour, flour tortilla, oat flour, rye flour, gram flour, cake flour,bread flour,flour tortillas, gluten-free flour, wheat flour, self-rising flour, besan flour, rice flour,unbleached all-purpose flour, whole grain wheat flour, panko breadcrumbs, campanelle pasta, pancetta, spanish onion, spanish olives with pimento, panir,pancetta,panir,pancakes, japanese eggplants, japanese-style bread crumbs']"
44423,everything jambalaya or  jambalika,"white rice, extra virgin olive oil, butter, white chicken meat, andouille sausage, onion, celery ribs, green bell pepper, bay leaves, cayenne pepper sauce, all-purpose flour, tomatoes with juice, chicken stock, cumin, chili powder, poultry seasoning, worcestershire sauce, medium shrimp, coarse salt, black pepper, scallion, fresh thyme",package,1,"[' long-grain rice, rice, basmati rice, cooked wild rice, brown basmati rice, cooked rice, rice wine, brown rice, long grain white rice, rice vinegar, rice sticks, rice wine vinegar, cooked white rice, jasmine rice, cooked long-grain rice,rice wine vinegar, long grain rice, steamed rice, converted rice, rice vermicelli,cooked brown rice, white rice, wild rice,rice, instant rice, seasoned rice vinegar,basmati rice,rice noodles, cooked basmati rice, dried rice noodles, cooked brown rice, minute rice,jasmine rice,cooked wild rice,wild rice, uncooked rice, wide rice noodles, rice flour,white rice']"
44423,everything jambalaya or  jambalika,"white rice, extra virgin olive oil, butter, white chicken meat, andouille sausage, onion, celery ribs, green bell pepper, bay leaves, cayenne pepper sauce, all-purpose flour, tomatoes with juice, chicken stock, cumin, chili powder, poultry seasoning, worcestershire sauce, medium shrimp, coarse salt, black pepper, scallion, fresh thyme",add,3,"[' canola oil, peanut oil, olive oil, vegetable oil,olive oil, extra virgin olive oil, boiling water, sesame oil,peanut oil, palm oil,canola oil, sunflower oil,light olive oil, oil, hard-boiled egg, chili oil, toasted sesame oil, light vegetable oil,oil, rapeseed oil,crab boil seasoning, cooking oil, hard-boiled eggs, sesame seed oil,safflower oil, boiled ham, salad oil, boiled potatoes,vegetable oil, crab boil seasoning, crab boil, coconut oil, olive oil flavored cooking spray,extra virgin olive oil, dark sesame oil, corn oil,sesame oil,olive oil flavored cooking spray, light olive oil, sun-dried tomato packed in oil,grapeseed oil, hardboiled egg, hot chili oil,no-boil lasagna noodles,coconut oil, safflower oil, orange oil, boiling potato, fire oil, grapeseed oil, low-fat buttermilk, butter, unsalted butter,unsalted butter,butter, buttermilk, peanut butter, natural-style peanut butter, reduced-fat creamy peanut butter, coconut butter, clarified butter,butternut squash, smooth cashew butter, smooth peanut butter, butternut squash,peanut butter, butter flavor shortening, salted butter, sweet butter, butter lettuce leaves, chunky peanut butter,buttermilk, light butter, butter flavored crackers, peanut butter chips, panko breadcrumbs, campanelle pasta, pancetta, spanish onion, spanish olives with pimento, panir,pancetta,panir,pancakes, japanese eggplants, japanese-style bread crumbs']"
44423,everything jambalaya or  jambalika,"white rice, extra virgin olive oil, butter, white chicken meat, andouille sausage, onion, celery ribs, green bell pepper, bay leaves, cayenne pepper sauce, all-purpose flour, tomatoes with juice, chicken stock, cumin, chili powder, poultry seasoning, worcestershire sauce, medium shrimp, coarse salt, black pepper, scallion, fresh thyme",add,5,"['boneless skinless chicken breasts, chicken broth,chicken breasts, chicken stock, chicken thigh fillet, chicken bouillon cube,chicken thighs, chicken stock cube, reduced-sodium chicken broth, cooked chicken breasts, boneless chicken,boneless chicken breasts, chicken thighs, low-fat chicken broth, chicken, boneless chicken thighs, boneless skinless chicken breasts, cream of chicken soup, organic free range fat free chicken broth, boneless skinless chicken thighs, cooked chicken,chicken broth, boneless skinless chicken breast halves, ground chicken,skinless chicken thighs,chicken tenders,chicken, chicken bouillon cubes,chicken breast halves, chicken base,skinless chicken breasts, low sodium chicken broth, chicken legs, chicken breasts, chicken livers, chicken-flavored ramen noodles, skinless chicken thighs, chicken stock powder, boneless chicken breasts,chicken wings,boneless chicken thighs, boneless chicken breast halves, roasting chickens, chicken giblets, homemade chicken stock,cooked chicken,boneless chicken breast, chicken bouillon, chicken breast,boneless skinless chicken breast, rich chicken broth,chicken breast, cooked chicken breast,skinless chicken breast, skinless chicken leg quarters,boneless skinless chicken breast halves, rotisserie-cooked chicken, boneless skinless chicken legs, skinless chicken breast half, whole chicken breasts,skinless chicken piece,skinless chicken drumsticks, chicken tenders,skinless chicken,chicken stock, skinless chicken breast,chicken fillets,chicken pieces,whole chicken,chicken piece, chicken breast fillets,ground chicken,whole chickens, boneless skinless chicken,boneless skinless chicken thighs,boneless chicken,swanson chicken broth, reduced-sodium fat-free chicken broth,roasting chickens, chicken legs-thighs, grilled chicken breast, chicken drumsticks, skinless chicken legs, chicken stock cubes, fat-free chicken broth,whole chicken breasts, chicken wings, vegetarian chicken pieces,chicken breast fillets,chicken legs, condensed cream of chicken soup, fat-free low-sodium chicken broth, chicken breast halves, instant chicken bouillon, chicken parts,whole boneless skinless chicken breasts, white chicken meat, sausage, andouille sausage, sweet italian sausage, chorizo sausage,johnsonville andouille dinner sausage,sweet italian sausage, hot italian sausage, bulk pork sausage, smoked sausage, andouille sausages,sausage links,louisiana hot link sausages,pork sausage, italian sweet sausage, italian sausages, sausage patties, vienna sausages, italian sausage, pork sausage']"
44423,everything jambalaya or  jambalika,"white rice, extra virgin olive oil, butter, white chicken meat, andouille sausage, onion, celery ribs, green bell pepper, bay leaves, cayenne pepper sauce, all-purpose flour, tomatoes with juice, chicken stock, cumin, chili powder, poultry seasoning, worcestershire sauce, medium shrimp, coarse salt, black pepper, scallion, fresh thyme",add,6,"[' yellow onion, onion,onion, onion flakes, red onion, dehydrated onion, onion powder, sweet onions, red onions, diced onion, brown onions, onions,yellow onions, sweet onion, yellow onions, green onions, white onions, green onion, white onion,yellow onion, granulated onion, spanish onion, yellow sweet onion, spring onions, dried onion,onions, dried onion flakes, white pearl onions, diced onions, ""frenchs french fried onions"", spring onion, onion rings, frozen pearl onions, onion salt, onion paste, french-fried onions, green onion top, green onions with top, celery, celery ribs,celery, celery salt, celery rib, celery seed, celery seeds, fresh coarse ground black pepper, cracked black pepper, green pepper, cayenne pepper, red chili pepper, ground cayenne pepper, pepper, red peppers, habanero pepper, salt and pepper, green bell pepper, fresh jalapeno peppers, serrano pepper, fresh ground black pepper, red bell pepper, yellow bell pepper, peppercorns, salt & freshly ground black pepper, black pepper, white pepper, ground red pepper, ground black pepper, red pepper, red bell peppers, yellow pepper, black peppercorns, chipotle pepper, fresh cracked pepper, piquillo peppers, red pepper flakes, crushed red pepper flakes, bell pepper, green peppers, bell peppers, scotch bonnet pepper, yellow peppers, salt & pepper, jalapeno pepper, peppercorn, pepperoni, hot pepper sauce, kosher salt & freshly ground black pepper, dried red chili peppers, szechuan peppercorns, roasted red pepper, poblano pepper, dry crushed red pepper, fresh ground white pepper, red chili peppers, red cayenne pepper, pickled jalapeno pepper, coarse black pepper, thai red chili pepper, red sweet bell pepper, green chili pepper, sweet red pepper, fresh ground pepper, pepperoncini peppers, chili pepper, monterey jack pepper cheese, green bell peppers, chinese red peppers, yellow bell peppers, jalapeno peppers, dried red pepper flakes, habanero peppers, chipotle peppers, chili peppers, red chili pepper flakes, pickled sweet peppers, white peppercorns, salt and black pepper, roasted red and yellow peppers, hot pepper flakes, ground pepper, roasted red peppers,roasted red peppers, liquid hot pepper sauce, sweet pepper, pepperoni slices, scotch bonnet peppers, lemon pepper seasoning, cracked pepper, hot pepper paste, hot chili pepper, poblano peppers,white pepper, garlic pepper seasoning, dried hot peppers, peppercorn ranch dressing, pepper bacon, whole black peppercorns, green pepper ring,bell peppers, del monte zesty jalapeno pepper diced tomato, white pepper powder, pepper rings, hot red pepper flakes, pepperoncini pepper, green peppercorn, orange bell pepper, salt & fresh ground pepper, szechwan pepper, chili pepper flakes,dried pasilla peppers, sweet green pepper, serrano peppers, whole black peppercorn, yellow sweet pepper, fresh chili peppers, pickled jalapeno peppers,red bell peppers, fresh jalapeno pepper, dried chili pepper flakes, ground szechuan peppercorns, cayenne pepper sauce, sweet bell pepper, bay leaf, bay leaves, old bay seasoning,bay leaves, fresh bay leaves, bay scallop, cayenne, cayenne powder']"
44423,everything jambalaya or  jambalika,"white rice, extra virgin olive oil, butter, white chicken meat, andouille sausage, onion, celery ribs, green bell pepper, bay leaves, cayenne pepper sauce, all-purpose flour, tomatoes with juice, chicken stock, cumin, chili powder, poultry seasoning, worcestershire sauce, medium shrimp, coarse salt, black pepper, scallion, fresh thyme",add,9,"[' boiling water, hard-boiled egg,crab boil seasoning, hard-boiled eggs, boiled ham, boiled potatoes, crab boil seasoning, crab boil, hardboiled egg,no-boil lasagna noodles, boiling potato, shrimp,baby shrimp, large shrimp, cooked shrimp, medium shrimp, shrimp stock, raw shrimp,medium shrimp,large shrimp, dried shrimp,raw shrimp, ""campbells cream of shrimp soup"", jumbo shrimp, shrimp paste,shrimp']"
44423,everything jambalaya or  jambalika,"white rice, extra virgin olive oil, butter, white chicken meat, andouille sausage, onion, celery ribs, green bell pepper, bay leaves, cayenne pepper sauce, all-purpose flour, tomatoes with juice, chicken stock, cumin, chili powder, poultry seasoning, worcestershire sauce, medium shrimp, coarse salt, black pepper, scallion, fresh thyme",sprinkle,7,"['all-purpose flour, buckwheat flour, flour, all-purpose flour, flour tortillas, white flour, whole wheat flour, unbleached all-purpose flour,flour,whole wheat flour, plain flour, cornflour, chickpea flour, self rising flour,cake flour,buckwheat flour, flour tortilla, oat flour, rye flour, gram flour, cake flour,bread flour,flour tortillas, gluten-free flour, wheat flour, self-rising flour, besan flour, rice flour,unbleached all-purpose flour, whole grain wheat flour, panko breadcrumbs, campanelle pasta, pancetta, spanish onion, spanish olives with pimento, panir,pancetta,panir,pancakes, japanese eggplants, japanese-style bread crumbs']"
44423,everything jambalaya or  jambalika,"white rice, extra virgin olive oil, butter, white chicken meat, andouille sausage, onion, celery ribs, green bell pepper, bay leaves, cayenne pepper sauce, all-purpose flour, tomatoes with juice, chicken stock, cumin, chili powder, poultry seasoning, worcestershire sauce, medium shrimp, coarse salt, black pepper, scallion, fresh thyme",sprinkle,14,"[' radishes, salt, salt and pepper, unsalted butter,salt, salt & freshly ground black pepper,unsalted butter, kosher salt, coarse salt, seasoning salt, sea salt, salted peanuts, salt & pepper,kosher salt, garlic salt, celery salt, kosher salt & freshly ground black pepper, coarse sea salt, no-salt-added corn, salt and black pepper,sea salt,coarse salt, onion salt, salted butter, saltine crackers, unsalted cashews, salt & fresh ground pepper, fine sea salt, table salt, unsalted dry roasted peanuts, unsalted peanuts, ""lawrys seasoned salt"", fresh coarse ground black pepper, cracked black pepper, green pepper, cayenne pepper, red chili pepper, ground cayenne pepper, pepper, red peppers, habanero pepper, green bell pepper, fresh jalapeno peppers, serrano pepper, fresh ground black pepper, red bell pepper, yellow bell pepper, peppercorns, black pepper, white pepper, ground red pepper, ground black pepper, red pepper, red bell peppers, yellow pepper, black peppercorns, chipotle pepper, fresh cracked pepper, piquillo peppers, red pepper flakes, crushed red pepper flakes, bell pepper, green peppers, bell peppers, scotch bonnet pepper, yellow peppers, jalapeno pepper, peppercorn, pepperoni, hot pepper sauce, dried red chili peppers, szechuan peppercorns, roasted red pepper, poblano pepper, dry crushed red pepper, fresh ground white pepper, red chili peppers, red cayenne pepper, pickled jalapeno pepper, coarse black pepper, thai red chili pepper, red sweet bell pepper, green chili pepper, sweet red pepper, fresh ground pepper, pepperoncini peppers, chili pepper, monterey jack pepper cheese, green bell peppers, chinese red peppers, yellow bell peppers, jalapeno peppers, dried red pepper flakes, habanero peppers, chipotle peppers, chili peppers, red chili pepper flakes, pickled sweet peppers, white peppercorns, roasted red and yellow peppers, hot pepper flakes, ground pepper, roasted red peppers,roasted red peppers, liquid hot pepper sauce, sweet pepper, pepperoni slices, scotch bonnet peppers, lemon pepper seasoning, cracked pepper, hot pepper paste, hot chili pepper, poblano peppers,white pepper, garlic pepper seasoning, dried hot peppers, peppercorn ranch dressing, pepper bacon, whole black peppercorns, green pepper ring,bell peppers, del monte zesty jalapeno pepper diced tomato, white pepper powder, pepper rings, hot red pepper flakes, pepperoncini pepper, green peppercorn, orange bell pepper, szechwan pepper, chili pepper flakes,dried pasilla peppers, sweet green pepper, serrano peppers, whole black peppercorn, yellow sweet pepper, fresh chili peppers, pickled jalapeno peppers,red bell peppers, fresh jalapeno pepper, dried chili pepper flakes, ground szechuan peppercorns, cayenne pepper sauce, sweet bell pepper, scallions,scallions, thyme, dried thyme, dried thyme leaves, thyme leaves, dry thyme leaves, fresh thyme, fresh thyme leaves, lemon thyme, fresh thyme leave, ground thyme, dried leaf thyme']"
44423,everything jambalaya or  jambalika,"white rice, extra virgin olive oil, butter, white chicken meat, andouille sausage, onion, celery ribs, green bell pepper, bay leaves, cayenne pepper sauce, all-purpose flour, tomatoes with juice, chicken stock, cumin, chili powder, poultry seasoning, worcestershire sauce, medium shrimp, coarse salt, black pepper, scallion, fresh thyme",stir,8,"[' tomatoes, crushed tomatoes, crushed tomatoes in puree, roma tomatoes, whole tomatoes, cherry tomatoes, diced tomatoes, diced tomatoes with juice, chopped tomatoes,tomatoes, grape tomatoes, sun-dried tomatoes, plum tomatoes, canned tomatoes, italian-style diced tomatoes, fresh tomatoes, canned stewed tomatoes, italian-style tomatoes, whole canned tomatoes, stewed tomatoes, tomatoes with juice, rotel tomatoes,roma tomatoes, diced tomatoes with basil and garlic, ro-tel tomatoes,green tomatoes, diced tomatoes with mild green chilies, italian plum tomatoes, fire-roasted tomatoes, diced tomatoes with green chilies, yellow cherry tomatoes, chicken broth, vegetable broth, reduced-sodium chicken broth, low sodium vegetable broth, low-fat chicken broth, beef broth, organic free range fat free chicken broth,chicken broth, broth, low sodium chicken broth, low sodium beef broth, rich chicken broth,vegetable broth,swanson chicken broth, reduced-sodium fat-free chicken broth, fat-free chicken broth, fat-free low-sodium chicken broth, vegetarian broth, italian seasoning, seasoning salt, poultry seasoning, unseasoned breadcrumbs, old bay seasoning, creole seasoning, dried italian seasoning, dried italian herb seasoning, seasoning, hidden valley original ranch seasoning mix, pork seasoning,crab boil seasoning, cajun seasoning,blackening seasoning, italian herb seasoning, crab boil seasoning, lemon pepper seasoning, seasoned rice vinegar, adobo seasoning, garlic pepper seasoning, blackening seasoning, sazon con azafran seasoning, seasoned dry bread crumb, all purpose greek seasoning, accent seasoning, barbecue seasoning, taco seasoning, mccormick grill seasoning, ""lawrys seasoned salt"", maggi seasoning sauce, cumin, ground cumin, cumin seeds, cumin seed, cumin powder, whole cumin seeds,cumin,ground cumin, whole cumin seed, chili powder, red chili pepper, chili,chili powder, thai sweet chili sauce, chili flakes, green chilies, dried red chili peppers, chili oil, chili-garlic sauce, red chili peppers, ancho chilies, guajillo chilies, chili paste, thai red chili pepper, green chili pepper, green chili, dried red chilies, red chili powder, sweet chili sauce, chili pepper, red chili sauce, mild green chilies, chili sauce, chili peppers, diced green chilies, serrano chili, red chili pepper flakes, hot chili paste, anaheim chili, hot chili pepper, chili paste with garlic, red chilies, dried chilies, chilies, ortega green chilies, dried red chili, dark chili powder, sambal chili paste, serrano chilies, chili pepper flakes, hot chili oil, red chili paste, fresh chili peppers, sambal oelek chili paste, dried chili pepper flakes,dried chilies, chili-style ground beef, mild chili powder, anaheim chilies, mexican chili powder, worcestershire sauce']"
44423,everything jambalaya or  jambalika,"white rice, extra virgin olive oil, butter, white chicken meat, andouille sausage, onion, celery ribs, green bell pepper, bay leaves, cayenne pepper sauce, all-purpose flour, tomatoes with juice, chicken stock, cumin, chili powder, poultry seasoning, worcestershire sauce, medium shrimp, coarse salt, black pepper, scallion, fresh thyme",bring,9,"[' boiling water, hard-boiled egg,crab boil seasoning, hard-boiled eggs, boiled ham, boiled potatoes, crab boil seasoning, crab boil, hardboiled egg,no-boil lasagna noodles, boiling potato, shrimp,baby shrimp, large shrimp, cooked shrimp, medium shrimp, shrimp stock, raw shrimp,medium shrimp,large shrimp, dried shrimp,raw shrimp, ""campbells cream of shrimp soup"", jumbo shrimp, shrimp paste,shrimp']"
44423,everything jambalaya or  jambalika,"white rice, extra virgin olive oil, butter, white chicken meat, andouille sausage, onion, celery ribs, green bell pepper, bay leaves, cayenne pepper sauce, all-purpose flour, tomatoes with juice, chicken stock, cumin, chili powder, poultry seasoning, worcestershire sauce, medium shrimp, coarse salt, black pepper, scallion, fresh thyme",remove,11,"[' new potato, dried chipotle powder, chipotle pepper, sweet potatoes, potatoes, sweet potato, russet potatoes, potato, red potatoes,baby red potatoes, baby potatoes,sweet potato, chipotle chile in adobo,potatoes, chipotle peppers,chipotle chiles in adobo, pureed chipotle chiles, boiled potatoes, instant mashed potatoes, baking potatoes, yukon gold potatoes, white potatoes, potato chips, yukon gold potato, simply potatoes shredded hash browns, chipotle chiles, chipotle chiles in adobo, chipotle chile, instant potato flakes, idaho potatoes, new potatoes, russet potato, boiling potato, buckwheat flour, whole wheat flour,whole wheat flour, wheat germ,buckwheat flour, bulgur wheat, whole wheat bread crumbs, whole wheat hamburger buns, wheat, whole wheat pasta, whole wheat angel hair pasta, whole wheat bread,whole wheat tortillas, wheat flour,wheat berries, whole wheat crackers,whole wheat macaroni, whole grain wheat flour, vegan egg replacer powder']"
44423,everything jambalaya or  jambalika,"white rice, extra virgin olive oil, butter, white chicken meat, andouille sausage, onion, celery ribs, green bell pepper, bay leaves, cayenne pepper sauce, all-purpose flour, tomatoes with juice, chicken stock, cumin, chili powder, poultry seasoning, worcestershire sauce, medium shrimp, coarse salt, black pepper, scallion, fresh thyme",using,13,"[' juice of, orange juice, sliced mushrooms, allspice, lime juice, jamaican jerk spice, long-grain rice, lemon juice, apple juice, ground allspice, fresh orange juice, fresh lime juice, diced onion, rice, diced tomatoes, fresh lemon juice, diced tomatoes with juice, basmati rice, cooked wild rice, sliced almonds, brown basmati rice, diced tomato, unsweetened pineapple juice, iceberg lettuce, cooked rice, rice wine, brown rice, long grain white rice, rice vinegar, five-spice powder, rice sticks, rice wine vinegar, sliced water chestnuts, mango juice, tomato juice, pineapple juice, sliced ripe olives, chinese five spice powder, pineapple chunks in juice, italian-style diced tomatoes, clamato juice, orange slice, cooked white rice, jasmine rice, diced green chilies, cooked long-grain rice, juice and zest of, spicy vegetable juice,rice wine vinegar,sliced almonds, juice, long grain rice, ice water, tomatoes with juice, clam juice, diced onions, steamed rice, converted rice, cheese slice, rice vermicelli,cooked brown rice, white rice, pepperoni slices, wild rice, tamarind juice, spice essence,lemon juice, mangoes in juice,rice, instant rice, seasoned rice vinegar, ginger juice, cherry juice,basmati rice, del monte zesty jalapeno pepper diced tomato, pumpkin pie spice, cheese slices, diced tomatoes with basil and garlic, pineapple juice concentrate,rice noodles, diced tomatoes with mild green chilies, cooked basmati rice, bottled clam juice,iceberg lettuce, maraschino cherry juice, dried rice noodles,pickle juice, mixed spice,fresh lime juice,cranberry juice cocktail, cooked brown rice, diced pimento, v8 vegetable juice, minute rice, jalapeno juice,jasmine rice,cooked wild rice,wild rice, pickling spices, canned diced green chiles, diced pimentos, cajun spices, ras el hanout spice mix, vermicelli, uncooked rice, wide rice noodles, diced tomatoes with green chilies, rice flour, allspice berries,white rice, sour cream, cream cheese, cream, reduced-fat creamy peanut butter, reduced-fat cream cheese, cream of chicken soup, cream of mushroom soup, fat free sour cream,cream cheese, spinach and artichoke cream cheese, heavy cream,sour cream, whipped cream cheese, light cream, double cream, whipping cream, whipped cream, half-and-half cream, cream sherry, low-fat sour cream, cream of wild mushroom soup, nonfat sour cream, cream cheese with garlic and herbs, heavy whipping cream, sweetened whipped cream, horseradish cream, cream of tartar, cream cheese frosting, ""campbells cream of shrimp soup"", condensed cream of chicken soup, cream of coconut, creamed corn, creamed coconut']"
44423,everything jambalaya or  jambalika,"white rice, extra virgin olive oil, butter, white chicken meat, andouille sausage, onion, celery ribs, green bell pepper, bay leaves, cayenne pepper sauce, all-purpose flour, tomatoes with juice, chicken stock, cumin, chili powder, poultry seasoning, worcestershire sauce, medium shrimp, coarse salt, black pepper, scallion, fresh thyme",place,13,"[' juice of, orange juice, sliced mushrooms, allspice, lime juice, jamaican jerk spice, long-grain rice, lemon juice, apple juice, ground allspice, fresh orange juice, fresh lime juice, diced onion, rice, diced tomatoes, fresh lemon juice, diced tomatoes with juice, basmati rice, cooked wild rice, sliced almonds, brown basmati rice, diced tomato, unsweetened pineapple juice, iceberg lettuce, cooked rice, rice wine, brown rice, long grain white rice, rice vinegar, five-spice powder, rice sticks, rice wine vinegar, sliced water chestnuts, mango juice, tomato juice, pineapple juice, sliced ripe olives, chinese five spice powder, pineapple chunks in juice, italian-style diced tomatoes, clamato juice, orange slice, cooked white rice, jasmine rice, diced green chilies, cooked long-grain rice, juice and zest of, spicy vegetable juice,rice wine vinegar,sliced almonds, juice, long grain rice, ice water, tomatoes with juice, clam juice, diced onions, steamed rice, converted rice, cheese slice, rice vermicelli,cooked brown rice, white rice, pepperoni slices, wild rice, tamarind juice, spice essence,lemon juice, mangoes in juice,rice, instant rice, seasoned rice vinegar, ginger juice, cherry juice,basmati rice, del monte zesty jalapeno pepper diced tomato, pumpkin pie spice, cheese slices, diced tomatoes with basil and garlic, pineapple juice concentrate,rice noodles, diced tomatoes with mild green chilies, cooked basmati rice, bottled clam juice,iceberg lettuce, maraschino cherry juice, dried rice noodles,pickle juice, mixed spice,fresh lime juice,cranberry juice cocktail, cooked brown rice, diced pimento, v8 vegetable juice, minute rice, jalapeno juice,jasmine rice,cooked wild rice,wild rice, pickling spices, canned diced green chiles, diced pimentos, cajun spices, ras el hanout spice mix, vermicelli, uncooked rice, wide rice noodles, diced tomatoes with green chilies, rice flour, allspice berries,white rice, sour cream, cream cheese, cream, reduced-fat creamy peanut butter, reduced-fat cream cheese, cream of chicken soup, cream of mushroom soup, fat free sour cream,cream cheese, spinach and artichoke cream cheese, heavy cream,sour cream, whipped cream cheese, light cream, double cream, whipping cream, whipped cream, half-and-half cream, cream sherry, low-fat sour cream, cream of wild mushroom soup, nonfat sour cream, cream cheese with garlic and herbs, heavy whipping cream, sweetened whipped cream, horseradish cream, cream of tartar, cream cheese frosting, ""campbells cream of shrimp soup"", condensed cream of chicken soup, cream of coconut, creamed corn, creamed coconut']"
44423,everything jambalaya or  jambalika,"white rice, extra virgin olive oil, butter, white chicken meat, andouille sausage, onion, celery ribs, green bell pepper, bay leaves, cayenne pepper sauce, all-purpose flour, tomatoes with juice, chicken stock, cumin, chili powder, poultry seasoning, worcestershire sauce, medium shrimp, coarse salt, black pepper, scallion, fresh thyme",chopped,14,"[' radishes, salt, salt and pepper, unsalted butter,salt, salt & freshly ground black pepper,unsalted butter, kosher salt, coarse salt, seasoning salt, sea salt, salted peanuts, salt & pepper,kosher salt, garlic salt, celery salt, kosher salt & freshly ground black pepper, coarse sea salt, no-salt-added corn, salt and black pepper,sea salt,coarse salt, onion salt, salted butter, saltine crackers, unsalted cashews, salt & fresh ground pepper, fine sea salt, table salt, unsalted dry roasted peanuts, unsalted peanuts, ""lawrys seasoned salt"", fresh coarse ground black pepper, cracked black pepper, green pepper, cayenne pepper, red chili pepper, ground cayenne pepper, pepper, red peppers, habanero pepper, green bell pepper, fresh jalapeno peppers, serrano pepper, fresh ground black pepper, red bell pepper, yellow bell pepper, peppercorns, black pepper, white pepper, ground red pepper, ground black pepper, red pepper, red bell peppers, yellow pepper, black peppercorns, chipotle pepper, fresh cracked pepper, piquillo peppers, red pepper flakes, crushed red pepper flakes, bell pepper, green peppers, bell peppers, scotch bonnet pepper, yellow peppers, jalapeno pepper, peppercorn, pepperoni, hot pepper sauce, dried red chili peppers, szechuan peppercorns, roasted red pepper, poblano pepper, dry crushed red pepper, fresh ground white pepper, red chili peppers, red cayenne pepper, pickled jalapeno pepper, coarse black pepper, thai red chili pepper, red sweet bell pepper, green chili pepper, sweet red pepper, fresh ground pepper, pepperoncini peppers, chili pepper, monterey jack pepper cheese, green bell peppers, chinese red peppers, yellow bell peppers, jalapeno peppers, dried red pepper flakes, habanero peppers, chipotle peppers, chili peppers, red chili pepper flakes, pickled sweet peppers, white peppercorns, roasted red and yellow peppers, hot pepper flakes, ground pepper, roasted red peppers,roasted red peppers, liquid hot pepper sauce, sweet pepper, pepperoni slices, scotch bonnet peppers, lemon pepper seasoning, cracked pepper, hot pepper paste, hot chili pepper, poblano peppers,white pepper, garlic pepper seasoning, dried hot peppers, peppercorn ranch dressing, pepper bacon, whole black peppercorns, green pepper ring,bell peppers, del monte zesty jalapeno pepper diced tomato, white pepper powder, pepper rings, hot red pepper flakes, pepperoncini pepper, green peppercorn, orange bell pepper, szechwan pepper, chili pepper flakes,dried pasilla peppers, sweet green pepper, serrano peppers, whole black peppercorn, yellow sweet pepper, fresh chili peppers, pickled jalapeno peppers,red bell peppers, fresh jalapeno pepper, dried chili pepper flakes, ground szechuan peppercorns, cayenne pepper sauce, sweet bell pepper, scallions,scallions, thyme, dried thyme, dried thyme leaves, thyme leaves, dry thyme leaves, fresh thyme, fresh thyme leaves, lemon thyme, fresh thyme leave, ground thyme, dried leaf thyme']"
44423,everything jambalaya or  jambalika,"white rice, extra virgin olive oil, butter, white chicken meat, andouille sausage, onion, celery ribs, green bell pepper, bay leaves, cayenne pepper sauce, all-purpose flour, tomatoes with juice, chicken stock, cumin, chili powder, poultry seasoning, worcestershire sauce, medium shrimp, coarse salt, black pepper, scallion, fresh thyme",leaves,14,"[' radishes, salt, salt and pepper, unsalted butter,salt, salt & freshly ground black pepper,unsalted butter, kosher salt, coarse salt, seasoning salt, sea salt, salted peanuts, salt & pepper,kosher salt, garlic salt, celery salt, kosher salt & freshly ground black pepper, coarse sea salt, no-salt-added corn, salt and black pepper,sea salt,coarse salt, onion salt, salted butter, saltine crackers, unsalted cashews, salt & fresh ground pepper, fine sea salt, table salt, unsalted dry roasted peanuts, unsalted peanuts, ""lawrys seasoned salt"", fresh coarse ground black pepper, cracked black pepper, green pepper, cayenne pepper, red chili pepper, ground cayenne pepper, pepper, red peppers, habanero pepper, green bell pepper, fresh jalapeno peppers, serrano pepper, fresh ground black pepper, red bell pepper, yellow bell pepper, peppercorns, black pepper, white pepper, ground red pepper, ground black pepper, red pepper, red bell peppers, yellow pepper, black peppercorns, chipotle pepper, fresh cracked pepper, piquillo peppers, red pepper flakes, crushed red pepper flakes, bell pepper, green peppers, bell peppers, scotch bonnet pepper, yellow peppers, jalapeno pepper, peppercorn, pepperoni, hot pepper sauce, dried red chili peppers, szechuan peppercorns, roasted red pepper, poblano pepper, dry crushed red pepper, fresh ground white pepper, red chili peppers, red cayenne pepper, pickled jalapeno pepper, coarse black pepper, thai red chili pepper, red sweet bell pepper, green chili pepper, sweet red pepper, fresh ground pepper, pepperoncini peppers, chili pepper, monterey jack pepper cheese, green bell peppers, chinese red peppers, yellow bell peppers, jalapeno peppers, dried red pepper flakes, habanero peppers, chipotle peppers, chili peppers, red chili pepper flakes, pickled sweet peppers, white peppercorns, roasted red and yellow peppers, hot pepper flakes, ground pepper, roasted red peppers,roasted red peppers, liquid hot pepper sauce, sweet pepper, pepperoni slices, scotch bonnet peppers, lemon pepper seasoning, cracked pepper, hot pepper paste, hot chili pepper, poblano peppers,white pepper, garlic pepper seasoning, dried hot peppers, peppercorn ranch dressing, pepper bacon, whole black peppercorns, green pepper ring,bell peppers, del monte zesty jalapeno pepper diced tomato, white pepper powder, pepper rings, hot red pepper flakes, pepperoncini pepper, green peppercorn, orange bell pepper, szechwan pepper, chili pepper flakes,dried pasilla peppers, sweet green pepper, serrano peppers, whole black peppercorn, yellow sweet pepper, fresh chili peppers, pickled jalapeno peppers,red bell peppers, fresh jalapeno pepper, dried chili pepper flakes, ground szechuan peppercorns, cayenne pepper sauce, sweet bell pepper, scallions,scallions, thyme, dried thyme, dried thyme leaves, thyme leaves, dry thyme leaves, fresh thyme, fresh thyme leaves, lemon thyme, fresh thyme leave, ground thyme, dried leaf thyme']"
