Id,Name,AllIngredients,Verbs,Steps,Ingredient
467646,hibiscus   jamaica flower enchiladas,"dried hibiscus flowers, water, olive oil, onion, carrots, jicama, sugar, ground oregano, dried thyme, salt, pepper, plum tomatoes, white onion, garlic cloves, chipotle chiles in adobo, vegetable oil, bay leaves, corn tortillas, vegan sour cream, purple cabbage, vegan cheese",filling,1,{}
467646,hibiscus   jamaica flower enchiladas,"dried hibiscus flowers, water, olive oil, onion, carrots, jicama, sugar, ground oregano, dried thyme, salt, pepper, plum tomatoes, white onion, garlic cloves, chipotle chiles in adobo, vegetable oil, bay leaves, corn tortillas, vegan sour cream, purple cabbage, vegan cheese",filling,22,"[' lettuce cup, tortillas, blue corn tortillas, tortilla chips, flour tortillas, corn tortillas, baked corn tortilla chips,tortillas, white corn tortilla chips, blue corn tortilla chips, flour tortilla,corn tortilla chips,flour tortillas, corn tortilla,whole wheat tortillas,corn tortillas, corn tortilla chips, white corn tortilla, sun-dried tomato tortillas, fat free tortillas']"
467646,hibiscus   jamaica flower enchiladas,"dried hibiscus flowers, water, olive oil, onion, carrots, jicama, sugar, ground oregano, dried thyme, salt, pepper, plum tomatoes, white onion, garlic cloves, chipotle chiles in adobo, vegetable oil, bay leaves, corn tortillas, vegan sour cream, purple cabbage, vegan cheese",bring,2,"['dried hibiscus flowers, water, boiling water, seltzer water, hot water, cold water, warm water,warm water, sliced water chestnuts,water, water chestnuts, ice water, tap water, water chestnut,hot water, rose water, watercress,coconut water, bottled water, watermelon,boiling water']"
467646,hibiscus   jamaica flower enchiladas,"dried hibiscus flowers, water, olive oil, onion, carrots, jicama, sugar, ground oregano, dried thyme, salt, pepper, plum tomatoes, white onion, garlic cloves, chipotle chiles in adobo, vegetable oil, bay leaves, corn tortillas, vegan sour cream, purple cabbage, vegan cheese",bring,17,"[' boiling water, hard-boiled egg,crab boil seasoning, hard-boiled eggs, boiled ham, boiled potatoes, crab boil seasoning, crab boil, hardboiled egg,no-boil lasagna noodles, boiling potato,boiling water']"
467646,hibiscus   jamaica flower enchiladas,"dried hibiscus flowers, water, olive oil, onion, carrots, jicama, sugar, ground oregano, dried thyme, salt, pepper, plum tomatoes, white onion, garlic cloves, chipotle chiles in adobo, vegetable oil, bay leaves, corn tortillas, vegan sour cream, purple cabbage, vegan cheese",simmer,2,"['dried hibiscus flowers, water, boiling water, seltzer water, hot water, cold water, warm water,warm water, sliced water chestnuts,water, water chestnuts, ice water, tap water, water chestnut,hot water, rose water, watercress,coconut water, bottled water, watermelon,boiling water']"
467646,hibiscus   jamaica flower enchiladas,"dried hibiscus flowers, water, olive oil, onion, carrots, jicama, sugar, ground oregano, dried thyme, salt, pepper, plum tomatoes, white onion, garlic cloves, chipotle chiles in adobo, vegetable oil, bay leaves, corn tortillas, vegan sour cream, purple cabbage, vegan cheese",let,3,"[' buckwheat flour, whole wheat flour,whole wheat flour, wheat germ,buckwheat flour, bulgur wheat, whole wheat bread crumbs, whole wheat hamburger buns, wheat, whole wheat pasta, whole wheat angel hair pasta, whole wheat bread,whole wheat tortillas, wheat flour,wheat berries, whole wheat crackers,whole wheat macaroni, whole grain wheat flour,wheat flour, bulgar wheat,whole wheat pita bread, whole wheat penne,dried hibiscus flowers']"
467646,hibiscus   jamaica flower enchiladas,"dried hibiscus flowers, water, olive oil, onion, carrots, jicama, sugar, ground oregano, dried thyme, salt, pepper, plum tomatoes, white onion, garlic cloves, chipotle chiles in adobo, vegetable oil, bay leaves, corn tortillas, vegan sour cream, purple cabbage, vegan cheese",are,3,"[' buckwheat flour, whole wheat flour,whole wheat flour, wheat germ,buckwheat flour, bulgur wheat, whole wheat bread crumbs, whole wheat hamburger buns, wheat, whole wheat pasta, whole wheat angel hair pasta, whole wheat bread,whole wheat tortillas, wheat flour,wheat berries, whole wheat crackers,whole wheat macaroni, whole grain wheat flour,wheat flour, bulgar wheat,whole wheat pita bread, whole wheat penne,dried hibiscus flowers']"
467646,hibiscus   jamaica flower enchiladas,"dried hibiscus flowers, water, olive oil, onion, carrots, jicama, sugar, ground oregano, dried thyme, salt, pepper, plum tomatoes, white onion, garlic cloves, chipotle chiles in adobo, vegetable oil, bay leaves, corn tortillas, vegan sour cream, purple cabbage, vegan cheese",are,8,"[' cooked chicken breasts, cooked wild rice, cooking spray, cooked rice, cooked chicken,cooking spray, cooked shrimp, nonstick cooking spray, cooking oil, cooked white rice,nonstick cooking spray, cooked long-grain rice, cooked pasta,cooked chicken, tart cooking apples,cooked brown rice, pam cooking spray, olive oil flavored cooking spray, cooked couscous, cooked turkey breast, cooked chicken breast, hard-cooked egg, quick-cooking tapioca, rotisserie-cooked chicken,olive oil flavored cooking spray, cooked ditalini, cooked basmati rice, cooked brown rice, quick-cooking rolled oats,cooked wild rice, uncooked rice, cooked spaghetti, cooked bacon,vegetable oil cooking spray, light vegetable oil cooking spray,cooked bacon, quick-cooking oats,carrots, carrots, baby carrots,baby carrots,fresh carrots, liquid smoke, liquid smoke flavoring, liquid hot pepper sauce, liquid honey']"
467646,hibiscus   jamaica flower enchiladas,"dried hibiscus flowers, water, olive oil, onion, carrots, jicama, sugar, ground oregano, dried thyme, salt, pepper, plum tomatoes, white onion, garlic cloves, chipotle chiles in adobo, vegetable oil, bay leaves, corn tortillas, vegan sour cream, purple cabbage, vegan cheese",add,6,"[' sweet onions, red onions, brown onions, onions,yellow onions, yellow onions, green onions, white onions, spring onions,onions, white pearl onions, diced onions, ""frenchs french fried onions"", frozen pearl onions, french-fried onions, green onions with top']"
467646,hibiscus   jamaica flower enchiladas,"dried hibiscus flowers, water, olive oil, onion, carrots, jicama, sugar, ground oregano, dried thyme, salt, pepper, plum tomatoes, white onion, garlic cloves, chipotle chiles in adobo, vegetable oil, bay leaves, corn tortillas, vegan sour cream, purple cabbage, vegan cheese",add,7,"['dried hibiscus flowers,carrots, carrots, baby carrots,baby carrots,fresh carrots, jicama, brown sugar, sugar, dark brown sugar, powdered sugar, white sugar, ""confectioners sugar"", granulated sugar, cinnamon sugar,sugar, light brown sugar, icing sugar,granulated sugar, sugar snap pea, unbleached cane sugar,dark brown sugar, palm sugar, caster sugar, sugar-free chocolate syrup, splenda sugar substitute, golden brown sugar, turbinado sugar, no-sugar-added raspberry jam, light-brown sugar, oregano, mexican oregano, dried oregano, dried oregano leaves, oregano leaves, fresh oregano, dry oregano, ground oregano, dried mexican oregano, dried greek oregano, oregano flakes, thyme, dried thyme, dried thyme leaves, thyme leaves, dry thyme leaves, fresh thyme, fresh thyme leaves, lemon thyme, fresh thyme leave, ground thyme, dried leaf thyme, fresh thyme sprig, fresh thyme sprigs, powdered thyme, leaf thyme']"
467646,hibiscus   jamaica flower enchiladas,"dried hibiscus flowers, water, olive oil, onion, carrots, jicama, sugar, ground oregano, dried thyme, salt, pepper, plum tomatoes, white onion, garlic cloves, chipotle chiles in adobo, vegetable oil, bay leaves, corn tortillas, vegan sour cream, purple cabbage, vegan cheese",add,15,"[' new potato, dried chipotle powder, chipotle pepper, sweet potatoes, potatoes, sweet potato, russet potatoes, potato, red potatoes,baby red potatoes, baby potatoes,sweet potato, chipotle chile in adobo,potatoes, chipotle peppers,chipotle chiles in adobo, pureed chipotle chiles, boiled potatoes, instant mashed potatoes, baking potatoes, yukon gold potatoes, white potatoes, potato chips, yukon gold potato, simply potatoes shredded hash browns, chipotle chiles, chipotle chiles in adobo, chipotle chile, instant potato flakes, idaho potatoes, new potatoes, russet potato, boiling potato, ground chipotle chile pepper,new potato, potato starch,sweet potatoes,potato, canola oil, peanut oil, olive oil, vegetable oil,olive oil, extra virgin olive oil, boiling water, sesame oil,peanut oil, palm oil,canola oil, sunflower oil,light olive oil, oil, hard-boiled egg, chili oil, toasted sesame oil, light vegetable oil,oil, rapeseed oil,crab boil seasoning, cooking oil, hard-boiled eggs, sesame seed oil,safflower oil, boiled ham, salad oil,vegetable oil, crab boil seasoning, crab boil, coconut oil, olive oil flavored cooking spray,extra virgin olive oil, dark sesame oil, corn oil,sesame oil,olive oil flavored cooking spray, light olive oil, sun-dried tomato packed in oil,grapeseed oil, hardboiled egg, hot chili oil,no-boil lasagna noodles,coconut oil, safflower oil, orange oil, fire oil, grapeseed oil, virgin olive oil,vegetable oil cooking spray,reynolds wrap foil, light vegetable oil cooking spray,boiling water, sun-dried tomatoes packed in oil, reynolds wrap foil']"
467646,hibiscus   jamaica flower enchiladas,"dried hibiscus flowers, water, olive oil, onion, carrots, jicama, sugar, ground oregano, dried thyme, salt, pepper, plum tomatoes, white onion, garlic cloves, chipotle chiles in adobo, vegetable oil, bay leaves, corn tortillas, vegan sour cream, purple cabbage, vegan cheese",add,16,"[' canola oil, peanut oil, olive oil, vegetable oil,olive oil, extra virgin olive oil, boiling water, sesame oil,peanut oil, palm oil,canola oil, sunflower oil,light olive oil, oil, hard-boiled egg, chili oil, toasted sesame oil, light vegetable oil,oil, rapeseed oil,crab boil seasoning, cooking oil, hard-boiled eggs, sesame seed oil,safflower oil, boiled ham, salad oil, boiled potatoes,vegetable oil, crab boil seasoning, crab boil, coconut oil, olive oil flavored cooking spray,extra virgin olive oil, dark sesame oil, corn oil,sesame oil,olive oil flavored cooking spray, light olive oil, sun-dried tomato packed in oil,grapeseed oil, hardboiled egg, hot chili oil,no-boil lasagna noodles,coconut oil, safflower oil, orange oil, boiling potato, fire oil, grapeseed oil, virgin olive oil,vegetable oil cooking spray,reynolds wrap foil, light vegetable oil cooking spray,boiling water, sun-dried tomatoes packed in oil, reynolds wrap foil, bay leaf, bay leaves, old bay seasoning,bay leaves, fresh bay leaves, bay scallop, fresh bay leaf']"
467646,hibiscus   jamaica flower enchiladas,"dried hibiscus flowers, water, olive oil, onion, carrots, jicama, sugar, ground oregano, dried thyme, salt, pepper, plum tomatoes, white onion, garlic cloves, chipotle chiles in adobo, vegetable oil, bay leaves, corn tortillas, vegan sour cream, purple cabbage, vegan cheese",saute,6,"[' sweet onions, red onions, brown onions, onions,yellow onions, yellow onions, green onions, white onions, spring onions,onions, white pearl onions, diced onions, ""frenchs french fried onions"", frozen pearl onions, french-fried onions, green onions with top']"
467646,hibiscus   jamaica flower enchiladas,"dried hibiscus flowers, water, olive oil, onion, carrots, jicama, sugar, ground oregano, dried thyme, salt, pepper, plum tomatoes, white onion, garlic cloves, chipotle chiles in adobo, vegetable oil, bay leaves, corn tortillas, vegan sour cream, purple cabbage, vegan cheese",evaporates,8,"[' cooked chicken breasts, cooked wild rice, cooking spray, cooked rice, cooked chicken,cooking spray, cooked shrimp, nonstick cooking spray, cooking oil, cooked white rice,nonstick cooking spray, cooked long-grain rice, cooked pasta,cooked chicken, tart cooking apples,cooked brown rice, pam cooking spray, olive oil flavored cooking spray, cooked couscous, cooked turkey breast, cooked chicken breast, hard-cooked egg, quick-cooking tapioca, rotisserie-cooked chicken,olive oil flavored cooking spray, cooked ditalini, cooked basmati rice, cooked brown rice, quick-cooking rolled oats,cooked wild rice, uncooked rice, cooked spaghetti, cooked bacon,vegetable oil cooking spray, light vegetable oil cooking spray,cooked bacon, quick-cooking oats,carrots, carrots, baby carrots,baby carrots,fresh carrots, liquid smoke, liquid smoke flavoring, liquid hot pepper sauce, liquid honey']"
467646,hibiscus   jamaica flower enchiladas,"dried hibiscus flowers, water, olive oil, onion, carrots, jicama, sugar, ground oregano, dried thyme, salt, pepper, plum tomatoes, white onion, garlic cloves, chipotle chiles in adobo, vegetable oil, bay leaves, corn tortillas, vegan sour cream, purple cabbage, vegan cheese",keep,9,"[' italian seasoning, seasoning salt, poultry seasoning, unseasoned breadcrumbs, old bay seasoning, creole seasoning, dried italian seasoning, dried italian herb seasoning, seasoning, hidden valley original ranch seasoning mix, pork seasoning,crab boil seasoning, cajun seasoning,blackening seasoning, italian herb seasoning, crab boil seasoning, lemon pepper seasoning, seasoned rice vinegar, adobo seasoning, garlic pepper seasoning, blackening seasoning, sazon con azafran seasoning, seasoned dry bread crumb, all purpose greek seasoning, accent seasoning, barbecue seasoning, taco seasoning, mccormick grill seasoning, ""lawrys seasoned salt"", maggi seasoning sauce, italian seasoned breadcrumbs, seasoned rice wine vinegar, vegetable seasoning, seasoned bread crumbs, salt, salt and pepper, unsalted butter,salt, salt & freshly ground black pepper,unsalted butter, kosher salt, coarse salt, sea salt, salted peanuts, salt & pepper,kosher salt, garlic salt, celery salt, kosher salt & freshly ground black pepper, coarse sea salt, no-salt-added corn, salt and black pepper,sea salt,coarse salt, onion salt, salted butter, saltine crackers, unsalted cashews, salt & fresh ground pepper, fine sea salt, table salt, unsalted dry roasted peanuts, unsalted peanuts,salt cod fish, black salt, saltines, fresh coarse ground black pepper, cracked black pepper, green pepper, cayenne pepper, red chili pepper, ground cayenne pepper, pepper, red peppers, habanero pepper, green bell pepper, fresh jalapeno peppers, serrano pepper, fresh ground black pepper, red bell pepper, yellow bell pepper, peppercorns, black pepper, white pepper, ground red pepper, ground black pepper, red pepper, red bell peppers, yellow pepper, black peppercorns, chipotle pepper, fresh cracked pepper, piquillo peppers, red pepper flakes, crushed red pepper flakes, bell pepper, green peppers, bell peppers, scotch bonnet pepper, yellow peppers, jalapeno pepper, peppercorn, pepperoni, hot pepper sauce, dried red chili peppers, szechuan peppercorns, roasted red pepper, poblano pepper, dry crushed red pepper, fresh ground white pepper, red chili peppers, red cayenne pepper, pickled jalapeno pepper, coarse black pepper, thai red chili pepper, red sweet bell pepper, green chili pepper, sweet red pepper, fresh ground pepper, pepperoncini peppers, chili pepper, monterey jack pepper cheese, green bell peppers, chinese red peppers, yellow bell peppers, jalapeno peppers, dried red pepper flakes, habanero peppers, chipotle peppers, chili peppers, red chili pepper flakes, pickled sweet peppers, white peppercorns, roasted red and yellow peppers, hot pepper flakes, ground pepper, roasted red peppers,roasted red peppers, liquid hot pepper sauce, sweet pepper, pepperoni slices, scotch bonnet peppers, cracked pepper, hot pepper paste, hot chili pepper, poblano peppers,white pepper, dried hot peppers, peppercorn ranch dressing, pepper bacon, whole black peppercorns, green pepper ring,bell peppers, del monte zesty jalapeno pepper diced tomato, white pepper powder, pepper rings, hot red pepper flakes, pepperoncini pepper, green peppercorn, orange bell pepper, szechwan pepper, chili pepper flakes,dried pasilla peppers, sweet green pepper, serrano peppers, whole black peppercorn, yellow sweet pepper, fresh chili peppers, pickled jalapeno peppers,red bell peppers, fresh jalapeno pepper, dried chili pepper flakes, ground szechuan peppercorns, cayenne pepper sauce, sweet bell pepper, hot pepper, green pepper rings, ground chipotle chile pepper, fat free monterey jack pepper cheese,bell pepper, ground dried arbol chile peppers, hot green chili peppers, lemon pepper, turkey pepperoni, hot red chili peppers, cubanelle pepper']"
467646,hibiscus   jamaica flower enchiladas,"dried hibiscus flowers, water, olive oil, onion, carrots, jicama, sugar, ground oregano, dried thyme, salt, pepper, plum tomatoes, white onion, garlic cloves, chipotle chiles in adobo, vegetable oil, bay leaves, corn tortillas, vegan sour cream, purple cabbage, vegan cheese",combine,11,"[' tomatoes, crushed tomatoes, crushed tomatoes in puree, roma tomatoes, whole tomatoes, cherry tomatoes, diced tomatoes, diced tomatoes with juice, chopped tomatoes,tomatoes, grape tomatoes, sun-dried tomatoes, plum tomatoes, canned tomatoes, italian-style diced tomatoes, fresh tomatoes, canned stewed tomatoes, italian-style tomatoes, whole canned tomatoes, stewed tomatoes, tomatoes with juice, rotel tomatoes,roma tomatoes, diced tomatoes with basil and garlic, ro-tel tomatoes,green tomatoes, diced tomatoes with mild green chilies, italian plum tomatoes, fire-roasted tomatoes, diced tomatoes with green chilies, yellow cherry tomatoes,crushed tomatoes, green tomatoes, italian tomatoes, sun-dried tomatoes packed in oil, yellow onion, onion,onion, onion flakes, red onion, dehydrated onion, onion powder, sweet onions, red onions, diced onion, brown onions, onions,yellow onions, sweet onion, yellow onions, green onions, white onions, green onion, white onion,yellow onion, granulated onion, spanish onion, yellow sweet onion, spring onions, dried onion,onions, dried onion flakes, white pearl onions, diced onions, ""frenchs french fried onions"", spring onion, onion rings, frozen pearl onions, onion salt, onion paste, french-fried onions, green onion top, green onions with top, purple onion, onion tops,spanish onion,vidalia onion, vidalia onion,onion powder, fresh garlic, garlic, garlic clove, garlic cloves, garlic powder, minced garlic cloves, fresh garlic cloves, garlic granules, garlic salt, granulated garlic, chili-garlic sauce, garlic paste, ginger-garlic paste,garlic clove, cream cheese with garlic and herbs, bulbs of garlic,garlic, garlic pepper seasoning, chili paste with garlic,garlic cloves, garlic chives, garlic sauce, minced garlic clove, bulb of garlic, roasted garlic, head of garlic, dried chipotle powder, chipotle pepper, chipotle chile in adobo, chipotle peppers,chipotle chiles in adobo, pureed chipotle chiles, chipotle chiles, chipotle chiles in adobo, chipotle chile, ground chipotle chile pepper, jalapeno chiles, poblano chiles, dried thai chiles,poblano chiles, thai chiles, dried new mexico chiles, canned diced green chiles, red jalapeno chiles, water, boiling water, seltzer water, hot water, cold water, warm water,warm water, sliced water chestnuts,water, water chestnuts, ice water, tap water, water chestnut,hot water, rose water, watercress,coconut water, bottled water, watermelon,boiling water, new potato, sweet potatoes, potatoes, sweet potato, russet potatoes, potato, red potatoes,baby red potatoes, baby potatoes,sweet potato,potatoes, boiled potatoes, instant mashed potatoes, baking potatoes, yukon gold potatoes, white potatoes, potato chips, yukon gold potato, simply potatoes shredded hash browns, instant potato flakes, idaho potatoes, new potatoes, russet potato, boiling potato,new potato, potato starch,sweet potatoes,potato, buckwheat flour, whole wheat flour,whole wheat flour, wheat germ,buckwheat flour, bulgur wheat, whole wheat bread crumbs, whole wheat hamburger buns, wheat, whole wheat pasta, whole wheat angel hair pasta, whole wheat bread,whole wheat tortillas, wheat flour,wheat berries, whole wheat crackers,whole wheat macaroni, whole grain wheat flour,wheat flour, bulgar wheat,whole wheat pita bread, whole wheat penne']"
467646,hibiscus   jamaica flower enchiladas,"dried hibiscus flowers, water, olive oil, onion, carrots, jicama, sugar, ground oregano, dried thyme, salt, pepper, plum tomatoes, white onion, garlic cloves, chipotle chiles in adobo, vegetable oil, bay leaves, corn tortillas, vegan sour cream, purple cabbage, vegan cheese",stirring,12,"[' cooked chicken breasts, cooked wild rice, cooking spray, cooked rice, cooked chicken,cooking spray, cooked shrimp, nonstick cooking spray, cooking oil, cooked white rice,nonstick cooking spray, cooked long-grain rice, cooked pasta,cooked chicken, tart cooking apples,cooked brown rice, pam cooking spray, olive oil flavored cooking spray, cooked couscous, cooked turkey breast, cooked chicken breast, hard-cooked egg, quick-cooking tapioca, rotisserie-cooked chicken,olive oil flavored cooking spray, cooked ditalini, cooked basmati rice, cooked brown rice, quick-cooking rolled oats,cooked wild rice, uncooked rice, cooked spaghetti, cooked bacon,vegetable oil cooking spray, light vegetable oil cooking spray,cooked bacon, quick-cooking oats, tomatoes, crushed tomatoes, crushed tomatoes in puree, roma tomatoes, whole tomatoes, cherry tomatoes, diced tomatoes, diced tomatoes with juice, chopped tomatoes,tomatoes, grape tomatoes, sun-dried tomatoes, plum tomatoes, canned tomatoes, italian-style diced tomatoes, fresh tomatoes, canned stewed tomatoes, italian-style tomatoes, whole canned tomatoes, stewed tomatoes, tomatoes with juice, rotel tomatoes,roma tomatoes, diced tomatoes with basil and garlic, ro-tel tomatoes,green tomatoes, diced tomatoes with mild green chilies, italian plum tomatoes, fire-roasted tomatoes, diced tomatoes with green chilies, yellow cherry tomatoes,crushed tomatoes, green tomatoes, italian tomatoes, sun-dried tomatoes packed in oil']"
467646,hibiscus   jamaica flower enchiladas,"dried hibiscus flowers, water, olive oil, onion, carrots, jicama, sugar, ground oregano, dried thyme, salt, pepper, plum tomatoes, white onion, garlic cloves, chipotle chiles in adobo, vegetable oil, bay leaves, corn tortillas, vegan sour cream, purple cabbage, vegan cheese",begin,12,"[' cooked chicken breasts, cooked wild rice, cooking spray, cooked rice, cooked chicken,cooking spray, cooked shrimp, nonstick cooking spray, cooking oil, cooked white rice,nonstick cooking spray, cooked long-grain rice, cooked pasta,cooked chicken, tart cooking apples,cooked brown rice, pam cooking spray, olive oil flavored cooking spray, cooked couscous, cooked turkey breast, cooked chicken breast, hard-cooked egg, quick-cooking tapioca, rotisserie-cooked chicken,olive oil flavored cooking spray, cooked ditalini, cooked basmati rice, cooked brown rice, quick-cooking rolled oats,cooked wild rice, uncooked rice, cooked spaghetti, cooked bacon,vegetable oil cooking spray, light vegetable oil cooking spray,cooked bacon, quick-cooking oats, tomatoes, crushed tomatoes, crushed tomatoes in puree, roma tomatoes, whole tomatoes, cherry tomatoes, diced tomatoes, diced tomatoes with juice, chopped tomatoes,tomatoes, grape tomatoes, sun-dried tomatoes, plum tomatoes, canned tomatoes, italian-style diced tomatoes, fresh tomatoes, canned stewed tomatoes, italian-style tomatoes, whole canned tomatoes, stewed tomatoes, tomatoes with juice, rotel tomatoes,roma tomatoes, diced tomatoes with basil and garlic, ro-tel tomatoes,green tomatoes, diced tomatoes with mild green chilies, italian plum tomatoes, fire-roasted tomatoes, diced tomatoes with green chilies, yellow cherry tomatoes,crushed tomatoes, green tomatoes, italian tomatoes, sun-dried tomatoes packed in oil']"
467646,hibiscus   jamaica flower enchiladas,"dried hibiscus flowers, water, olive oil, onion, carrots, jicama, sugar, ground oregano, dried thyme, salt, pepper, plum tomatoes, white onion, garlic cloves, chipotle chiles in adobo, vegetable oil, bay leaves, corn tortillas, vegan sour cream, purple cabbage, vegan cheese",fall,12,"[' cooked chicken breasts, cooked wild rice, cooking spray, cooked rice, cooked chicken,cooking spray, cooked shrimp, nonstick cooking spray, cooking oil, cooked white rice,nonstick cooking spray, cooked long-grain rice, cooked pasta,cooked chicken, tart cooking apples,cooked brown rice, pam cooking spray, olive oil flavored cooking spray, cooked couscous, cooked turkey breast, cooked chicken breast, hard-cooked egg, quick-cooking tapioca, rotisserie-cooked chicken,olive oil flavored cooking spray, cooked ditalini, cooked basmati rice, cooked brown rice, quick-cooking rolled oats,cooked wild rice, uncooked rice, cooked spaghetti, cooked bacon,vegetable oil cooking spray, light vegetable oil cooking spray,cooked bacon, quick-cooking oats, tomatoes, crushed tomatoes, crushed tomatoes in puree, roma tomatoes, whole tomatoes, cherry tomatoes, diced tomatoes, diced tomatoes with juice, chopped tomatoes,tomatoes, grape tomatoes, sun-dried tomatoes, plum tomatoes, canned tomatoes, italian-style diced tomatoes, fresh tomatoes, canned stewed tomatoes, italian-style tomatoes, whole canned tomatoes, stewed tomatoes, tomatoes with juice, rotel tomatoes,roma tomatoes, diced tomatoes with basil and garlic, ro-tel tomatoes,green tomatoes, diced tomatoes with mild green chilies, italian plum tomatoes, fire-roasted tomatoes, diced tomatoes with green chilies, yellow cherry tomatoes,crushed tomatoes, green tomatoes, italian tomatoes, sun-dried tomatoes packed in oil']"
467646,hibiscus   jamaica flower enchiladas,"dried hibiscus flowers, water, olive oil, onion, carrots, jicama, sugar, ground oregano, dried thyme, salt, pepper, plum tomatoes, white onion, garlic cloves, chipotle chiles in adobo, vegetable oil, bay leaves, corn tortillas, vegan sour cream, purple cabbage, vegan cheese",transfer,13,"[' buckwheat flour, whole wheat flour,whole wheat flour, wheat germ,buckwheat flour, bulgur wheat, whole wheat bread crumbs, whole wheat hamburger buns, wheat, whole wheat pasta, whole wheat angel hair pasta, whole wheat bread,whole wheat tortillas, wheat flour,wheat berries, whole wheat crackers,whole wheat macaroni, whole grain wheat flour,wheat flour, bulgar wheat,whole wheat pita bread, whole wheat penne, red food coloring, yellow food coloring, green food coloring, orange food coloring, seafood stock, seafood cocktail sauce']"
467646,hibiscus   jamaica flower enchiladas,"dried hibiscus flowers, water, olive oil, onion, carrots, jicama, sugar, ground oregano, dried thyme, salt, pepper, plum tomatoes, white onion, garlic cloves, chipotle chiles in adobo, vegetable oil, bay leaves, corn tortillas, vegan sour cream, purple cabbage, vegan cheese",be,15,"[' new potato, dried chipotle powder, chipotle pepper, sweet potatoes, potatoes, sweet potato, russet potatoes, potato, red potatoes,baby red potatoes, baby potatoes,sweet potato, chipotle chile in adobo,potatoes, chipotle peppers,chipotle chiles in adobo, pureed chipotle chiles, boiled potatoes, instant mashed potatoes, baking potatoes, yukon gold potatoes, white potatoes, potato chips, yukon gold potato, simply potatoes shredded hash browns, chipotle chiles, chipotle chiles in adobo, chipotle chile, instant potato flakes, idaho potatoes, new potatoes, russet potato, boiling potato, ground chipotle chile pepper,new potato, potato starch,sweet potatoes,potato, canola oil, peanut oil, olive oil, vegetable oil,olive oil, extra virgin olive oil, boiling water, sesame oil,peanut oil, palm oil,canola oil, sunflower oil,light olive oil, oil, hard-boiled egg, chili oil, toasted sesame oil, light vegetable oil,oil, rapeseed oil,crab boil seasoning, cooking oil, hard-boiled eggs, sesame seed oil,safflower oil, boiled ham, salad oil,vegetable oil, crab boil seasoning, crab boil, coconut oil, olive oil flavored cooking spray,extra virgin olive oil, dark sesame oil, corn oil,sesame oil,olive oil flavored cooking spray, light olive oil, sun-dried tomato packed in oil,grapeseed oil, hardboiled egg, hot chili oil,no-boil lasagna noodles,coconut oil, safflower oil, orange oil, fire oil, grapeseed oil, virgin olive oil,vegetable oil cooking spray,reynolds wrap foil, light vegetable oil cooking spray,boiling water, sun-dried tomatoes packed in oil, reynolds wrap foil']"
467646,hibiscus   jamaica flower enchiladas,"dried hibiscus flowers, water, olive oil, onion, carrots, jicama, sugar, ground oregano, dried thyme, salt, pepper, plum tomatoes, white onion, garlic cloves, chipotle chiles in adobo, vegetable oil, bay leaves, corn tortillas, vegan sour cream, purple cabbage, vegan cheese",close,15,"[' new potato, dried chipotle powder, chipotle pepper, sweet potatoes, potatoes, sweet potato, russet potatoes, potato, red potatoes,baby red potatoes, baby potatoes,sweet potato, chipotle chile in adobo,potatoes, chipotle peppers,chipotle chiles in adobo, pureed chipotle chiles, boiled potatoes, instant mashed potatoes, baking potatoes, yukon gold potatoes, white potatoes, potato chips, yukon gold potato, simply potatoes shredded hash browns, chipotle chiles, chipotle chiles in adobo, chipotle chile, instant potato flakes, idaho potatoes, new potatoes, russet potato, boiling potato, ground chipotle chile pepper,new potato, potato starch,sweet potatoes,potato, canola oil, peanut oil, olive oil, vegetable oil,olive oil, extra virgin olive oil, boiling water, sesame oil,peanut oil, palm oil,canola oil, sunflower oil,light olive oil, oil, hard-boiled egg, chili oil, toasted sesame oil, light vegetable oil,oil, rapeseed oil,crab boil seasoning, cooking oil, hard-boiled eggs, sesame seed oil,safflower oil, boiled ham, salad oil,vegetable oil, crab boil seasoning, crab boil, coconut oil, olive oil flavored cooking spray,extra virgin olive oil, dark sesame oil, corn oil,sesame oil,olive oil flavored cooking spray, light olive oil, sun-dried tomato packed in oil,grapeseed oil, hardboiled egg, hot chili oil,no-boil lasagna noodles,coconut oil, safflower oil, orange oil, fire oil, grapeseed oil, virgin olive oil,vegetable oil cooking spray,reynolds wrap foil, light vegetable oil cooking spray,boiling water, sun-dried tomatoes packed in oil, reynolds wrap foil']"
467646,hibiscus   jamaica flower enchiladas,"dried hibiscus flowers, water, olive oil, onion, carrots, jicama, sugar, ground oregano, dried thyme, salt, pepper, plum tomatoes, white onion, garlic cloves, chipotle chiles in adobo, vegetable oil, bay leaves, corn tortillas, vegan sour cream, purple cabbage, vegan cheese",wipe,15,"[' new potato, dried chipotle powder, chipotle pepper, sweet potatoes, potatoes, sweet potato, russet potatoes, potato, red potatoes,baby red potatoes, baby potatoes,sweet potato, chipotle chile in adobo,potatoes, chipotle peppers,chipotle chiles in adobo, pureed chipotle chiles, boiled potatoes, instant mashed potatoes, baking potatoes, yukon gold potatoes, white potatoes, potato chips, yukon gold potato, simply potatoes shredded hash browns, chipotle chiles, chipotle chiles in adobo, chipotle chile, instant potato flakes, idaho potatoes, new potatoes, russet potato, boiling potato, ground chipotle chile pepper,new potato, potato starch,sweet potatoes,potato, canola oil, peanut oil, olive oil, vegetable oil,olive oil, extra virgin olive oil, boiling water, sesame oil,peanut oil, palm oil,canola oil, sunflower oil,light olive oil, oil, hard-boiled egg, chili oil, toasted sesame oil, light vegetable oil,oil, rapeseed oil,crab boil seasoning, cooking oil, hard-boiled eggs, sesame seed oil,safflower oil, boiled ham, salad oil,vegetable oil, crab boil seasoning, crab boil, coconut oil, olive oil flavored cooking spray,extra virgin olive oil, dark sesame oil, corn oil,sesame oil,olive oil flavored cooking spray, light olive oil, sun-dried tomato packed in oil,grapeseed oil, hardboiled egg, hot chili oil,no-boil lasagna noodles,coconut oil, safflower oil, orange oil, fire oil, grapeseed oil, virgin olive oil,vegetable oil cooking spray,reynolds wrap foil, light vegetable oil cooking spray,boiling water, sun-dried tomatoes packed in oil, reynolds wrap foil']"
467646,hibiscus   jamaica flower enchiladas,"dried hibiscus flowers, water, olive oil, onion, carrots, jicama, sugar, ground oregano, dried thyme, salt, pepper, plum tomatoes, white onion, garlic cloves, chipotle chiles in adobo, vegetable oil, bay leaves, corn tortillas, vegan sour cream, purple cabbage, vegan cheese",begins,16,"[' canola oil, peanut oil, olive oil, vegetable oil,olive oil, extra virgin olive oil, boiling water, sesame oil,peanut oil, palm oil,canola oil, sunflower oil,light olive oil, oil, hard-boiled egg, chili oil, toasted sesame oil, light vegetable oil,oil, rapeseed oil,crab boil seasoning, cooking oil, hard-boiled eggs, sesame seed oil,safflower oil, boiled ham, salad oil, boiled potatoes,vegetable oil, crab boil seasoning, crab boil, coconut oil, olive oil flavored cooking spray,extra virgin olive oil, dark sesame oil, corn oil,sesame oil,olive oil flavored cooking spray, light olive oil, sun-dried tomato packed in oil,grapeseed oil, hardboiled egg, hot chili oil,no-boil lasagna noodles,coconut oil, safflower oil, orange oil, boiling potato, fire oil, grapeseed oil, virgin olive oil,vegetable oil cooking spray,reynolds wrap foil, light vegetable oil cooking spray,boiling water, sun-dried tomatoes packed in oil, reynolds wrap foil, bay leaf, bay leaves, old bay seasoning,bay leaves, fresh bay leaves, bay scallop, fresh bay leaf']"
467646,hibiscus   jamaica flower enchiladas,"dried hibiscus flowers, water, olive oil, onion, carrots, jicama, sugar, ground oregano, dried thyme, salt, pepper, plum tomatoes, white onion, garlic cloves, chipotle chiles in adobo, vegetable oil, bay leaves, corn tortillas, vegan sour cream, purple cabbage, vegan cheese",smoke,16,"[' canola oil, peanut oil, olive oil, vegetable oil,olive oil, extra virgin olive oil, boiling water, sesame oil,peanut oil, palm oil,canola oil, sunflower oil,light olive oil, oil, hard-boiled egg, chili oil, toasted sesame oil, light vegetable oil,oil, rapeseed oil,crab boil seasoning, cooking oil, hard-boiled eggs, sesame seed oil,safflower oil, boiled ham, salad oil, boiled potatoes,vegetable oil, crab boil seasoning, crab boil, coconut oil, olive oil flavored cooking spray,extra virgin olive oil, dark sesame oil, corn oil,sesame oil,olive oil flavored cooking spray, light olive oil, sun-dried tomato packed in oil,grapeseed oil, hardboiled egg, hot chili oil,no-boil lasagna noodles,coconut oil, safflower oil, orange oil, boiling potato, fire oil, grapeseed oil, virgin olive oil,vegetable oil cooking spray,reynolds wrap foil, light vegetable oil cooking spray,boiling water, sun-dried tomatoes packed in oil, reynolds wrap foil, bay leaf, bay leaves, old bay seasoning,bay leaves, fresh bay leaves, bay scallop, fresh bay leaf']"
467646,hibiscus   jamaica flower enchiladas,"dried hibiscus flowers, water, olive oil, onion, carrots, jicama, sugar, ground oregano, dried thyme, salt, pepper, plum tomatoes, white onion, garlic cloves, chipotle chiles in adobo, vegetable oil, bay leaves, corn tortillas, vegan sour cream, purple cabbage, vegan cheese",leaves,16,"[' canola oil, peanut oil, olive oil, vegetable oil,olive oil, extra virgin olive oil, boiling water, sesame oil,peanut oil, palm oil,canola oil, sunflower oil,light olive oil, oil, hard-boiled egg, chili oil, toasted sesame oil, light vegetable oil,oil, rapeseed oil,crab boil seasoning, cooking oil, hard-boiled eggs, sesame seed oil,safflower oil, boiled ham, salad oil, boiled potatoes,vegetable oil, crab boil seasoning, crab boil, coconut oil, olive oil flavored cooking spray,extra virgin olive oil, dark sesame oil, corn oil,sesame oil,olive oil flavored cooking spray, light olive oil, sun-dried tomato packed in oil,grapeseed oil, hardboiled egg, hot chili oil,no-boil lasagna noodles,coconut oil, safflower oil, orange oil, boiling potato, fire oil, grapeseed oil, virgin olive oil,vegetable oil cooking spray,reynolds wrap foil, light vegetable oil cooking spray,boiling water, sun-dried tomatoes packed in oil, reynolds wrap foil, bay leaf, bay leaves, old bay seasoning,bay leaves, fresh bay leaves, bay scallop, fresh bay leaf']"
467646,hibiscus   jamaica flower enchiladas,"dried hibiscus flowers, water, olive oil, onion, carrots, jicama, sugar, ground oregano, dried thyme, salt, pepper, plum tomatoes, white onion, garlic cloves, chipotle chiles in adobo, vegetable oil, bay leaves, corn tortillas, vegan sour cream, purple cabbage, vegan cheese",reduce,18,{}
467646,hibiscus   jamaica flower enchiladas,"dried hibiscus flowers, water, olive oil, onion, carrots, jicama, sugar, ground oregano, dried thyme, salt, pepper, plum tomatoes, white onion, garlic cloves, chipotle chiles in adobo, vegetable oil, bay leaves, corn tortillas, vegan sour cream, purple cabbage, vegan cheese",cook,18,{}
467646,hibiscus   jamaica flower enchiladas,"dried hibiscus flowers, water, olive oil, onion, carrots, jicama, sugar, ground oregano, dried thyme, salt, pepper, plum tomatoes, white onion, garlic cloves, chipotle chiles in adobo, vegetable oil, bay leaves, corn tortillas, vegan sour cream, purple cabbage, vegan cheese",thickened,18,{}
467646,hibiscus   jamaica flower enchiladas,"dried hibiscus flowers, water, olive oil, onion, carrots, jicama, sugar, ground oregano, dried thyme, salt, pepper, plum tomatoes, white onion, garlic cloves, chipotle chiles in adobo, vegetable oil, bay leaves, corn tortillas, vegan sour cream, purple cabbage, vegan cheese",remove,19,"[' bay leaf, bay leaves, old bay seasoning,bay leaves, fresh bay leaves, bay scallop, fresh bay leaf, fresh cilantro leaves, fresh parsley leaves, dried rosemary leaves, dried basil leaves, dried oregano leaves, dried thyme leaves, thyme leaves, dry thyme leaves, oregano leaves, basil leaves, coriander leaves, dried curry leaves, mint leaves, cilantro leaves, arugula leaves, fresh basil leaves, fresh mint leaves, curry leaves, fresh lime leaves, fresh thyme leaves, fresh coriander leaves, sage leaves, fresh rosemary leaves, lettuce leaves, spinach leaves, fresh spinach leaves, dried sweet basil leaves, kaffir lime leaves, butter lettuce leaves, fennel leaves, fresh dill leaves,grape leaves, baby spinach leaves, fresh sage leaves, grape leaves,green tea leaves, chard leaves']"
467646,hibiscus   jamaica flower enchiladas,"dried hibiscus flowers, water, olive oil, onion, carrots, jicama, sugar, ground oregano, dried thyme, salt, pepper, plum tomatoes, white onion, garlic cloves, chipotle chiles in adobo, vegetable oil, bay leaves, corn tortillas, vegan sour cream, purple cabbage, vegan cheese",fry,21,"[' corn, cornmeal, peppercorns, ear of corn, blue corn tortillas, black peppercorns, frozen whole kernel corn, canned corn niblet, peppercorn, corn tortillas, cornstarch, szechuan peppercorns, cornflour, canned corn, frozen corn, baked corn tortilla chips, corn muffin mix, fresh corn kernels, yellow cornmeal, no-salt-added corn, mexicorn, corn kernel, whole kernel corn, white corn tortilla chips, blue corn tortilla chips, light corn syrup, white peppercorns, fritos corn chips, white corn kernels, frozen corn kernels, baby corn,cornmeal, white corn, sweet corn,corn tortilla chips, peppercorn ranch dressing, whole black peppercorns, corn flakes, corn oil, frozen corn and black beans, green peppercorn, corn kernels, corn syrup, kernel corn, cornbread mix, corn tortilla,acorn squash, whole black peppercorn,corn kernels,corn tortillas,cornbread, ground szechuan peppercorns, cornmeal mix, creamed corn, fresh corn, corn on the cob, corn tortilla chips, white shoepeg corn,canned whole kernel corn, white corn tortilla, cornish hens, canned corn kernel, tortillas, flour tortillas,tortillas,flour tortillas,whole wheat tortillas, sun-dried tomato tortillas, fat free tortillas, panko breadcrumbs, campanelle pasta, pancetta, spanish onion, spanish olives with pimento, panir,pancetta,panir,pancakes, japanese eggplants, japanese-style bread crumbs, spanish olives,spanish onion, pan dripping, japanese eggplant']"
467646,hibiscus   jamaica flower enchiladas,"dried hibiscus flowers, water, olive oil, onion, carrots, jicama, sugar, ground oregano, dried thyme, salt, pepper, plum tomatoes, white onion, garlic cloves, chipotle chiles in adobo, vegetable oil, bay leaves, corn tortillas, vegan sour cream, purple cabbage, vegan cheese",put,22,"[' lettuce cup, tortillas, blue corn tortillas, tortilla chips, flour tortillas, corn tortillas, baked corn tortilla chips,tortillas, white corn tortilla chips, blue corn tortilla chips, flour tortilla,corn tortilla chips,flour tortillas, corn tortilla,whole wheat tortillas,corn tortillas, corn tortilla chips, white corn tortilla, sun-dried tomato tortillas, fat free tortillas']"
467646,hibiscus   jamaica flower enchiladas,"dried hibiscus flowers, water, olive oil, onion, carrots, jicama, sugar, ground oregano, dried thyme, salt, pepper, plum tomatoes, white onion, garlic cloves, chipotle chiles in adobo, vegetable oil, bay leaves, corn tortillas, vegan sour cream, purple cabbage, vegan cheese",enclose,23,"[' egg roll wraps, kaiser rolls, ciabatta roll, rolls, quick-cooking rolled oats']"
467646,hibiscus   jamaica flower enchiladas,"dried hibiscus flowers, water, olive oil, onion, carrots, jicama, sugar, ground oregano, dried thyme, salt, pepper, plum tomatoes, white onion, garlic cloves, chipotle chiles in adobo, vegetable oil, bay leaves, corn tortillas, vegan sour cream, purple cabbage, vegan cheese",like,25,"[' soy sauce, tomato sauce, a.1. original sauce, worcestershire sauce, adobo sauce, spaghetti sauce, thai sweet chili sauce, sriracha sauce, tabasco sauce, picante sauce, pesto sauce, tamari soy sauce, applesauce, hot sauce,spaghetti sauce, hot pepper sauce, hoisin sauce, oyster sauce, reduced sodium soy sauce, low sodium soy sauce, chili-garlic sauce, fish sauce, sweet chili sauce, teriyaki sauce, dark soy sauce, barbecue sauce, soya sauce, red chili sauce, chili sauce,hoisin sauce, sweet soy sauce, vegetarian oyster sauce, light soy sauce, pizza sauce, cranberry sauce, horseradish sauce, ""franks red hot sauce"", remoulade sauce, liquid hot pepper sauce, pasta sauce, sweet and sour sauce,soya sauce, spaghetti sauce with meat, hollandaise sauce mix, louisiana hot sauce, garlic sauce, green enchilada sauce,soy sauce, red enchilada sauce, pickapeppa sauce, bearnaise sauce mix, seafood cocktail sauce, dark soya sauce, alfredo sauce, cayenne pepper sauce, maggi seasoning sauce, unsweetened applesauce, thai fish sauce,reduced sodium soy sauce, steak sauce,light soy sauce, browning sauce, plum sauce, hunts tomato sauce, tomato and basil pasta sauce']"
