Id,Name,AllIngredients,Verbs,Steps,Ingredient
493707,indian vegetable rice pulao,"basmati rice, oil, carrot, beans, green peas, bay leaf, cloves, cardamoms, cinnamon stick, onions, ginger, garlic, green chilies, pepper, coriander powder, turmeric powder, salt, coriander leaves, mint leaf, lemon juice",add,4,"[' buckwheat flour, whole wheat flour,whole wheat flour, wheat germ,buckwheat flour, bulgur wheat, whole wheat bread crumbs, whole wheat hamburger buns, wheat, whole wheat pasta, whole wheat angel hair pasta, whole wheat bread,whole wheat tortillas, wheat flour,wheat berries, whole wheat crackers,whole wheat macaroni, whole grain wheat flour,wheat flour, bulgar wheat,whole wheat pita bread, whole wheat penne, canola oil, peanut oil, olive oil, vegetable oil,olive oil, extra virgin olive oil, boiling water, sesame oil,peanut oil, palm oil,canola oil, sunflower oil,light olive oil, oil, hard-boiled egg, chili oil, toasted sesame oil, light vegetable oil,oil, rapeseed oil,crab boil seasoning, cooking oil, hard-boiled eggs, sesame seed oil,safflower oil, boiled ham, salad oil, boiled potatoes,vegetable oil, crab boil seasoning, crab boil, coconut oil, olive oil flavored cooking spray,extra virgin olive oil, dark sesame oil, corn oil,sesame oil,olive oil flavored cooking spray, light olive oil, sun-dried tomato packed in oil,grapeseed oil, hardboiled egg, hot chili oil,no-boil lasagna noodles,coconut oil, safflower oil, orange oil, boiling potato, fire oil, grapeseed oil, virgin olive oil,vegetable oil cooking spray,reynolds wrap foil, light vegetable oil cooking spray,boiling water, sun-dried tomatoes packed in oil, reynolds wrap foil, garlic-flavored olive oil, lite olive oil, olive oil mayonnaise, panko breadcrumbs, campanelle pasta, pancetta, spanish onion, spanish olives with pimento, panir,pancetta,panir,pancakes, japanese eggplants, japanese-style bread crumbs, spanish olives,spanish onion, pan dripping, japanese eggplant, bay leaf, bay leaves, old bay seasoning,bay leaves, fresh bay leaves, bay scallop, fresh bay leaf, frozen leaf spinach, cabbage leaf, curry leaf, cilantro leaf, fresh sage leaf, fresh rosemary leaf, spearmint candy leaf, green leaf lettuce, romaine lettuce leaf, flat leaf parsley, red leaf lettuce, fresh flat-leaf parsley, mint leaf, flat-leaf italian parsley, fresh basil leaf, dried leaf thyme, tarragon leaf,red leaf lettuce, leaf thyme, cinnamon sticks, ground cinnamon, cinnamon, cinnamon sugar, cinnamon stick, cinnamon bark, ground cloves, cloves, garlic cloves, minced garlic cloves, fresh garlic cloves, whole cloves,garlic cloves, ground cardamom, green cardamom pods, green cardamoms, cardamom pods, cardamom, cardamom seed, black cardamom pod, cardamoms, whole cardamom pods, brown cardamom pods, cardamom powder, black cardamom pods, green cardamom seeds']"
493707,indian vegetable rice pulao,"basmati rice, oil, carrot, beans, green peas, bay leaf, cloves, cardamoms, cinnamon stick, onions, ginger, garlic, green chilies, pepper, coriander powder, turmeric powder, salt, coriander leaves, mint leaf, lemon juice",add,6,"[' fresh ginger, ginger, ground ginger, candied ginger,fresh ginger, minced ginger, crystallized ginger, ginger paste, ginger powder, gingerroot, fresh gingerroot, ginger-garlic paste, powdered ginger, ginger juice,gingerroot, dried ginger, ginger ale, fresh garlic, garlic, garlic clove, garlic cloves, garlic powder, minced garlic cloves, fresh garlic cloves, garlic granules, garlic salt, granulated garlic, chili-garlic sauce, garlic paste,garlic clove, cream cheese with garlic and herbs, bulbs of garlic,garlic, garlic pepper seasoning, chili paste with garlic,garlic cloves, diced tomatoes with basil and garlic, garlic chives, garlic sauce, minced garlic clove, bulb of garlic, roasted garlic, head of garlic, garlic-flavored olive oil, garlic sea salt']"
493707,indian vegetable rice pulao,"basmati rice, oil, carrot, beans, green peas, bay leaf, cloves, cardamoms, cinnamon stick, onions, ginger, garlic, green chilies, pepper, coriander powder, turmeric powder, salt, coriander leaves, mint leaf, lemon juice",add,9,"[' sweet onions, red onions, brown onions, onions,yellow onions, yellow onions, green onions, white onions, spring onions,onions, white pearl onions, diced onions, ""frenchs french fried onions"", frozen pearl onions, french-fried onions, green onions with top, baby onions, frozen small whole onions, salt, salt and pepper, unsalted butter,salt, salt & freshly ground black pepper,unsalted butter, kosher salt, coarse salt, seasoning salt, sea salt, salted peanuts, salt & pepper,kosher salt, garlic salt, celery salt, kosher salt & freshly ground black pepper, coarse sea salt, no-salt-added corn, salt and black pepper,sea salt,coarse salt, onion salt, salted butter, saltine crackers, unsalted cashews, salt & fresh ground pepper, fine sea salt, table salt, unsalted dry roasted peanuts, unsalted peanuts, ""lawrys seasoned salt"",salt cod fish, black salt, saltines, flaked sea salt, garlic sea salt']"
493707,indian vegetable rice pulao,"basmati rice, oil, carrot, beans, green peas, bay leaf, cloves, cardamoms, cinnamon stick, onions, ginger, garlic, green chilies, pepper, coriander powder, turmeric powder, salt, coriander leaves, mint leaf, lemon juice",add,11,"[' ground coriander, coriander, coriander leaves, coriander seeds, coriander seed, coriander powder, coriander sprigs, fresh coriander leaves, fresh coriander, dried coriander,coriander seed, coriander root,ground coriander,coriander seeds, whole coriander seeds']"
493707,indian vegetable rice pulao,"basmati rice, oil, carrot, beans, green peas, bay leaf, cloves, cardamoms, cinnamon stick, onions, ginger, garlic, green chilies, pepper, coriander powder, turmeric powder, salt, coriander leaves, mint leaf, lemon juice",add,14,"[' assorted fresh vegetables, mixed vegetables, dehydrated mixed vegetables, frozen mixed vegetables, chickpeas, peas, black-eyed peas, frozen peas and carrot, frozen sweet peas, frozen peas, baby peas, split peas, snow peas, green peas,chickpeas, frozen baby peas, yellow split peas, snap peas, fresh peas,dried split yellow peas, fresh snow peas']"
493707,indian vegetable rice pulao,"basmati rice, oil, carrot, beans, green peas, bay leaf, cloves, cardamoms, cinnamon stick, onions, ginger, garlic, green chilies, pepper, coriander powder, turmeric powder, salt, coriander leaves, mint leaf, lemon juice",add,16,"[' water, boiling water, seltzer water, hot water, cold water, warm water,warm water, sliced water chestnuts,water, water chestnuts, ice water, tap water, water chestnut,hot water, rose water, watercress,coconut water, bottled water, watermelon,boiling water, long-grain rice, rice, basmati rice, cooked wild rice, brown basmati rice, cooked rice, rice wine, brown rice, long grain white rice, rice vinegar, rice sticks, rice wine vinegar, cooked white rice, jasmine rice, cooked long-grain rice,rice wine vinegar, long grain rice, steamed rice, converted rice, rice vermicelli,cooked brown rice, white rice, wild rice,rice, instant rice, seasoned rice vinegar,basmati rice,rice noodles, cooked basmati rice, dried rice noodles, cooked brown rice, minute rice,jasmine rice,cooked wild rice,wild rice, uncooked rice, wide rice noodles, rice flour,white rice, rice noodles,brown rice flour, long grain brown rice, seasoned rice wine vinegar, long-grain white rice, salt, salt and pepper, unsalted butter,salt, salt & freshly ground black pepper,unsalted butter, kosher salt, coarse salt, seasoning salt, sea salt, salted peanuts, salt & pepper,kosher salt, garlic salt, celery salt, kosher salt & freshly ground black pepper, coarse sea salt, no-salt-added corn, salt and black pepper,sea salt,coarse salt, onion salt, salted butter, saltine crackers, unsalted cashews, salt & fresh ground pepper, fine sea salt, table salt, unsalted dry roasted peanuts, unsalted peanuts, ""lawrys seasoned salt"",salt cod fish, black salt, saltines, flaked sea salt, garlic sea salt']"
493707,indian vegetable rice pulao,"basmati rice, oil, carrot, beans, green peas, bay leaf, cloves, cardamoms, cinnamon stick, onions, ginger, garlic, green chilies, pepper, coriander powder, turmeric powder, salt, coriander leaves, mint leaf, lemon juice",turn,6,"[' fresh ginger, ginger, ground ginger, candied ginger,fresh ginger, minced ginger, crystallized ginger, ginger paste, ginger powder, gingerroot, fresh gingerroot, ginger-garlic paste, powdered ginger, ginger juice,gingerroot, dried ginger, ginger ale, fresh garlic, garlic, garlic clove, garlic cloves, garlic powder, minced garlic cloves, fresh garlic cloves, garlic granules, garlic salt, granulated garlic, chili-garlic sauce, garlic paste,garlic clove, cream cheese with garlic and herbs, bulbs of garlic,garlic, garlic pepper seasoning, chili paste with garlic,garlic cloves, diced tomatoes with basil and garlic, garlic chives, garlic sauce, minced garlic clove, bulb of garlic, roasted garlic, head of garlic, garlic-flavored olive oil, garlic sea salt']"
493707,indian vegetable rice pulao,"basmati rice, oil, carrot, beans, green peas, bay leaf, cloves, cardamoms, cinnamon stick, onions, ginger, garlic, green chilies, pepper, coriander powder, turmeric powder, salt, coriander leaves, mint leaf, lemon juice",let,7,{}
493707,indian vegetable rice pulao,"basmati rice, oil, carrot, beans, green peas, bay leaf, cloves, cardamoms, cinnamon stick, onions, ginger, garlic, green chilies, pepper, coriander powder, turmeric powder, salt, coriander leaves, mint leaf, lemon juice",burn,7,{}
493707,indian vegetable rice pulao,"basmati rice, oil, carrot, beans, green peas, bay leaf, cloves, cardamoms, cinnamon stick, onions, ginger, garlic, green chilies, pepper, coriander powder, turmeric powder, salt, coriander leaves, mint leaf, lemon juice",chopped,9,"[' sweet onions, red onions, brown onions, onions,yellow onions, yellow onions, green onions, white onions, spring onions,onions, white pearl onions, diced onions, ""frenchs french fried onions"", frozen pearl onions, french-fried onions, green onions with top, baby onions, frozen small whole onions, salt, salt and pepper, unsalted butter,salt, salt & freshly ground black pepper,unsalted butter, kosher salt, coarse salt, seasoning salt, sea salt, salted peanuts, salt & pepper,kosher salt, garlic salt, celery salt, kosher salt & freshly ground black pepper, coarse sea salt, no-salt-added corn, salt and black pepper,sea salt,coarse salt, onion salt, salted butter, saltine crackers, unsalted cashews, salt & fresh ground pepper, fine sea salt, table salt, unsalted dry roasted peanuts, unsalted peanuts, ""lawrys seasoned salt"",salt cod fish, black salt, saltines, flaked sea salt, garlic sea salt']"
493707,indian vegetable rice pulao,"basmati rice, oil, carrot, beans, green peas, bay leaf, cloves, cardamoms, cinnamon stick, onions, ginger, garlic, green chilies, pepper, coriander powder, turmeric powder, salt, coriander leaves, mint leaf, lemon juice",stir,12,{}
493707,indian vegetable rice pulao,"basmati rice, oil, carrot, beans, green peas, bay leaf, cloves, cardamoms, cinnamon stick, onions, ginger, garlic, green chilies, pepper, coriander powder, turmeric powder, salt, coriander leaves, mint leaf, lemon juice",boils,16,"[' water, boiling water, seltzer water, hot water, cold water, warm water,warm water, sliced water chestnuts,water, water chestnuts, ice water, tap water, water chestnut,hot water, rose water, watercress,coconut water, bottled water, watermelon,boiling water, long-grain rice, rice, basmati rice, cooked wild rice, brown basmati rice, cooked rice, rice wine, brown rice, long grain white rice, rice vinegar, rice sticks, rice wine vinegar, cooked white rice, jasmine rice, cooked long-grain rice,rice wine vinegar, long grain rice, steamed rice, converted rice, rice vermicelli,cooked brown rice, white rice, wild rice,rice, instant rice, seasoned rice vinegar,basmati rice,rice noodles, cooked basmati rice, dried rice noodles, cooked brown rice, minute rice,jasmine rice,cooked wild rice,wild rice, uncooked rice, wide rice noodles, rice flour,white rice, rice noodles,brown rice flour, long grain brown rice, seasoned rice wine vinegar, long-grain white rice, salt, salt and pepper, unsalted butter,salt, salt & freshly ground black pepper,unsalted butter, kosher salt, coarse salt, seasoning salt, sea salt, salted peanuts, salt & pepper,kosher salt, garlic salt, celery salt, kosher salt & freshly ground black pepper, coarse sea salt, no-salt-added corn, salt and black pepper,sea salt,coarse salt, onion salt, salted butter, saltine crackers, unsalted cashews, salt & fresh ground pepper, fine sea salt, table salt, unsalted dry roasted peanuts, unsalted peanuts, ""lawrys seasoned salt"",salt cod fish, black salt, saltines, flaked sea salt, garlic sea salt']"
493707,indian vegetable rice pulao,"basmati rice, oil, carrot, beans, green peas, bay leaf, cloves, cardamoms, cinnamon stick, onions, ginger, garlic, green chilies, pepper, coriander powder, turmeric powder, salt, coriander leaves, mint leaf, lemon juice",close,17,{}
493707,indian vegetable rice pulao,"basmati rice, oil, carrot, beans, green peas, bay leaf, cloves, cardamoms, cinnamon stick, onions, ginger, garlic, green chilies, pepper, coriander powder, turmeric powder, salt, coriander leaves, mint leaf, lemon juice",serve,23,"[' yoghurt, pickles, dill pickles']"
