Id,Name,AllIngredients,Verbs,Steps,Ingredient
57406,steph s savory stewed chicken,"chicken, oil, flour, onions, celery, bell pepper, chicken broth, stewed tomatoes, hot water, bay leaves, garlic, salt, pepper, garlic powder, dried oregano, dried thyme, dried rosemary, onion powder, chives, italian seasoning, seafood seasoning",make,1,{}
57406,steph s savory stewed chicken,"chicken, oil, flour, onions, celery, bell pepper, chicken broth, stewed tomatoes, hot water, bay leaves, garlic, salt, pepper, garlic powder, dried oregano, dried thyme, dried rosemary, onion powder, chives, italian seasoning, seafood seasoning",add,2,"[' yellow onion, onion,onion, onion flakes, red onion, dehydrated onion, onion powder, sweet onions, red onions, diced onion, brown onions, onions,yellow onions, sweet onion, yellow onions, green onions, white onions, green onion, white onion,yellow onion, granulated onion, spanish onion, yellow sweet onion, spring onions, dried onion,onions, dried onion flakes, white pearl onions, diced onions, ""frenchs french fried onions"", spring onion, onion rings, frozen pearl onions, onion salt, onion paste, french-fried onions, green onion top, green onions with top, purple onion, onion tops,spanish onion,vidalia onion, vidalia onion,onion powder, onion seeds, baby onions, frozen small whole onions, brown onion, vidalia onions,green onions, caramelized onion, onion soup mix,red onion,diced onions, green onion tops,dry onion soup mix, instant minced onion, fried onions, baby onion, fresh onion, cocktail onion, green onions with tops, simply potatoes diced potatoes with onion, maui onions, celery, celery ribs,celery, celery salt, celery rib, celery seed, celery seeds, celery powder, celery root, celery leaves, celery & leaves, celery heart, fresh garlic, garlic, garlic clove, garlic cloves, garlic powder, minced garlic cloves, fresh garlic cloves, garlic granules, garlic salt, granulated garlic, chili-garlic sauce, garlic paste, ginger-garlic paste,garlic clove, cream cheese with garlic and herbs, bulbs of garlic,garlic, garlic pepper seasoning, chili paste with garlic,garlic cloves, diced tomatoes with basil and garlic, garlic chives, garlic sauce, minced garlic clove, bulb of garlic, roasted garlic, head of garlic, garlic-flavored olive oil, garlic sea salt, garlic juice, garlic bread, garlic seasoning, fresh garlic clove, garlic oil, tomatoes with garlic,garlic powder, garlic and red chile paste,chile sauce with garlic, minute rice']"
57406,steph s savory stewed chicken,"chicken, oil, flour, onions, celery, bell pepper, chicken broth, stewed tomatoes, hot water, bay leaves, garlic, salt, pepper, garlic powder, dried oregano, dried thyme, dried rosemary, onion powder, chives, italian seasoning, seafood seasoning",add,3,{}
57406,steph s savory stewed chicken,"chicken, oil, flour, onions, celery, bell pepper, chicken broth, stewed tomatoes, hot water, bay leaves, garlic, salt, pepper, garlic powder, dried oregano, dried thyme, dried rosemary, onion powder, chives, italian seasoning, seafood seasoning",minced,2,"[' yellow onion, onion,onion, onion flakes, red onion, dehydrated onion, onion powder, sweet onions, red onions, diced onion, brown onions, onions,yellow onions, sweet onion, yellow onions, green onions, white onions, green onion, white onion,yellow onion, granulated onion, spanish onion, yellow sweet onion, spring onions, dried onion,onions, dried onion flakes, white pearl onions, diced onions, ""frenchs french fried onions"", spring onion, onion rings, frozen pearl onions, onion salt, onion paste, french-fried onions, green onion top, green onions with top, purple onion, onion tops,spanish onion,vidalia onion, vidalia onion,onion powder, onion seeds, baby onions, frozen small whole onions, brown onion, vidalia onions,green onions, caramelized onion, onion soup mix,red onion,diced onions, green onion tops,dry onion soup mix, instant minced onion, fried onions, baby onion, fresh onion, cocktail onion, green onions with tops, simply potatoes diced potatoes with onion, maui onions, celery, celery ribs,celery, celery salt, celery rib, celery seed, celery seeds, celery powder, celery root, celery leaves, celery & leaves, celery heart, fresh garlic, garlic, garlic clove, garlic cloves, garlic powder, minced garlic cloves, fresh garlic cloves, garlic granules, garlic salt, granulated garlic, chili-garlic sauce, garlic paste, ginger-garlic paste,garlic clove, cream cheese with garlic and herbs, bulbs of garlic,garlic, garlic pepper seasoning, chili paste with garlic,garlic cloves, diced tomatoes with basil and garlic, garlic chives, garlic sauce, minced garlic clove, bulb of garlic, roasted garlic, head of garlic, garlic-flavored olive oil, garlic sea salt, garlic juice, garlic bread, garlic seasoning, fresh garlic clove, garlic oil, tomatoes with garlic,garlic powder, garlic and red chile paste,chile sauce with garlic, minute rice']"
57406,steph s savory stewed chicken,"chicken, oil, flour, onions, celery, bell pepper, chicken broth, stewed tomatoes, hot water, bay leaves, garlic, salt, pepper, garlic powder, dried oregano, dried thyme, dried rosemary, onion powder, chives, italian seasoning, seafood seasoning",roux,2,"[' yellow onion, onion,onion, onion flakes, red onion, dehydrated onion, onion powder, sweet onions, red onions, diced onion, brown onions, onions,yellow onions, sweet onion, yellow onions, green onions, white onions, green onion, white onion,yellow onion, granulated onion, spanish onion, yellow sweet onion, spring onions, dried onion,onions, dried onion flakes, white pearl onions, diced onions, ""frenchs french fried onions"", spring onion, onion rings, frozen pearl onions, onion salt, onion paste, french-fried onions, green onion top, green onions with top, purple onion, onion tops,spanish onion,vidalia onion, vidalia onion,onion powder, onion seeds, baby onions, frozen small whole onions, brown onion, vidalia onions,green onions, caramelized onion, onion soup mix,red onion,diced onions, green onion tops,dry onion soup mix, instant minced onion, fried onions, baby onion, fresh onion, cocktail onion, green onions with tops, simply potatoes diced potatoes with onion, maui onions, celery, celery ribs,celery, celery salt, celery rib, celery seed, celery seeds, celery powder, celery root, celery leaves, celery & leaves, celery heart, fresh garlic, garlic, garlic clove, garlic cloves, garlic powder, minced garlic cloves, fresh garlic cloves, garlic granules, garlic salt, granulated garlic, chili-garlic sauce, garlic paste, ginger-garlic paste,garlic clove, cream cheese with garlic and herbs, bulbs of garlic,garlic, garlic pepper seasoning, chili paste with garlic,garlic cloves, diced tomatoes with basil and garlic, garlic chives, garlic sauce, minced garlic clove, bulb of garlic, roasted garlic, head of garlic, garlic-flavored olive oil, garlic sea salt, garlic juice, garlic bread, garlic seasoning, fresh garlic clove, garlic oil, tomatoes with garlic,garlic powder, garlic and red chile paste,chile sauce with garlic, minute rice']"
57406,steph s savory stewed chicken,"chicken, oil, flour, onions, celery, bell pepper, chicken broth, stewed tomatoes, hot water, bay leaves, garlic, salt, pepper, garlic powder, dried oregano, dried thyme, dried rosemary, onion powder, chives, italian seasoning, seafood seasoning",stir,2,"[' yellow onion, onion,onion, onion flakes, red onion, dehydrated onion, onion powder, sweet onions, red onions, diced onion, brown onions, onions,yellow onions, sweet onion, yellow onions, green onions, white onions, green onion, white onion,yellow onion, granulated onion, spanish onion, yellow sweet onion, spring onions, dried onion,onions, dried onion flakes, white pearl onions, diced onions, ""frenchs french fried onions"", spring onion, onion rings, frozen pearl onions, onion salt, onion paste, french-fried onions, green onion top, green onions with top, purple onion, onion tops,spanish onion,vidalia onion, vidalia onion,onion powder, onion seeds, baby onions, frozen small whole onions, brown onion, vidalia onions,green onions, caramelized onion, onion soup mix,red onion,diced onions, green onion tops,dry onion soup mix, instant minced onion, fried onions, baby onion, fresh onion, cocktail onion, green onions with tops, simply potatoes diced potatoes with onion, maui onions, celery, celery ribs,celery, celery salt, celery rib, celery seed, celery seeds, celery powder, celery root, celery leaves, celery & leaves, celery heart, fresh garlic, garlic, garlic clove, garlic cloves, garlic powder, minced garlic cloves, fresh garlic cloves, garlic granules, garlic salt, granulated garlic, chili-garlic sauce, garlic paste, ginger-garlic paste,garlic clove, cream cheese with garlic and herbs, bulbs of garlic,garlic, garlic pepper seasoning, chili paste with garlic,garlic cloves, diced tomatoes with basil and garlic, garlic chives, garlic sauce, minced garlic clove, bulb of garlic, roasted garlic, head of garlic, garlic-flavored olive oil, garlic sea salt, garlic juice, garlic bread, garlic seasoning, fresh garlic clove, garlic oil, tomatoes with garlic,garlic powder, garlic and red chile paste,chile sauce with garlic, minute rice']"
57406,steph s savory stewed chicken,"chicken, oil, flour, onions, celery, bell pepper, chicken broth, stewed tomatoes, hot water, bay leaves, garlic, salt, pepper, garlic powder, dried oregano, dried thyme, dried rosemary, onion powder, chives, italian seasoning, seafood seasoning",stir,4,{}
57406,steph s savory stewed chicken,"chicken, oil, flour, onions, celery, bell pepper, chicken broth, stewed tomatoes, hot water, bay leaves, garlic, salt, pepper, garlic powder, dried oregano, dried thyme, dried rosemary, onion powder, chives, italian seasoning, seafood seasoning",remaining,3,{}
57406,steph s savory stewed chicken,"chicken, oil, flour, onions, celery, bell pepper, chicken broth, stewed tomatoes, hot water, bay leaves, garlic, salt, pepper, garlic powder, dried oregano, dried thyme, dried rosemary, onion powder, chives, italian seasoning, seafood seasoning",starting,3,{}
57406,steph s savory stewed chicken,"chicken, oil, flour, onions, celery, bell pepper, chicken broth, stewed tomatoes, hot water, bay leaves, garlic, salt, pepper, garlic powder, dried oregano, dried thyme, dried rosemary, onion powder, chives, italian seasoning, seafood seasoning",stirring,5,[' artichoke bottoms']
57406,steph s savory stewed chicken,"chicken, oil, flour, onions, celery, bell pepper, chicken broth, stewed tomatoes, hot water, bay leaves, garlic, salt, pepper, garlic powder, dried oregano, dried thyme, dried rosemary, onion powder, chives, italian seasoning, seafood seasoning",being,5,[' artichoke bottoms']
57406,steph s savory stewed chicken,"chicken, oil, flour, onions, celery, bell pepper, chicken broth, stewed tomatoes, hot water, bay leaves, garlic, salt, pepper, garlic powder, dried oregano, dried thyme, dried rosemary, onion powder, chives, italian seasoning, seafood seasoning",burn,5,[' artichoke bottoms']
57406,steph s savory stewed chicken,"chicken, oil, flour, onions, celery, bell pepper, chicken broth, stewed tomatoes, hot water, bay leaves, garlic, salt, pepper, garlic powder, dried oregano, dried thyme, dried rosemary, onion powder, chives, italian seasoning, seafood seasoning",is,6,"['boneless skinless chicken breasts, chicken broth,chicken breasts, chicken stock, chicken thigh fillet, chicken bouillon cube,chicken thighs, chicken stock cube, reduced-sodium chicken broth, cooked chicken breasts, boneless chicken,boneless chicken breasts, chicken thighs, low-fat chicken broth, chicken, boneless chicken thighs, boneless skinless chicken breasts, cream of chicken soup, organic free range fat free chicken broth, boneless skinless chicken thighs, cooked chicken,chicken broth, boneless skinless chicken breast halves, ground chicken,skinless chicken thighs,chicken tenders,chicken, chicken bouillon cubes,chicken breast halves, chicken base,skinless chicken breasts, low sodium chicken broth, chicken legs, chicken breasts, chicken livers, chicken-flavored ramen noodles, skinless chicken thighs, chicken stock powder, boneless chicken breasts,chicken wings,boneless chicken thighs, boneless chicken breast halves, roasting chickens, chicken giblets, homemade chicken stock,cooked chicken,boneless chicken breast, chicken bouillon, chicken breast,boneless skinless chicken breast, rich chicken broth,chicken breast, cooked chicken breast,skinless chicken breast, skinless chicken leg quarters,boneless skinless chicken breast halves, rotisserie-cooked chicken, boneless skinless chicken legs, skinless chicken breast half, whole chicken breasts,skinless chicken piece,skinless chicken drumsticks, chicken tenders,skinless chicken,chicken stock, skinless chicken breast,chicken fillets,chicken pieces,whole chicken,chicken piece, chicken breast fillets,ground chicken,whole chickens, boneless skinless chicken,boneless skinless chicken thighs,boneless chicken,swanson chicken broth, reduced-sodium fat-free chicken broth,roasting chickens, chicken legs-thighs, grilled chicken breast, chicken drumsticks, skinless chicken legs, chicken stock cubes, fat-free chicken broth,whole chicken breasts, chicken wings, vegetarian chicken pieces,chicken breast fillets,chicken legs, condensed cream of chicken soup, fat-free low-sodium chicken broth, chicken breast halves, instant chicken bouillon, chicken parts,whole boneless skinless chicken breasts, white chicken meat, boneless skinless chicken breast, low-sodium chicken stock,chicken tenderloins, grilled chicken,dark chicken meat, instant chicken bouillon granules, cooked chicken breast halves, boneless chicken breast,chicken drumsticks, skinless chicken, ""campbells cream of chicken soup"", chicken pieces, unsalted chicken stock, chicken thigh fillets, chicken bouillon granule, free-range chicken,skinless chicken pieces, chicken fat, chicken strips, hot chicken broth, canned chicken broth, whole chicken, whole chickens,rotisserie-cooked chicken, skinless chicken breasts,chicken thigh fillets, fat free chicken broth, chicken breast tenders, chicken bouillon powder,roasting chicken, boneless skinless smoked chicken breasts, grilled chicken breasts, chicken thigh,chicken breast fillet, daikon radish, horseradish, prepared horseradish, radish, horseradish sauce, horseradish cream, red radish, radishes,deep dish pie shell, preserved radish, fresh horseradish, ""emerils kicked up horseradish mustard"", white horseradish, soy sauce, tomato sauce, a.1. original sauce, worcestershire sauce, adobo sauce, spaghetti sauce, thai sweet chili sauce, sriracha sauce, tabasco sauce, picante sauce, pesto sauce, tamari soy sauce, applesauce, hot sauce,spaghetti sauce, hot pepper sauce, hoisin sauce, oyster sauce, reduced sodium soy sauce, low sodium soy sauce, chili-garlic sauce, fish sauce, sweet chili sauce, teriyaki sauce, dark soy sauce, barbecue sauce, soya sauce, red chili sauce, chili sauce,hoisin sauce, sweet soy sauce, vegetarian oyster sauce, light soy sauce, pizza sauce, cranberry sauce, ""franks red hot sauce"", remoulade sauce, liquid hot pepper sauce, pasta sauce, sweet and sour sauce,soya sauce, spaghetti sauce with meat, hollandaise sauce mix, louisiana hot sauce, garlic sauce, green enchilada sauce,soy sauce, red enchilada sauce, pickapeppa sauce, bearnaise sauce mix, seafood cocktail sauce, dark soya sauce, alfredo sauce, cayenne pepper sauce, maggi seasoning sauce, unsweetened applesauce, thai fish sauce,reduced sodium soy sauce, steak sauce,light soy sauce, browning sauce, plum sauce, hunts tomato sauce, tomato and basil pasta sauce, marinara sauce, pork and beans in tomato sauce, three-cheese pasta sauce, ponzu sauce, habanero sauce, ragu tomato sauce, peanut sauce, tabasco brand chipotle pepper sauce, brown bean sauce, szechwan chili sauce, lea & perrins worcestershire sauce,teriyaki sauce, hot red pepper sauce, pinto beans in chili sauce, rag pasta sauce, chinese chili sauce,pesto sauce, curry sauce, bechamel sauce, mint sauce, canned tomato sauce,tomato sauce, yellow bean sauce,fish sauce, caramel sauce, hot chili sauce,chile sauce with garlic, campanelle pasta, orzo pasta, angel hair pasta, rigatoni pasta, cooked pasta, penne pasta,rigatoni pasta, whole wheat pasta, whole wheat angel hair pasta, cavatappi pasta, small shell pasta, dry bow tie pasta, pasta,shell pasta,rotini pasta, jumbo pasta shells,pasta, farfalle pasta, fettuccine pasta, alphabet pasta, rotini pasta, dry penne pasta, ziti pasta, cooked small shell pasta,tri-color spiral pasta, shell pasta,angel hair pasta,pasta noodles']"
57406,steph s savory stewed chicken,"chicken, oil, flour, onions, celery, bell pepper, chicken broth, stewed tomatoes, hot water, bay leaves, garlic, salt, pepper, garlic powder, dried oregano, dried thyme, dried rosemary, onion powder, chives, italian seasoning, seafood seasoning",place,6,"['boneless skinless chicken breasts, chicken broth,chicken breasts, chicken stock, chicken thigh fillet, chicken bouillon cube,chicken thighs, chicken stock cube, reduced-sodium chicken broth, cooked chicken breasts, boneless chicken,boneless chicken breasts, chicken thighs, low-fat chicken broth, chicken, boneless chicken thighs, boneless skinless chicken breasts, cream of chicken soup, organic free range fat free chicken broth, boneless skinless chicken thighs, cooked chicken,chicken broth, boneless skinless chicken breast halves, ground chicken,skinless chicken thighs,chicken tenders,chicken, chicken bouillon cubes,chicken breast halves, chicken base,skinless chicken breasts, low sodium chicken broth, chicken legs, chicken breasts, chicken livers, chicken-flavored ramen noodles, skinless chicken thighs, chicken stock powder, boneless chicken breasts,chicken wings,boneless chicken thighs, boneless chicken breast halves, roasting chickens, chicken giblets, homemade chicken stock,cooked chicken,boneless chicken breast, chicken bouillon, chicken breast,boneless skinless chicken breast, rich chicken broth,chicken breast, cooked chicken breast,skinless chicken breast, skinless chicken leg quarters,boneless skinless chicken breast halves, rotisserie-cooked chicken, boneless skinless chicken legs, skinless chicken breast half, whole chicken breasts,skinless chicken piece,skinless chicken drumsticks, chicken tenders,skinless chicken,chicken stock, skinless chicken breast,chicken fillets,chicken pieces,whole chicken,chicken piece, chicken breast fillets,ground chicken,whole chickens, boneless skinless chicken,boneless skinless chicken thighs,boneless chicken,swanson chicken broth, reduced-sodium fat-free chicken broth,roasting chickens, chicken legs-thighs, grilled chicken breast, chicken drumsticks, skinless chicken legs, chicken stock cubes, fat-free chicken broth,whole chicken breasts, chicken wings, vegetarian chicken pieces,chicken breast fillets,chicken legs, condensed cream of chicken soup, fat-free low-sodium chicken broth, chicken breast halves, instant chicken bouillon, chicken parts,whole boneless skinless chicken breasts, white chicken meat, boneless skinless chicken breast, low-sodium chicken stock,chicken tenderloins, grilled chicken,dark chicken meat, instant chicken bouillon granules, cooked chicken breast halves, boneless chicken breast,chicken drumsticks, skinless chicken, ""campbells cream of chicken soup"", chicken pieces, unsalted chicken stock, chicken thigh fillets, chicken bouillon granule, free-range chicken,skinless chicken pieces, chicken fat, chicken strips, hot chicken broth, canned chicken broth, whole chicken, whole chickens,rotisserie-cooked chicken, skinless chicken breasts,chicken thigh fillets, fat free chicken broth, chicken breast tenders, chicken bouillon powder,roasting chicken, boneless skinless smoked chicken breasts, grilled chicken breasts, chicken thigh,chicken breast fillet, daikon radish, horseradish, prepared horseradish, radish, horseradish sauce, horseradish cream, red radish, radishes,deep dish pie shell, preserved radish, fresh horseradish, ""emerils kicked up horseradish mustard"", white horseradish, soy sauce, tomato sauce, a.1. original sauce, worcestershire sauce, adobo sauce, spaghetti sauce, thai sweet chili sauce, sriracha sauce, tabasco sauce, picante sauce, pesto sauce, tamari soy sauce, applesauce, hot sauce,spaghetti sauce, hot pepper sauce, hoisin sauce, oyster sauce, reduced sodium soy sauce, low sodium soy sauce, chili-garlic sauce, fish sauce, sweet chili sauce, teriyaki sauce, dark soy sauce, barbecue sauce, soya sauce, red chili sauce, chili sauce,hoisin sauce, sweet soy sauce, vegetarian oyster sauce, light soy sauce, pizza sauce, cranberry sauce, ""franks red hot sauce"", remoulade sauce, liquid hot pepper sauce, pasta sauce, sweet and sour sauce,soya sauce, spaghetti sauce with meat, hollandaise sauce mix, louisiana hot sauce, garlic sauce, green enchilada sauce,soy sauce, red enchilada sauce, pickapeppa sauce, bearnaise sauce mix, seafood cocktail sauce, dark soya sauce, alfredo sauce, cayenne pepper sauce, maggi seasoning sauce, unsweetened applesauce, thai fish sauce,reduced sodium soy sauce, steak sauce,light soy sauce, browning sauce, plum sauce, hunts tomato sauce, tomato and basil pasta sauce, marinara sauce, pork and beans in tomato sauce, three-cheese pasta sauce, ponzu sauce, habanero sauce, ragu tomato sauce, peanut sauce, tabasco brand chipotle pepper sauce, brown bean sauce, szechwan chili sauce, lea & perrins worcestershire sauce,teriyaki sauce, hot red pepper sauce, pinto beans in chili sauce, rag pasta sauce, chinese chili sauce,pesto sauce, curry sauce, bechamel sauce, mint sauce, canned tomato sauce,tomato sauce, yellow bean sauce,fish sauce, caramel sauce, hot chili sauce,chile sauce with garlic, campanelle pasta, orzo pasta, angel hair pasta, rigatoni pasta, cooked pasta, penne pasta,rigatoni pasta, whole wheat pasta, whole wheat angel hair pasta, cavatappi pasta, small shell pasta, dry bow tie pasta, pasta,shell pasta,rotini pasta, jumbo pasta shells,pasta, farfalle pasta, fettuccine pasta, alphabet pasta, rotini pasta, dry penne pasta, ziti pasta, cooked small shell pasta,tri-color spiral pasta, shell pasta,angel hair pasta,pasta noodles']"
57406,steph s savory stewed chicken,"chicken, oil, flour, onions, celery, bell pepper, chicken broth, stewed tomatoes, hot water, bay leaves, garlic, salt, pepper, garlic powder, dried oregano, dried thyme, dried rosemary, onion powder, chives, italian seasoning, seafood seasoning",serve,6,"['boneless skinless chicken breasts, chicken broth,chicken breasts, chicken stock, chicken thigh fillet, chicken bouillon cube,chicken thighs, chicken stock cube, reduced-sodium chicken broth, cooked chicken breasts, boneless chicken,boneless chicken breasts, chicken thighs, low-fat chicken broth, chicken, boneless chicken thighs, boneless skinless chicken breasts, cream of chicken soup, organic free range fat free chicken broth, boneless skinless chicken thighs, cooked chicken,chicken broth, boneless skinless chicken breast halves, ground chicken,skinless chicken thighs,chicken tenders,chicken, chicken bouillon cubes,chicken breast halves, chicken base,skinless chicken breasts, low sodium chicken broth, chicken legs, chicken breasts, chicken livers, chicken-flavored ramen noodles, skinless chicken thighs, chicken stock powder, boneless chicken breasts,chicken wings,boneless chicken thighs, boneless chicken breast halves, roasting chickens, chicken giblets, homemade chicken stock,cooked chicken,boneless chicken breast, chicken bouillon, chicken breast,boneless skinless chicken breast, rich chicken broth,chicken breast, cooked chicken breast,skinless chicken breast, skinless chicken leg quarters,boneless skinless chicken breast halves, rotisserie-cooked chicken, boneless skinless chicken legs, skinless chicken breast half, whole chicken breasts,skinless chicken piece,skinless chicken drumsticks, chicken tenders,skinless chicken,chicken stock, skinless chicken breast,chicken fillets,chicken pieces,whole chicken,chicken piece, chicken breast fillets,ground chicken,whole chickens, boneless skinless chicken,boneless skinless chicken thighs,boneless chicken,swanson chicken broth, reduced-sodium fat-free chicken broth,roasting chickens, chicken legs-thighs, grilled chicken breast, chicken drumsticks, skinless chicken legs, chicken stock cubes, fat-free chicken broth,whole chicken breasts, chicken wings, vegetarian chicken pieces,chicken breast fillets,chicken legs, condensed cream of chicken soup, fat-free low-sodium chicken broth, chicken breast halves, instant chicken bouillon, chicken parts,whole boneless skinless chicken breasts, white chicken meat, boneless skinless chicken breast, low-sodium chicken stock,chicken tenderloins, grilled chicken,dark chicken meat, instant chicken bouillon granules, cooked chicken breast halves, boneless chicken breast,chicken drumsticks, skinless chicken, ""campbells cream of chicken soup"", chicken pieces, unsalted chicken stock, chicken thigh fillets, chicken bouillon granule, free-range chicken,skinless chicken pieces, chicken fat, chicken strips, hot chicken broth, canned chicken broth, whole chicken, whole chickens,rotisserie-cooked chicken, skinless chicken breasts,chicken thigh fillets, fat free chicken broth, chicken breast tenders, chicken bouillon powder,roasting chicken, boneless skinless smoked chicken breasts, grilled chicken breasts, chicken thigh,chicken breast fillet, daikon radish, horseradish, prepared horseradish, radish, horseradish sauce, horseradish cream, red radish, radishes,deep dish pie shell, preserved radish, fresh horseradish, ""emerils kicked up horseradish mustard"", white horseradish, soy sauce, tomato sauce, a.1. original sauce, worcestershire sauce, adobo sauce, spaghetti sauce, thai sweet chili sauce, sriracha sauce, tabasco sauce, picante sauce, pesto sauce, tamari soy sauce, applesauce, hot sauce,spaghetti sauce, hot pepper sauce, hoisin sauce, oyster sauce, reduced sodium soy sauce, low sodium soy sauce, chili-garlic sauce, fish sauce, sweet chili sauce, teriyaki sauce, dark soy sauce, barbecue sauce, soya sauce, red chili sauce, chili sauce,hoisin sauce, sweet soy sauce, vegetarian oyster sauce, light soy sauce, pizza sauce, cranberry sauce, ""franks red hot sauce"", remoulade sauce, liquid hot pepper sauce, pasta sauce, sweet and sour sauce,soya sauce, spaghetti sauce with meat, hollandaise sauce mix, louisiana hot sauce, garlic sauce, green enchilada sauce,soy sauce, red enchilada sauce, pickapeppa sauce, bearnaise sauce mix, seafood cocktail sauce, dark soya sauce, alfredo sauce, cayenne pepper sauce, maggi seasoning sauce, unsweetened applesauce, thai fish sauce,reduced sodium soy sauce, steak sauce,light soy sauce, browning sauce, plum sauce, hunts tomato sauce, tomato and basil pasta sauce, marinara sauce, pork and beans in tomato sauce, three-cheese pasta sauce, ponzu sauce, habanero sauce, ragu tomato sauce, peanut sauce, tabasco brand chipotle pepper sauce, brown bean sauce, szechwan chili sauce, lea & perrins worcestershire sauce,teriyaki sauce, hot red pepper sauce, pinto beans in chili sauce, rag pasta sauce, chinese chili sauce,pesto sauce, curry sauce, bechamel sauce, mint sauce, canned tomato sauce,tomato sauce, yellow bean sauce,fish sauce, caramel sauce, hot chili sauce,chile sauce with garlic, campanelle pasta, orzo pasta, angel hair pasta, rigatoni pasta, cooked pasta, penne pasta,rigatoni pasta, whole wheat pasta, whole wheat angel hair pasta, cavatappi pasta, small shell pasta, dry bow tie pasta, pasta,shell pasta,rotini pasta, jumbo pasta shells,pasta, farfalle pasta, fettuccine pasta, alphabet pasta, rotini pasta, dry penne pasta, ziti pasta, cooked small shell pasta,tri-color spiral pasta, shell pasta,angel hair pasta,pasta noodles']"
57406,steph s savory stewed chicken,"chicken, oil, flour, onions, celery, bell pepper, chicken broth, stewed tomatoes, hot water, bay leaves, garlic, salt, pepper, garlic powder, dried oregano, dried thyme, dried rosemary, onion powder, chives, italian seasoning, seafood seasoning",shredded,7,"['boneless skinless chicken breasts, chicken broth,chicken breasts, chicken stock, chicken thigh fillet, chicken bouillon cube,chicken thighs, chicken stock cube, reduced-sodium chicken broth, cooked chicken breasts, boneless chicken,boneless chicken breasts, chicken thighs, low-fat chicken broth, chicken, boneless chicken thighs, boneless skinless chicken breasts, cream of chicken soup, organic free range fat free chicken broth, boneless skinless chicken thighs, cooked chicken,chicken broth, boneless skinless chicken breast halves, ground chicken,skinless chicken thighs,chicken tenders,chicken, chicken bouillon cubes,chicken breast halves, chicken base,skinless chicken breasts, low sodium chicken broth, chicken legs, chicken breasts, chicken livers, chicken-flavored ramen noodles, skinless chicken thighs, chicken stock powder, boneless chicken breasts,chicken wings,boneless chicken thighs, boneless chicken breast halves, roasting chickens, chicken giblets, homemade chicken stock,cooked chicken,boneless chicken breast, chicken bouillon, chicken breast,boneless skinless chicken breast, rich chicken broth,chicken breast, cooked chicken breast,skinless chicken breast, skinless chicken leg quarters,boneless skinless chicken breast halves, rotisserie-cooked chicken, boneless skinless chicken legs, skinless chicken breast half, whole chicken breasts,skinless chicken piece,skinless chicken drumsticks, chicken tenders,skinless chicken,chicken stock, skinless chicken breast,chicken fillets,chicken pieces,whole chicken,chicken piece, chicken breast fillets,ground chicken,whole chickens, boneless skinless chicken,boneless skinless chicken thighs,boneless chicken,swanson chicken broth, reduced-sodium fat-free chicken broth,roasting chickens, chicken legs-thighs, grilled chicken breast, chicken drumsticks, skinless chicken legs, chicken stock cubes, fat-free chicken broth,whole chicken breasts, chicken wings, vegetarian chicken pieces,chicken breast fillets,chicken legs, condensed cream of chicken soup, fat-free low-sodium chicken broth, chicken breast halves, instant chicken bouillon, chicken parts,whole boneless skinless chicken breasts, white chicken meat, boneless skinless chicken breast, low-sodium chicken stock,chicken tenderloins, grilled chicken,dark chicken meat, instant chicken bouillon granules, cooked chicken breast halves, boneless chicken breast,chicken drumsticks, skinless chicken, ""campbells cream of chicken soup"", chicken pieces, unsalted chicken stock, chicken thigh fillets, chicken bouillon granule, free-range chicken,skinless chicken pieces, chicken fat, chicken strips, hot chicken broth, canned chicken broth, whole chicken, whole chickens,rotisserie-cooked chicken, skinless chicken breasts,chicken thigh fillets, fat free chicken broth, chicken breast tenders, chicken bouillon powder,roasting chicken, boneless skinless smoked chicken breasts, grilled chicken breasts, chicken thigh,chicken breast fillet, campanelle pasta, orzo pasta, angel hair pasta, rigatoni pasta, cooked pasta, pasta sauce, penne pasta,rigatoni pasta, whole wheat pasta, whole wheat angel hair pasta, cavatappi pasta, small shell pasta, dry bow tie pasta, pasta,shell pasta,rotini pasta, jumbo pasta shells,pasta, farfalle pasta, fettuccine pasta, alphabet pasta, rotini pasta, tomato and basil pasta sauce, dry penne pasta, ziti pasta, three-cheese pasta sauce, cooked small shell pasta, rag pasta sauce,tri-color spiral pasta, shell pasta,angel hair pasta,pasta noodles']"
57406,steph s savory stewed chicken,"chicken, oil, flour, onions, celery, bell pepper, chicken broth, stewed tomatoes, hot water, bay leaves, garlic, salt, pepper, garlic powder, dried oregano, dried thyme, dried rosemary, onion powder, chives, italian seasoning, seafood seasoning",chunked,7,"['boneless skinless chicken breasts, chicken broth,chicken breasts, chicken stock, chicken thigh fillet, chicken bouillon cube,chicken thighs, chicken stock cube, reduced-sodium chicken broth, cooked chicken breasts, boneless chicken,boneless chicken breasts, chicken thighs, low-fat chicken broth, chicken, boneless chicken thighs, boneless skinless chicken breasts, cream of chicken soup, organic free range fat free chicken broth, boneless skinless chicken thighs, cooked chicken,chicken broth, boneless skinless chicken breast halves, ground chicken,skinless chicken thighs,chicken tenders,chicken, chicken bouillon cubes,chicken breast halves, chicken base,skinless chicken breasts, low sodium chicken broth, chicken legs, chicken breasts, chicken livers, chicken-flavored ramen noodles, skinless chicken thighs, chicken stock powder, boneless chicken breasts,chicken wings,boneless chicken thighs, boneless chicken breast halves, roasting chickens, chicken giblets, homemade chicken stock,cooked chicken,boneless chicken breast, chicken bouillon, chicken breast,boneless skinless chicken breast, rich chicken broth,chicken breast, cooked chicken breast,skinless chicken breast, skinless chicken leg quarters,boneless skinless chicken breast halves, rotisserie-cooked chicken, boneless skinless chicken legs, skinless chicken breast half, whole chicken breasts,skinless chicken piece,skinless chicken drumsticks, chicken tenders,skinless chicken,chicken stock, skinless chicken breast,chicken fillets,chicken pieces,whole chicken,chicken piece, chicken breast fillets,ground chicken,whole chickens, boneless skinless chicken,boneless skinless chicken thighs,boneless chicken,swanson chicken broth, reduced-sodium fat-free chicken broth,roasting chickens, chicken legs-thighs, grilled chicken breast, chicken drumsticks, skinless chicken legs, chicken stock cubes, fat-free chicken broth,whole chicken breasts, chicken wings, vegetarian chicken pieces,chicken breast fillets,chicken legs, condensed cream of chicken soup, fat-free low-sodium chicken broth, chicken breast halves, instant chicken bouillon, chicken parts,whole boneless skinless chicken breasts, white chicken meat, boneless skinless chicken breast, low-sodium chicken stock,chicken tenderloins, grilled chicken,dark chicken meat, instant chicken bouillon granules, cooked chicken breast halves, boneless chicken breast,chicken drumsticks, skinless chicken, ""campbells cream of chicken soup"", chicken pieces, unsalted chicken stock, chicken thigh fillets, chicken bouillon granule, free-range chicken,skinless chicken pieces, chicken fat, chicken strips, hot chicken broth, canned chicken broth, whole chicken, whole chickens,rotisserie-cooked chicken, skinless chicken breasts,chicken thigh fillets, fat free chicken broth, chicken breast tenders, chicken bouillon powder,roasting chicken, boneless skinless smoked chicken breasts, grilled chicken breasts, chicken thigh,chicken breast fillet, campanelle pasta, orzo pasta, angel hair pasta, rigatoni pasta, cooked pasta, pasta sauce, penne pasta,rigatoni pasta, whole wheat pasta, whole wheat angel hair pasta, cavatappi pasta, small shell pasta, dry bow tie pasta, pasta,shell pasta,rotini pasta, jumbo pasta shells,pasta, farfalle pasta, fettuccine pasta, alphabet pasta, rotini pasta, tomato and basil pasta sauce, dry penne pasta, ziti pasta, three-cheese pasta sauce, cooked small shell pasta, rag pasta sauce,tri-color spiral pasta, shell pasta,angel hair pasta,pasta noodles']"
57406,steph s savory stewed chicken,"chicken, oil, flour, onions, celery, bell pepper, chicken broth, stewed tomatoes, hot water, bay leaves, garlic, salt, pepper, garlic powder, dried oregano, dried thyme, dried rosemary, onion powder, chives, italian seasoning, seafood seasoning",served,7,"['boneless skinless chicken breasts, chicken broth,chicken breasts, chicken stock, chicken thigh fillet, chicken bouillon cube,chicken thighs, chicken stock cube, reduced-sodium chicken broth, cooked chicken breasts, boneless chicken,boneless chicken breasts, chicken thighs, low-fat chicken broth, chicken, boneless chicken thighs, boneless skinless chicken breasts, cream of chicken soup, organic free range fat free chicken broth, boneless skinless chicken thighs, cooked chicken,chicken broth, boneless skinless chicken breast halves, ground chicken,skinless chicken thighs,chicken tenders,chicken, chicken bouillon cubes,chicken breast halves, chicken base,skinless chicken breasts, low sodium chicken broth, chicken legs, chicken breasts, chicken livers, chicken-flavored ramen noodles, skinless chicken thighs, chicken stock powder, boneless chicken breasts,chicken wings,boneless chicken thighs, boneless chicken breast halves, roasting chickens, chicken giblets, homemade chicken stock,cooked chicken,boneless chicken breast, chicken bouillon, chicken breast,boneless skinless chicken breast, rich chicken broth,chicken breast, cooked chicken breast,skinless chicken breast, skinless chicken leg quarters,boneless skinless chicken breast halves, rotisserie-cooked chicken, boneless skinless chicken legs, skinless chicken breast half, whole chicken breasts,skinless chicken piece,skinless chicken drumsticks, chicken tenders,skinless chicken,chicken stock, skinless chicken breast,chicken fillets,chicken pieces,whole chicken,chicken piece, chicken breast fillets,ground chicken,whole chickens, boneless skinless chicken,boneless skinless chicken thighs,boneless chicken,swanson chicken broth, reduced-sodium fat-free chicken broth,roasting chickens, chicken legs-thighs, grilled chicken breast, chicken drumsticks, skinless chicken legs, chicken stock cubes, fat-free chicken broth,whole chicken breasts, chicken wings, vegetarian chicken pieces,chicken breast fillets,chicken legs, condensed cream of chicken soup, fat-free low-sodium chicken broth, chicken breast halves, instant chicken bouillon, chicken parts,whole boneless skinless chicken breasts, white chicken meat, boneless skinless chicken breast, low-sodium chicken stock,chicken tenderloins, grilled chicken,dark chicken meat, instant chicken bouillon granules, cooked chicken breast halves, boneless chicken breast,chicken drumsticks, skinless chicken, ""campbells cream of chicken soup"", chicken pieces, unsalted chicken stock, chicken thigh fillets, chicken bouillon granule, free-range chicken,skinless chicken pieces, chicken fat, chicken strips, hot chicken broth, canned chicken broth, whole chicken, whole chickens,rotisserie-cooked chicken, skinless chicken breasts,chicken thigh fillets, fat free chicken broth, chicken breast tenders, chicken bouillon powder,roasting chicken, boneless skinless smoked chicken breasts, grilled chicken breasts, chicken thigh,chicken breast fillet, campanelle pasta, orzo pasta, angel hair pasta, rigatoni pasta, cooked pasta, pasta sauce, penne pasta,rigatoni pasta, whole wheat pasta, whole wheat angel hair pasta, cavatappi pasta, small shell pasta, dry bow tie pasta, pasta,shell pasta,rotini pasta, jumbo pasta shells,pasta, farfalle pasta, fettuccine pasta, alphabet pasta, rotini pasta, tomato and basil pasta sauce, dry penne pasta, ziti pasta, three-cheese pasta sauce, cooked small shell pasta, rag pasta sauce,tri-color spiral pasta, shell pasta,angel hair pasta,pasta noodles']"
