Id,Name,AllIngredients,Verbs,Steps,Ingredient
68318,black bean and corn salad with grilled chicken,"olive oil, lemon juice, garlic cloves, fresh cilantro, lemon zest, red pepper, cumin, chili powder, salt, boneless chicken breast halves, black beans, corn, green onion, red onion, fresh parsley, tomatoes, oil, lime juice, ground cumin, salt and pepper",mix,1,{}
68318,black bean and corn salad with grilled chicken,"olive oil, lemon juice, garlic cloves, fresh cilantro, lemon zest, red pepper, cumin, chili powder, salt, boneless chicken breast halves, black beans, corn, green onion, red onion, fresh parsley, tomatoes, oil, lime juice, ground cumin, salt and pepper",marinate,1,"['boneless skinless chicken breasts, chicken broth,chicken breasts, chicken stock, chicken thigh fillet, chicken bouillon cube,chicken thighs, chicken stock cube, reduced-sodium chicken broth, cooked chicken breasts, boneless chicken,boneless chicken breasts, chicken thighs, low-fat chicken broth, chicken, boneless chicken thighs, boneless skinless chicken breasts, cream of chicken soup, organic free range fat free chicken broth, boneless skinless chicken thighs, cooked chicken,chicken broth, boneless skinless chicken breast halves, ground chicken,skinless chicken thighs,chicken tenders,chicken, chicken bouillon cubes,chicken breast halves, chicken base,skinless chicken breasts, low sodium chicken broth, chicken legs, chicken breasts, chicken livers, chicken-flavored ramen noodles, skinless chicken thighs, chicken stock powder, boneless chicken breasts,chicken wings,boneless chicken thighs, boneless chicken breast halves']"
68318,black bean and corn salad with grilled chicken,"olive oil, lemon juice, garlic cloves, fresh cilantro, lemon zest, red pepper, cumin, chili powder, salt, boneless chicken breast halves, black beans, corn, green onion, red onion, fresh parsley, tomatoes, oil, lime juice, ground cumin, salt and pepper",flavorfull,1,"['boneless skinless chicken breasts, chicken broth,chicken breasts, chicken stock, chicken thigh fillet, chicken bouillon cube,chicken thighs, chicken stock cube, reduced-sodium chicken broth, cooked chicken breasts, boneless chicken,boneless chicken breasts, chicken thighs, low-fat chicken broth, chicken, boneless chicken thighs, boneless skinless chicken breasts, cream of chicken soup, organic free range fat free chicken broth, boneless skinless chicken thighs, cooked chicken,chicken broth, boneless skinless chicken breast halves, ground chicken,skinless chicken thighs,chicken tenders,chicken, chicken bouillon cubes,chicken breast halves, chicken base,skinless chicken breasts, low sodium chicken broth, chicken legs, chicken breasts, chicken livers, chicken-flavored ramen noodles, skinless chicken thighs, chicken stock powder, boneless chicken breasts,chicken wings,boneless chicken thighs, boneless chicken breast halves']"
68318,black bean and corn salad with grilled chicken,"olive oil, lemon juice, garlic cloves, fresh cilantro, lemon zest, red pepper, cumin, chili powder, salt, boneless chicken breast halves, black beans, corn, green onion, red onion, fresh parsley, tomatoes, oil, lime juice, ground cumin, salt and pepper",adding,2,"[' mixed mushrooms, mixed sprouts, mixed salad greens, mixed candied fruit, mixed italian herbs, hidden valley original ranch seasoning mix, mixed fruit, corn muffin mix, coleslaw mix, salad greens, salad dressing, canola oil, peanut oil, olive oil, vegetable oil,olive oil, extra virgin olive oil, boiling water, sesame oil,peanut oil, palm oil,canola oil, sunflower oil,light olive oil, oil, hard-boiled egg, chili oil, toasted sesame oil, light vegetable oil,oil, rapeseed oil,crab boil seasoning, cooking oil, hard-boiled eggs, sesame seed oil, lime juice, fresh lime juice, lime, lime wedge, limes, dried limes, fresh lime leaves, lime rind, lime wedges, lime zest, juice of, orange juice, lemon juice, apple juice, fresh orange juice, fresh lemon juice, diced tomatoes with juice, unsweetened pineapple juice, mango juice, tomato juice, pineapple juice, pineapple chunks in juice, clamato juice']"
68318,black bean and corn salad with grilled chicken,"olive oil, lemon juice, garlic cloves, fresh cilantro, lemon zest, red pepper, cumin, chili powder, salt, boneless chicken breast halves, black beans, corn, green onion, red onion, fresh parsley, tomatoes, oil, lime juice, ground cumin, salt and pepper",serve,3,"['boneless skinless chicken breasts, chicken broth,chicken breasts, chicken stock, chicken thigh fillet, chicken bouillon cube,chicken thighs, chicken stock cube, reduced-sodium chicken broth, cooked chicken breasts, boneless chicken,boneless chicken breasts, chicken thighs, low-fat chicken broth, chicken, boneless chicken thighs, boneless skinless chicken breasts, cream of chicken soup, organic free range fat free chicken broth, boneless skinless chicken thighs, cooked chicken,chicken broth, boneless skinless chicken breast halves, ground chicken,skinless chicken thighs,chicken tenders,chicken, chicken bouillon cubes,chicken breast halves, chicken base,skinless chicken breasts, low sodium chicken broth, chicken legs, chicken breasts, chicken livers, chicken-flavored ramen noodles, skinless chicken thighs, chicken stock powder, boneless chicken breasts,chicken wings,boneless chicken thighs, boneless chicken breast halves, sliced mushrooms, sliced almonds, sliced water chestnuts, sliced ripe olives, orange slice, boneless pork top loin, salad greens, mixed salad greens, salad dressing']"
