Id,Name,AllIngredients,Verbs,Steps,Ingredient
85867,curried okra  mushrooms and garbanzo beans,"garlic, fresh gingerroot, red chilies, water, safflower oil, coriander seeds, cumin seed, ground cumin, green cardamom pods, ground turmeric, chopped tomatoes, mushroom, garbanzo beans, okra, cilantro, mango, yellow onion, gingerroot, red chile, salt, sugar",want,1,"[' sweet pickle relish, relish, pickle relish, mango, mango juice, mango powder, mangoes, mango chutney, mangoes in juice, pineapple-mango jam, fresh mango,pumpkin flesh, pitted black olives, pita breads,pita bread, pita bread, pita bread rounds']"
85867,curried okra  mushrooms and garbanzo beans,"garlic, fresh gingerroot, red chilies, water, safflower oil, coriander seeds, cumin seed, ground cumin, green cardamom pods, ground turmeric, chopped tomatoes, mushroom, garbanzo beans, okra, cilantro, mango, yellow onion, gingerroot, red chile, salt, sugar",peel,1,"[' sweet pickle relish, relish, pickle relish, mango, mango juice, mango powder, mangoes, mango chutney, mangoes in juice, pineapple-mango jam, fresh mango,pumpkin flesh, pitted black olives, pita breads,pita bread, pita bread, pita bread rounds']"
85867,curried okra  mushrooms and garbanzo beans,"garlic, fresh gingerroot, red chilies, water, safflower oil, coriander seeds, cumin seed, ground cumin, green cardamom pods, ground turmeric, chopped tomatoes, mushroom, garbanzo beans, okra, cilantro, mango, yellow onion, gingerroot, red chile, salt, sugar",cut,1,"[' sweet pickle relish, relish, pickle relish, mango, mango juice, mango powder, mangoes, mango chutney, mangoes in juice, pineapple-mango jam, fresh mango,pumpkin flesh, pitted black olives, pita breads,pita bread, pita bread, pita bread rounds']"
85867,curried okra  mushrooms and garbanzo beans,"garlic, fresh gingerroot, red chilies, water, safflower oil, coriander seeds, cumin seed, ground cumin, green cardamom pods, ground turmeric, chopped tomatoes, mushroom, garbanzo beans, okra, cilantro, mango, yellow onion, gingerroot, red chile, salt, sugar",process,2,"[' vegan egg replacer powder, mango, mango juice, mango powder, mangoes, mango chutney, mangoes in juice, pineapple-mango jam, fresh mango, red food coloring, yellow food coloring, green food coloring, orange food coloring, seafood stock, seafood cocktail sauce']"
85867,curried okra  mushrooms and garbanzo beans,"garlic, fresh gingerroot, red chilies, water, safflower oil, coriander seeds, cumin seed, ground cumin, green cardamom pods, ground turmeric, chopped tomatoes, mushroom, garbanzo beans, okra, cilantro, mango, yellow onion, gingerroot, red chile, salt, sugar",mash,2,"[' vegan egg replacer powder, mango, mango juice, mango powder, mangoes, mango chutney, mangoes in juice, pineapple-mango jam, fresh mango, red food coloring, yellow food coloring, green food coloring, orange food coloring, seafood stock, seafood cocktail sauce']"
85867,curried okra  mushrooms and garbanzo beans,"garlic, fresh gingerroot, red chilies, water, safflower oil, coriander seeds, cumin seed, ground cumin, green cardamom pods, ground turmeric, chopped tomatoes, mushroom, garbanzo beans, okra, cilantro, mango, yellow onion, gingerroot, red chile, salt, sugar",choose,2,"[' vegan egg replacer powder, mango, mango juice, mango powder, mangoes, mango chutney, mangoes in juice, pineapple-mango jam, fresh mango, red food coloring, yellow food coloring, green food coloring, orange food coloring, seafood stock, seafood cocktail sauce']"
85867,curried okra  mushrooms and garbanzo beans,"garlic, fresh gingerroot, red chilies, water, safflower oil, coriander seeds, cumin seed, ground cumin, green cardamom pods, ground turmeric, chopped tomatoes, mushroom, garbanzo beans, okra, cilantro, mango, yellow onion, gingerroot, red chile, salt, sugar",do,2,"[' vegan egg replacer powder, mango, mango juice, mango powder, mangoes, mango chutney, mangoes in juice, pineapple-mango jam, fresh mango, red food coloring, yellow food coloring, green food coloring, orange food coloring, seafood stock, seafood cocktail sauce']"
85867,curried okra  mushrooms and garbanzo beans,"garlic, fresh gingerroot, red chilies, water, safflower oil, coriander seeds, cumin seed, ground cumin, green cardamom pods, ground turmeric, chopped tomatoes, mushroom, garbanzo beans, okra, cilantro, mango, yellow onion, gingerroot, red chile, salt, sugar",set,3,"[' mixed mushrooms, mixed sprouts, mixed salad greens, mixed candied fruit, mixed italian herbs, hidden valley original ranch seasoning mix, mixed fruit, corn muffin mix, coleslaw mix, mixed baby greens, mixed salad green, zatarians gumbo base mix, packaged coleslaw mix,mixed greens, parmesan-romano cheese mix, hollandaise sauce mix, hidden valley original ranch dips mix, biscuit mix, broccoli slaw mix, cornbread mix, mixed greens, mixed spice, bearnaise sauce mix, mixed herbs']"
85867,curried okra  mushrooms and garbanzo beans,"garlic, fresh gingerroot, red chilies, water, safflower oil, coriander seeds, cumin seed, ground cumin, green cardamom pods, ground turmeric, chopped tomatoes, mushroom, garbanzo beans, okra, cilantro, mango, yellow onion, gingerroot, red chile, salt, sugar",place,4,"[' curry powder, dried curry leaves, curry leaves, madras curry powder, curry paste, mild curry powder, curry leaf, mild curry paste, curry, red curry paste,curry powder, thai curry paste, thai red curry paste, red food coloring, yellow food coloring, green food coloring, orange food coloring, seafood stock, seafood cocktail sauce, fresh garlic, garlic, garlic clove, garlic cloves, garlic powder, minced garlic cloves, fresh garlic cloves, garlic granules, garlic salt, granulated garlic, chili-garlic sauce, garlic paste, ginger-garlic paste,garlic clove, cream cheese with garlic and herbs, bulbs of garlic,garlic, garlic pepper seasoning, chili paste with garlic,garlic cloves, diced tomatoes with basil and garlic, garlic chives, garlic sauce, minced garlic clove, bulb of garlic, roasted garlic, fresh ginger, ginger, ground ginger, candied ginger,fresh ginger, minced ginger, crystallized ginger, ginger paste, ginger powder, gingerroot, fresh gingerroot, powdered ginger, ginger juice,gingerroot, jalapeno chiles,chipotle chiles in adobo, poblano chiles, pureed chipotle chiles, dried thai chiles,poblano chiles, thai chiles, chipotle chiles, chipotle chiles in adobo, dried new mexico chiles, water, boiling water, seltzer water, hot water, cold water, warm water,warm water, sliced water chestnuts,water, water chestnuts, ice water, tap water, water chestnut,hot water, rose water, watercress,coconut water, bottled water, processed cheese']"
85867,curried okra  mushrooms and garbanzo beans,"garlic, fresh gingerroot, red chilies, water, safflower oil, coriander seeds, cumin seed, ground cumin, green cardamom pods, ground turmeric, chopped tomatoes, mushroom, garbanzo beans, okra, cilantro, mango, yellow onion, gingerroot, red chile, salt, sugar",heat,5,"[' canola oil, peanut oil, olive oil, vegetable oil,olive oil, extra virgin olive oil, boiling water, sesame oil,peanut oil, palm oil,canola oil, sunflower oil,light olive oil, oil, hard-boiled egg, chili oil, toasted sesame oil, light vegetable oil,oil, rapeseed oil,crab boil seasoning, cooking oil, hard-boiled eggs, sesame seed oil,safflower oil, boiled ham, salad oil, boiled potatoes,vegetable oil, crab boil seasoning, crab boil, coconut oil, olive oil flavored cooking spray,extra virgin olive oil, dark sesame oil, corn oil,sesame oil,olive oil flavored cooking spray, light olive oil, sun-dried tomato packed in oil,grapeseed oil, hardboiled egg, hot chili oil,no-boil lasagna noodles,coconut oil, safflower oil, ground coriander, coriander, coriander leaves, coriander seeds, coriander seed, coriander powder, coriander sprigs, fresh coriander leaves, fresh coriander, dried coriander,coriander seed, coriander root, sesame seeds, cumin seeds, fenugreek seeds, mustard seeds, annatto seeds, fennel seeds, poppy seeds, toasted sesame seeds, roasted sesame seeds, sunflower seeds, whole cumin seeds, pumpkin seeds, yellow mustard seeds, white poppy seeds, black mustard seeds, hamburger buns with sesame seeds, white sesame seeds, cumin, ground cumin, cumin seed, cumin powder,cumin,ground cumin, bacon bits, pineapple tidbits, bittersweet chocolate']"
85867,curried okra  mushrooms and garbanzo beans,"garlic, fresh gingerroot, red chilies, water, safflower oil, coriander seeds, cumin seed, ground cumin, green cardamom pods, ground turmeric, chopped tomatoes, mushroom, garbanzo beans, okra, cilantro, mango, yellow onion, gingerroot, red chile, salt, sugar",add,5,"[' canola oil, peanut oil, olive oil, vegetable oil,olive oil, extra virgin olive oil, boiling water, sesame oil,peanut oil, palm oil,canola oil, sunflower oil,light olive oil, oil, hard-boiled egg, chili oil, toasted sesame oil, light vegetable oil,oil, rapeseed oil,crab boil seasoning, cooking oil, hard-boiled eggs, sesame seed oil,safflower oil, boiled ham, salad oil, boiled potatoes,vegetable oil, crab boil seasoning, crab boil, coconut oil, olive oil flavored cooking spray,extra virgin olive oil, dark sesame oil, corn oil,sesame oil,olive oil flavored cooking spray, light olive oil, sun-dried tomato packed in oil,grapeseed oil, hardboiled egg, hot chili oil,no-boil lasagna noodles,coconut oil, safflower oil, ground coriander, coriander, coriander leaves, coriander seeds, coriander seed, coriander powder, coriander sprigs, fresh coriander leaves, fresh coriander, dried coriander,coriander seed, coriander root, sesame seeds, cumin seeds, fenugreek seeds, mustard seeds, annatto seeds, fennel seeds, poppy seeds, toasted sesame seeds, roasted sesame seeds, sunflower seeds, whole cumin seeds, pumpkin seeds, yellow mustard seeds, white poppy seeds, black mustard seeds, hamburger buns with sesame seeds, white sesame seeds, cumin, ground cumin, cumin seed, cumin powder,cumin,ground cumin, bacon bits, pineapple tidbits, bittersweet chocolate']"
85867,curried okra  mushrooms and garbanzo beans,"garlic, fresh gingerroot, red chilies, water, safflower oil, coriander seeds, cumin seed, ground cumin, green cardamom pods, ground turmeric, chopped tomatoes, mushroom, garbanzo beans, okra, cilantro, mango, yellow onion, gingerroot, red chile, salt, sugar",add,6,"[' fresh coarse ground black pepper, ground cinnamon, ground cloves, ground cumin, ground coriander, ground cayenne pepper,ground sirloin, ground turkey, ground pork, fresh ground black pepper, ground beef round, ground cardamom, ground beef, ground ginger, ground nutmeg, salt & freshly ground black pepper, lean ground beef, ground allspice, ground red pepper, ground black pepper, ground turmeric, ground fenugreek, kosher salt & freshly ground black pepper, fresh ground white pepper, ground chicken, ground star anise,ground pork, ground turkey breast,ground beef, ground paprika, ground veal,lean ground beef, fresh ground pepper, ground coffee, lean ground turkey, ground mustard,lean ground sirloin, ground sirloin, ground buffalo meat, ground pepper, ground walnuts, ground sage, ground lamb, ground lean pork, ground meat substitute, ground basil, ground thyme,ground chicken, ground mace, ground dried chile, coarse ground beef, ground oregano, salt & fresh ground pepper,extra lean ground chuck,ground cumin, ground almonds,ground turkey, cumin, cumin seeds, cumin seed, cumin powder, whole cumin seeds,cumin, green cardamom pods, green cardamoms, cardamom pods, cardamom, cardamom seed, black cardamom pod, cardamoms, whole cardamom pods, brown cardamom pods, sesame seeds, coriander seeds, fenugreek seeds, mustard seeds, annatto seeds, fennel seeds, poppy seeds, toasted sesame seeds, roasted sesame seeds, sunflower seeds, pumpkin seeds, yellow mustard seeds, white poppy seeds, black mustard seeds, hamburger buns with sesame seeds, white sesame seeds, turmeric, turmeric powder, minute rice']"
85867,curried okra  mushrooms and garbanzo beans,"garlic, fresh gingerroot, red chilies, water, safflower oil, coriander seeds, cumin seed, ground cumin, green cardamom pods, ground turmeric, chopped tomatoes, mushroom, garbanzo beans, okra, cilantro, mango, yellow onion, gingerroot, red chile, salt, sugar",add,7,"[' fresh garlic, garlic, garlic clove, garlic cloves, garlic powder, minced garlic cloves, fresh garlic cloves, garlic granules, garlic salt, granulated garlic, chili-garlic sauce, garlic paste, ginger-garlic paste,garlic clove, cream cheese with garlic and herbs, bulbs of garlic,garlic, garlic pepper seasoning, chili paste with garlic,garlic cloves, diced tomatoes with basil and garlic, garlic chives, garlic sauce, minced garlic clove, bulb of garlic, roasted garlic, tomato paste, ginger paste, chili paste,tomato paste, curry paste, tahini paste, tamarind paste, mild curry paste, hot chili paste, guava paste, hot pepper paste, red curry paste, onion paste, almond paste, poppy seed paste, sesame paste, sambal chili paste, thai curry paste, thai red curry paste,tamarind paste, red chili paste, sambal oelek chili paste, tomatoes, crushed tomatoes, crushed tomatoes in puree, roma tomatoes, whole tomatoes, cherry tomatoes, diced tomatoes, diced tomatoes with juice, chopped tomatoes,tomatoes, grape tomatoes, sun-dried tomatoes, plum tomatoes, canned tomatoes, italian-style diced tomatoes, fresh tomatoes, canned stewed tomatoes, italian-style tomatoes, whole canned tomatoes, stewed tomatoes, tomatoes with juice, rotel tomatoes,roma tomatoes, ro-tel tomatoes,green tomatoes, diced tomatoes with mild green chilies, italian plum tomatoes, fire-roasted tomatoes, water, boiling water, seltzer water, hot water, cold water, warm water,warm water, sliced water chestnuts,water, water chestnuts, ice water, tap water, water chestnut,hot water, rose water, watercress,coconut water, bottled water']"
85867,curried okra  mushrooms and garbanzo beans,"garlic, fresh gingerroot, red chilies, water, safflower oil, coriander seeds, cumin seed, ground cumin, green cardamom pods, ground turmeric, chopped tomatoes, mushroom, garbanzo beans, okra, cilantro, mango, yellow onion, gingerroot, red chile, salt, sugar",add,8,"[' sliced mushrooms, mixed mushrooms, baby portabella mushrooms, mushrooms, cremini mushrooms, portabella mushrooms, dried shiitake mushrooms, button mushrooms, fresh mushrooms, shiitake mushrooms, dried porcini mushrooms,dried porcini mushrooms,dried shiitake mushrooms, oyster mushrooms, fresh white mushrooms, white mushrooms, fresh okra, okra, frozen okra, garbanzo beans, green beans, black beans, pinto beans, red kidney beans, dark red kidney beans, yellow beans, lima beans, ranch style beans, frozen green beans, refried beans, canned black beans, cannellini beans,beans, white kidney beans,dry pinto beans, dried navy beans, canned red kidney beans,black beans, kidney beans, ""bushs red beans"", fresh green beans, broad beans,pinto beans, red beans, fava beans, adzuki beans, great northern beans, frozen corn and black beans, navy beans, italian cut green beans, small white beans']"
85867,curried okra  mushrooms and garbanzo beans,"garlic, fresh gingerroot, red chilies, water, safflower oil, coriander seeds, cumin seed, ground cumin, green cardamom pods, ground turmeric, chopped tomatoes, mushroom, garbanzo beans, okra, cilantro, mango, yellow onion, gingerroot, red chile, salt, sugar",add,12,"[' buckwheat flour, whole wheat flour,whole wheat flour, wheat germ,buckwheat flour, bulgur wheat, whole wheat bread crumbs, whole wheat hamburger buns, wheat, whole wheat pasta, whole wheat angel hair pasta, whole wheat bread,whole wheat tortillas, wheat flour,wheat berries, fresh cilantro leaves, fresh cilantro, cilantro,fresh cilantro, cilantro leaves, dried cilantro, fresh cilantro stem, cilantro leaf, fresh cilantro stems']"
85867,curried okra  mushrooms and garbanzo beans,"garlic, fresh gingerroot, red chilies, water, safflower oil, coriander seeds, cumin seed, ground cumin, green cardamom pods, ground turmeric, chopped tomatoes, mushroom, garbanzo beans, okra, cilantro, mango, yellow onion, gingerroot, red chile, salt, sugar",allow,5,"[' canola oil, peanut oil, olive oil, vegetable oil,olive oil, extra virgin olive oil, boiling water, sesame oil,peanut oil, palm oil,canola oil, sunflower oil,light olive oil, oil, hard-boiled egg, chili oil, toasted sesame oil, light vegetable oil,oil, rapeseed oil,crab boil seasoning, cooking oil, hard-boiled eggs, sesame seed oil,safflower oil, boiled ham, salad oil, boiled potatoes,vegetable oil, crab boil seasoning, crab boil, coconut oil, olive oil flavored cooking spray,extra virgin olive oil, dark sesame oil, corn oil,sesame oil,olive oil flavored cooking spray, light olive oil, sun-dried tomato packed in oil,grapeseed oil, hardboiled egg, hot chili oil,no-boil lasagna noodles,coconut oil, safflower oil, ground coriander, coriander, coriander leaves, coriander seeds, coriander seed, coriander powder, coriander sprigs, fresh coriander leaves, fresh coriander, dried coriander,coriander seed, coriander root, sesame seeds, cumin seeds, fenugreek seeds, mustard seeds, annatto seeds, fennel seeds, poppy seeds, toasted sesame seeds, roasted sesame seeds, sunflower seeds, whole cumin seeds, pumpkin seeds, yellow mustard seeds, white poppy seeds, black mustard seeds, hamburger buns with sesame seeds, white sesame seeds, cumin, ground cumin, cumin seed, cumin powder,cumin,ground cumin, bacon bits, pineapple tidbits, bittersweet chocolate']"
85867,curried okra  mushrooms and garbanzo beans,"garlic, fresh gingerroot, red chilies, water, safflower oil, coriander seeds, cumin seed, ground cumin, green cardamom pods, ground turmeric, chopped tomatoes, mushroom, garbanzo beans, okra, cilantro, mango, yellow onion, gingerroot, red chile, salt, sugar",sizzle,5,"[' canola oil, peanut oil, olive oil, vegetable oil,olive oil, extra virgin olive oil, boiling water, sesame oil,peanut oil, palm oil,canola oil, sunflower oil,light olive oil, oil, hard-boiled egg, chili oil, toasted sesame oil, light vegetable oil,oil, rapeseed oil,crab boil seasoning, cooking oil, hard-boiled eggs, sesame seed oil,safflower oil, boiled ham, salad oil, boiled potatoes,vegetable oil, crab boil seasoning, crab boil, coconut oil, olive oil flavored cooking spray,extra virgin olive oil, dark sesame oil, corn oil,sesame oil,olive oil flavored cooking spray, light olive oil, sun-dried tomato packed in oil,grapeseed oil, hardboiled egg, hot chili oil,no-boil lasagna noodles,coconut oil, safflower oil, ground coriander, coriander, coriander leaves, coriander seeds, coriander seed, coriander powder, coriander sprigs, fresh coriander leaves, fresh coriander, dried coriander,coriander seed, coriander root, sesame seeds, cumin seeds, fenugreek seeds, mustard seeds, annatto seeds, fennel seeds, poppy seeds, toasted sesame seeds, roasted sesame seeds, sunflower seeds, whole cumin seeds, pumpkin seeds, yellow mustard seeds, white poppy seeds, black mustard seeds, hamburger buns with sesame seeds, white sesame seeds, cumin, ground cumin, cumin seed, cumin powder,cumin,ground cumin, bacon bits, pineapple tidbits, bittersweet chocolate']"
85867,curried okra  mushrooms and garbanzo beans,"garlic, fresh gingerroot, red chilies, water, safflower oil, coriander seeds, cumin seed, ground cumin, green cardamom pods, ground turmeric, chopped tomatoes, mushroom, garbanzo beans, okra, cilantro, mango, yellow onion, gingerroot, red chile, salt, sugar",allowing,5,"[' canola oil, peanut oil, olive oil, vegetable oil,olive oil, extra virgin olive oil, boiling water, sesame oil,peanut oil, palm oil,canola oil, sunflower oil,light olive oil, oil, hard-boiled egg, chili oil, toasted sesame oil, light vegetable oil,oil, rapeseed oil,crab boil seasoning, cooking oil, hard-boiled eggs, sesame seed oil,safflower oil, boiled ham, salad oil, boiled potatoes,vegetable oil, crab boil seasoning, crab boil, coconut oil, olive oil flavored cooking spray,extra virgin olive oil, dark sesame oil, corn oil,sesame oil,olive oil flavored cooking spray, light olive oil, sun-dried tomato packed in oil,grapeseed oil, hardboiled egg, hot chili oil,no-boil lasagna noodles,coconut oil, safflower oil, ground coriander, coriander, coriander leaves, coriander seeds, coriander seed, coriander powder, coriander sprigs, fresh coriander leaves, fresh coriander, dried coriander,coriander seed, coriander root, sesame seeds, cumin seeds, fenugreek seeds, mustard seeds, annatto seeds, fennel seeds, poppy seeds, toasted sesame seeds, roasted sesame seeds, sunflower seeds, whole cumin seeds, pumpkin seeds, yellow mustard seeds, white poppy seeds, black mustard seeds, hamburger buns with sesame seeds, white sesame seeds, cumin, ground cumin, cumin seed, cumin powder,cumin,ground cumin, bacon bits, pineapple tidbits, bittersweet chocolate']"
85867,curried okra  mushrooms and garbanzo beans,"garlic, fresh gingerroot, red chilies, water, safflower oil, coriander seeds, cumin seed, ground cumin, green cardamom pods, ground turmeric, chopped tomatoes, mushroom, garbanzo beans, okra, cilantro, mango, yellow onion, gingerroot, red chile, salt, sugar",release,5,"[' canola oil, peanut oil, olive oil, vegetable oil,olive oil, extra virgin olive oil, boiling water, sesame oil,peanut oil, palm oil,canola oil, sunflower oil,light olive oil, oil, hard-boiled egg, chili oil, toasted sesame oil, light vegetable oil,oil, rapeseed oil,crab boil seasoning, cooking oil, hard-boiled eggs, sesame seed oil,safflower oil, boiled ham, salad oil, boiled potatoes,vegetable oil, crab boil seasoning, crab boil, coconut oil, olive oil flavored cooking spray,extra virgin olive oil, dark sesame oil, corn oil,sesame oil,olive oil flavored cooking spray, light olive oil, sun-dried tomato packed in oil,grapeseed oil, hardboiled egg, hot chili oil,no-boil lasagna noodles,coconut oil, safflower oil, ground coriander, coriander, coriander leaves, coriander seeds, coriander seed, coriander powder, coriander sprigs, fresh coriander leaves, fresh coriander, dried coriander,coriander seed, coriander root, sesame seeds, cumin seeds, fenugreek seeds, mustard seeds, annatto seeds, fennel seeds, poppy seeds, toasted sesame seeds, roasted sesame seeds, sunflower seeds, whole cumin seeds, pumpkin seeds, yellow mustard seeds, white poppy seeds, black mustard seeds, hamburger buns with sesame seeds, white sesame seeds, cumin, ground cumin, cumin seed, cumin powder,cumin,ground cumin, bacon bits, pineapple tidbits, bittersweet chocolate']"
85867,curried okra  mushrooms and garbanzo beans,"garlic, fresh gingerroot, red chilies, water, safflower oil, coriander seeds, cumin seed, ground cumin, green cardamom pods, ground turmeric, chopped tomatoes, mushroom, garbanzo beans, okra, cilantro, mango, yellow onion, gingerroot, red chile, salt, sugar",cook,6,"[' fresh coarse ground black pepper, ground cinnamon, ground cloves, ground cumin, ground coriander, ground cayenne pepper,ground sirloin, ground turkey, ground pork, fresh ground black pepper, ground beef round, ground cardamom, ground beef, ground ginger, ground nutmeg, salt & freshly ground black pepper, lean ground beef, ground allspice, ground red pepper, ground black pepper, ground turmeric, ground fenugreek, kosher salt & freshly ground black pepper, fresh ground white pepper, ground chicken, ground star anise,ground pork, ground turkey breast,ground beef, ground paprika, ground veal,lean ground beef, fresh ground pepper, ground coffee, lean ground turkey, ground mustard,lean ground sirloin, ground sirloin, ground buffalo meat, ground pepper, ground walnuts, ground sage, ground lamb, ground lean pork, ground meat substitute, ground basil, ground thyme,ground chicken, ground mace, ground dried chile, coarse ground beef, ground oregano, salt & fresh ground pepper,extra lean ground chuck,ground cumin, ground almonds,ground turkey, cumin, cumin seeds, cumin seed, cumin powder, whole cumin seeds,cumin, green cardamom pods, green cardamoms, cardamom pods, cardamom, cardamom seed, black cardamom pod, cardamoms, whole cardamom pods, brown cardamom pods, sesame seeds, coriander seeds, fenugreek seeds, mustard seeds, annatto seeds, fennel seeds, poppy seeds, toasted sesame seeds, roasted sesame seeds, sunflower seeds, pumpkin seeds, yellow mustard seeds, white poppy seeds, black mustard seeds, hamburger buns with sesame seeds, white sesame seeds, turmeric, turmeric powder, minute rice']"
85867,curried okra  mushrooms and garbanzo beans,"garlic, fresh gingerroot, red chilies, water, safflower oil, coriander seeds, cumin seed, ground cumin, green cardamom pods, ground turmeric, chopped tomatoes, mushroom, garbanzo beans, okra, cilantro, mango, yellow onion, gingerroot, red chile, salt, sugar",cook,11,"[' buckwheat flour, whole wheat flour,whole wheat flour, wheat germ,buckwheat flour, bulgur wheat, whole wheat bread crumbs, whole wheat hamburger buns, wheat, whole wheat pasta, whole wheat angel hair pasta, whole wheat bread,whole wheat tortillas, wheat flour,wheat berries, fresh okra, okra, frozen okra']"
85867,curried okra  mushrooms and garbanzo beans,"garlic, fresh gingerroot, red chilies, water, safflower oil, coriander seeds, cumin seed, ground cumin, green cardamom pods, ground turmeric, chopped tomatoes, mushroom, garbanzo beans, okra, cilantro, mango, yellow onion, gingerroot, red chile, salt, sugar",made,7,"[' fresh garlic, garlic, garlic clove, garlic cloves, garlic powder, minced garlic cloves, fresh garlic cloves, garlic granules, garlic salt, granulated garlic, chili-garlic sauce, garlic paste, ginger-garlic paste,garlic clove, cream cheese with garlic and herbs, bulbs of garlic,garlic, garlic pepper seasoning, chili paste with garlic,garlic cloves, diced tomatoes with basil and garlic, garlic chives, garlic sauce, minced garlic clove, bulb of garlic, roasted garlic, tomato paste, ginger paste, chili paste,tomato paste, curry paste, tahini paste, tamarind paste, mild curry paste, hot chili paste, guava paste, hot pepper paste, red curry paste, onion paste, almond paste, poppy seed paste, sesame paste, sambal chili paste, thai curry paste, thai red curry paste,tamarind paste, red chili paste, sambal oelek chili paste, tomatoes, crushed tomatoes, crushed tomatoes in puree, roma tomatoes, whole tomatoes, cherry tomatoes, diced tomatoes, diced tomatoes with juice, chopped tomatoes,tomatoes, grape tomatoes, sun-dried tomatoes, plum tomatoes, canned tomatoes, italian-style diced tomatoes, fresh tomatoes, canned stewed tomatoes, italian-style tomatoes, whole canned tomatoes, stewed tomatoes, tomatoes with juice, rotel tomatoes,roma tomatoes, ro-tel tomatoes,green tomatoes, diced tomatoes with mild green chilies, italian plum tomatoes, fire-roasted tomatoes, water, boiling water, seltzer water, hot water, cold water, warm water,warm water, sliced water chestnuts,water, water chestnuts, ice water, tap water, water chestnut,hot water, rose water, watercress,coconut water, bottled water']"
85867,curried okra  mushrooms and garbanzo beans,"garlic, fresh gingerroot, red chilies, water, safflower oil, coriander seeds, cumin seed, ground cumin, green cardamom pods, ground turmeric, chopped tomatoes, mushroom, garbanzo beans, okra, cilantro, mango, yellow onion, gingerroot, red chile, salt, sugar",remaining,7,"[' fresh garlic, garlic, garlic clove, garlic cloves, garlic powder, minced garlic cloves, fresh garlic cloves, garlic granules, garlic salt, granulated garlic, chili-garlic sauce, garlic paste, ginger-garlic paste,garlic clove, cream cheese with garlic and herbs, bulbs of garlic,garlic, garlic pepper seasoning, chili paste with garlic,garlic cloves, diced tomatoes with basil and garlic, garlic chives, garlic sauce, minced garlic clove, bulb of garlic, roasted garlic, tomato paste, ginger paste, chili paste,tomato paste, curry paste, tahini paste, tamarind paste, mild curry paste, hot chili paste, guava paste, hot pepper paste, red curry paste, onion paste, almond paste, poppy seed paste, sesame paste, sambal chili paste, thai curry paste, thai red curry paste,tamarind paste, red chili paste, sambal oelek chili paste, tomatoes, crushed tomatoes, crushed tomatoes in puree, roma tomatoes, whole tomatoes, cherry tomatoes, diced tomatoes, diced tomatoes with juice, chopped tomatoes,tomatoes, grape tomatoes, sun-dried tomatoes, plum tomatoes, canned tomatoes, italian-style diced tomatoes, fresh tomatoes, canned stewed tomatoes, italian-style tomatoes, whole canned tomatoes, stewed tomatoes, tomatoes with juice, rotel tomatoes,roma tomatoes, ro-tel tomatoes,green tomatoes, diced tomatoes with mild green chilies, italian plum tomatoes, fire-roasted tomatoes, water, boiling water, seltzer water, hot water, cold water, warm water,warm water, sliced water chestnuts,water, water chestnuts, ice water, tap water, water chestnut,hot water, rose water, watercress,coconut water, bottled water']"
85867,curried okra  mushrooms and garbanzo beans,"garlic, fresh gingerroot, red chilies, water, safflower oil, coriander seeds, cumin seed, ground cumin, green cardamom pods, ground turmeric, chopped tomatoes, mushroom, garbanzo beans, okra, cilantro, mango, yellow onion, gingerroot, red chile, salt, sugar",stir,8,"[' sliced mushrooms, mixed mushrooms, baby portabella mushrooms, mushrooms, cremini mushrooms, portabella mushrooms, dried shiitake mushrooms, button mushrooms, fresh mushrooms, shiitake mushrooms, dried porcini mushrooms,dried porcini mushrooms,dried shiitake mushrooms, oyster mushrooms, fresh white mushrooms, white mushrooms, fresh okra, okra, frozen okra, garbanzo beans, green beans, black beans, pinto beans, red kidney beans, dark red kidney beans, yellow beans, lima beans, ranch style beans, frozen green beans, refried beans, canned black beans, cannellini beans,beans, white kidney beans,dry pinto beans, dried navy beans, canned red kidney beans,black beans, kidney beans, ""bushs red beans"", fresh green beans, broad beans,pinto beans, red beans, fava beans, adzuki beans, great northern beans, frozen corn and black beans, navy beans, italian cut green beans, small white beans']"
85867,curried okra  mushrooms and garbanzo beans,"garlic, fresh gingerroot, red chilies, water, safflower oil, coriander seeds, cumin seed, ground cumin, green cardamom pods, ground turmeric, chopped tomatoes, mushroom, garbanzo beans, okra, cilantro, mango, yellow onion, gingerroot, red chile, salt, sugar",stir,9,"[' boiling water, hard-boiled egg,crab boil seasoning, hard-boiled eggs, boiled ham, boiled potatoes, crab boil seasoning, crab boil, hardboiled egg,no-boil lasagna noodles']"
85867,curried okra  mushrooms and garbanzo beans,"garlic, fresh gingerroot, red chilies, water, safflower oil, coriander seeds, cumin seed, ground cumin, green cardamom pods, ground turmeric, chopped tomatoes, mushroom, garbanzo beans, okra, cilantro, mango, yellow onion, gingerroot, red chile, salt, sugar",mix,8,"[' sliced mushrooms, mixed mushrooms, baby portabella mushrooms, mushrooms, cremini mushrooms, portabella mushrooms, dried shiitake mushrooms, button mushrooms, fresh mushrooms, shiitake mushrooms, dried porcini mushrooms,dried porcini mushrooms,dried shiitake mushrooms, oyster mushrooms, fresh white mushrooms, white mushrooms, fresh okra, okra, frozen okra, garbanzo beans, green beans, black beans, pinto beans, red kidney beans, dark red kidney beans, yellow beans, lima beans, ranch style beans, frozen green beans, refried beans, canned black beans, cannellini beans,beans, white kidney beans,dry pinto beans, dried navy beans, canned red kidney beans,black beans, kidney beans, ""bushs red beans"", fresh green beans, broad beans,pinto beans, red beans, fava beans, adzuki beans, great northern beans, frozen corn and black beans, navy beans, italian cut green beans, small white beans']"
85867,curried okra  mushrooms and garbanzo beans,"garlic, fresh gingerroot, red chilies, water, safflower oil, coriander seeds, cumin seed, ground cumin, green cardamom pods, ground turmeric, chopped tomatoes, mushroom, garbanzo beans, okra, cilantro, mango, yellow onion, gingerroot, red chile, salt, sugar",bring,9,"[' boiling water, hard-boiled egg,crab boil seasoning, hard-boiled eggs, boiled ham, boiled potatoes, crab boil seasoning, crab boil, hardboiled egg,no-boil lasagna noodles']"
85867,curried okra  mushrooms and garbanzo beans,"garlic, fresh gingerroot, red chilies, water, safflower oil, coriander seeds, cumin seed, ground cumin, green cardamom pods, ground turmeric, chopped tomatoes, mushroom, garbanzo beans, okra, cilantro, mango, yellow onion, gingerroot, red chile, salt, sugar",reduce,10,"[' buckwheat flour, whole wheat flour,whole wheat flour, wheat germ,buckwheat flour, bulgur wheat, whole wheat bread crumbs, whole wheat hamburger buns, wheat, whole wheat pasta, whole wheat angel hair pasta, whole wheat bread,whole wheat tortillas, wheat flour,wheat berries']"
85867,curried okra  mushrooms and garbanzo beans,"garlic, fresh gingerroot, red chilies, water, safflower oil, coriander seeds, cumin seed, ground cumin, green cardamom pods, ground turmeric, chopped tomatoes, mushroom, garbanzo beans, okra, cilantro, mango, yellow onion, gingerroot, red chile, salt, sugar",cover,10,"[' buckwheat flour, whole wheat flour,whole wheat flour, wheat germ,buckwheat flour, bulgur wheat, whole wheat bread crumbs, whole wheat hamburger buns, wheat, whole wheat pasta, whole wheat angel hair pasta, whole wheat bread,whole wheat tortillas, wheat flour,wheat berries']"
85867,curried okra  mushrooms and garbanzo beans,"garlic, fresh gingerroot, red chilies, water, safflower oil, coriander seeds, cumin seed, ground cumin, green cardamom pods, ground turmeric, chopped tomatoes, mushroom, garbanzo beans, okra, cilantro, mango, yellow onion, gingerroot, red chile, salt, sugar",simmer,10,"[' buckwheat flour, whole wheat flour,whole wheat flour, wheat germ,buckwheat flour, bulgur wheat, whole wheat bread crumbs, whole wheat hamburger buns, wheat, whole wheat pasta, whole wheat angel hair pasta, whole wheat bread,whole wheat tortillas, wheat flour,wheat berries']"
85867,curried okra  mushrooms and garbanzo beans,"garlic, fresh gingerroot, red chilies, water, safflower oil, coriander seeds, cumin seed, ground cumin, green cardamom pods, ground turmeric, chopped tomatoes, mushroom, garbanzo beans, okra, cilantro, mango, yellow onion, gingerroot, red chile, salt, sugar",remove,11,"[' buckwheat flour, whole wheat flour,whole wheat flour, wheat germ,buckwheat flour, bulgur wheat, whole wheat bread crumbs, whole wheat hamburger buns, wheat, whole wheat pasta, whole wheat angel hair pasta, whole wheat bread,whole wheat tortillas, wheat flour,wheat berries, fresh okra, okra, frozen okra']"
85867,curried okra  mushrooms and garbanzo beans,"garlic, fresh gingerroot, red chilies, water, safflower oil, coriander seeds, cumin seed, ground cumin, green cardamom pods, ground turmeric, chopped tomatoes, mushroom, garbanzo beans, okra, cilantro, mango, yellow onion, gingerroot, red chile, salt, sugar",turn,11,"[' buckwheat flour, whole wheat flour,whole wheat flour, wheat germ,buckwheat flour, bulgur wheat, whole wheat bread crumbs, whole wheat hamburger buns, wheat, whole wheat pasta, whole wheat angel hair pasta, whole wheat bread,whole wheat tortillas, wheat flour,wheat berries, fresh okra, okra, frozen okra']"
85867,curried okra  mushrooms and garbanzo beans,"garlic, fresh gingerroot, red chilies, water, safflower oil, coriander seeds, cumin seed, ground cumin, green cardamom pods, ground turmeric, chopped tomatoes, mushroom, garbanzo beans, okra, cilantro, mango, yellow onion, gingerroot, red chile, salt, sugar",is,11,"[' buckwheat flour, whole wheat flour,whole wheat flour, wheat germ,buckwheat flour, bulgur wheat, whole wheat bread crumbs, whole wheat hamburger buns, wheat, whole wheat pasta, whole wheat angel hair pasta, whole wheat bread,whole wheat tortillas, wheat flour,wheat berries, fresh okra, okra, frozen okra']"
85867,curried okra  mushrooms and garbanzo beans,"garlic, fresh gingerroot, red chilies, water, safflower oil, coriander seeds, cumin seed, ground cumin, green cardamom pods, ground turmeric, chopped tomatoes, mushroom, garbanzo beans, okra, cilantro, mango, yellow onion, gingerroot, red chile, salt, sugar",chopped,12,"[' buckwheat flour, whole wheat flour,whole wheat flour, wheat germ,buckwheat flour, bulgur wheat, whole wheat bread crumbs, whole wheat hamburger buns, wheat, whole wheat pasta, whole wheat angel hair pasta, whole wheat bread,whole wheat tortillas, wheat flour,wheat berries, fresh cilantro leaves, fresh cilantro, cilantro,fresh cilantro, cilantro leaves, dried cilantro, fresh cilantro stem, cilantro leaf, fresh cilantro stems']"
85867,curried okra  mushrooms and garbanzo beans,"garlic, fresh gingerroot, red chilies, water, safflower oil, coriander seeds, cumin seed, ground cumin, green cardamom pods, ground turmeric, chopped tomatoes, mushroom, garbanzo beans, okra, cilantro, mango, yellow onion, gingerroot, red chile, salt, sugar",stirring,12,"[' buckwheat flour, whole wheat flour,whole wheat flour, wheat germ,buckwheat flour, bulgur wheat, whole wheat bread crumbs, whole wheat hamburger buns, wheat, whole wheat pasta, whole wheat angel hair pasta, whole wheat bread,whole wheat tortillas, wheat flour,wheat berries, fresh cilantro leaves, fresh cilantro, cilantro,fresh cilantro, cilantro leaves, dried cilantro, fresh cilantro stem, cilantro leaf, fresh cilantro stems']"
85867,curried okra  mushrooms and garbanzo beans,"garlic, fresh gingerroot, red chilies, water, safflower oil, coriander seeds, cumin seed, ground cumin, green cardamom pods, ground turmeric, chopped tomatoes, mushroom, garbanzo beans, okra, cilantro, mango, yellow onion, gingerroot, red chile, salt, sugar",serve,13,"[' mango, mango juice, mango powder, mangoes, mango chutney, mangoes in juice, pineapple-mango jam, fresh mango, sweet pickle relish, relish, pickle relish, long-grain rice, rice, basmati rice, cooked wild rice, brown basmati rice, cooked rice, rice wine, brown rice, long grain white rice, rice vinegar, rice sticks, rice wine vinegar, cooked white rice, jasmine rice, cooked long-grain rice,rice wine vinegar, long grain rice, steamed rice, converted rice, rice vermicelli,cooked brown rice, white rice, wild rice,rice, instant rice, seasoned rice vinegar,basmati rice,rice noodles, cooked basmati rice, dried rice noodles, cooked brown rice, minute rice,jasmine rice,cooked wild rice,wild rice']"
