Id,Name,AllIngredients,Verbs,Steps,Ingredient
89685,chicken thukpa,"rice noodles, chicken broth, grilled chicken breast, carrot, red bell pepper, celery, spinach, cooking oil, salt and pepper, cilantro, garlic, ginger, red chili peppers, cherry tomatoes, shallots, fresh cilantro, cumin seed, turmeric, peppercorn, asafoetida powder, lime juice",cook,1,{}
89685,chicken thukpa,"rice noodles, chicken broth, grilled chicken breast, carrot, red bell pepper, celery, spinach, cooking oil, salt and pepper, cilantro, garlic, ginger, red chili peppers, cherry tomatoes, shallots, fresh cilantro, cumin seed, turmeric, peppercorn, asafoetida powder, lime juice",cook,11,"[' buckwheat flour, whole wheat flour,whole wheat flour, wheat germ,buckwheat flour, bulgur wheat, whole wheat bread crumbs, whole wheat hamburger buns, wheat, whole wheat pasta']"
89685,chicken thukpa,"rice noodles, chicken broth, grilled chicken breast, carrot, red bell pepper, celery, spinach, cooking oil, salt and pepper, cilantro, garlic, ginger, red chili peppers, cherry tomatoes, shallots, fresh cilantro, cumin seed, turmeric, peppercorn, asafoetida powder, lime juice",boiling,1,"['lasagna noodles, egg noodles, noodles, chinese egg noodles,spaghetti noodles, medium egg noodles, somen noodles, chicken-flavored ramen noodles, fresh egg noodles, wide egg noodles, cellophane noodles,rice noodles, water, boiling water, seltzer water, hot water, cold water, warm water,warm water, sliced water chestnuts,water, water chestnuts, ice water, tap water, water chestnut,hot water, rose water']"
89685,chicken thukpa,"rice noodles, chicken broth, grilled chicken breast, carrot, red bell pepper, celery, spinach, cooking oil, salt and pepper, cilantro, garlic, ginger, red chili peppers, cherry tomatoes, shallots, fresh cilantro, cumin seed, turmeric, peppercorn, asafoetida powder, lime juice",salted,1,"['lasagna noodles, egg noodles, noodles, chinese egg noodles,spaghetti noodles, medium egg noodles, somen noodles, chicken-flavored ramen noodles, fresh egg noodles, wide egg noodles, cellophane noodles,rice noodles, water, boiling water, seltzer water, hot water, cold water, warm water,warm water, sliced water chestnuts,water, water chestnuts, ice water, tap water, water chestnut,hot water, rose water']"
89685,chicken thukpa,"rice noodles, chicken broth, grilled chicken breast, carrot, red bell pepper, celery, spinach, cooking oil, salt and pepper, cilantro, garlic, ginger, red chili peppers, cherry tomatoes, shallots, fresh cilantro, cumin seed, turmeric, peppercorn, asafoetida powder, lime juice",rinse,2,{}
89685,chicken thukpa,"rice noodles, chicken broth, grilled chicken breast, carrot, red bell pepper, celery, spinach, cooking oil, salt and pepper, cilantro, garlic, ginger, red chili peppers, cherry tomatoes, shallots, fresh cilantro, cumin seed, turmeric, peppercorn, asafoetida powder, lime juice",mix,4,"[' cream of chicken soup, cream of mushroom soup, cream of wild mushroom soup, tomato paste, ginger paste, chili paste, garlic paste,tomato paste, curry paste, tahini paste, ginger-garlic paste, tamarind paste, mild curry paste, hot chili paste, guava paste, hot pepper paste, red curry paste, chili paste with garlic, onion paste, almond paste, poppy seed paste, sesame paste']"
89685,chicken thukpa,"rice noodles, chicken broth, grilled chicken breast, carrot, red bell pepper, celery, spinach, cooking oil, salt and pepper, cilantro, garlic, ginger, red chili peppers, cherry tomatoes, shallots, fresh cilantro, cumin seed, turmeric, peppercorn, asafoetida powder, lime juice",add,7,"[' cream of chicken soup, cream of mushroom soup, cream of wild mushroom soup, tomato paste, ginger paste, chili paste, garlic paste,tomato paste, curry paste, tahini paste, ginger-garlic paste, tamarind paste, mild curry paste, hot chili paste, guava paste, hot pepper paste, red curry paste, chili paste with garlic, onion paste, almond paste, poppy seed paste, sesame paste']"
89685,chicken thukpa,"rice noodles, chicken broth, grilled chicken breast, carrot, red bell pepper, celery, spinach, cooking oil, salt and pepper, cilantro, garlic, ginger, red chili peppers, cherry tomatoes, shallots, fresh cilantro, cumin seed, turmeric, peppercorn, asafoetida powder, lime juice",add,8,"['boneless skinless chicken breasts, chicken broth,chicken breasts, chicken stock, chicken thigh fillet, chicken bouillon cube,chicken thighs, chicken stock cube, reduced-sodium chicken broth, cooked chicken breasts, boneless chicken,boneless chicken breasts, chicken thighs, low-fat chicken broth, chicken, boneless chicken thighs, boneless skinless chicken breasts, cream of chicken soup, organic free range fat free chicken broth, boneless skinless chicken thighs, cooked chicken,chicken broth, boneless skinless chicken breast halves, ground chicken,skinless chicken thighs,chicken tenders,chicken, chicken bouillon cubes,chicken breast halves, chicken base,skinless chicken breasts, low sodium chicken broth, chicken legs, chicken breasts, chicken livers, chicken-flavored ramen noodles, skinless chicken thighs, chicken stock powder, boneless chicken breasts,chicken wings,boneless chicken thighs, boneless chicken breast halves, roasting chickens, chicken giblets, homemade chicken stock,cooked chicken,boneless chicken breast, chicken bouillon, chicken breast,boneless skinless chicken breast, rich chicken broth,chicken breast, cooked chicken breast,skinless chicken breast, skinless chicken leg quarters,boneless skinless chicken breast halves, rotisserie-cooked chicken, boneless skinless chicken legs, skinless chicken breast half, whole chicken breasts,skinless chicken piece,skinless chicken drumsticks, chicken tenders,skinless chicken,chicken stock, skinless chicken breast,chicken fillets,chicken pieces,whole chicken,chicken piece, chicken breast fillets,ground chicken,whole chickens, boneless skinless chicken,boneless skinless chicken thighs,boneless chicken,swanson chicken broth, reduced-sodium fat-free chicken broth,roasting chickens, chicken legs-thighs, grilled chicken breast, vegetable broth, low sodium vegetable broth, beef broth, broth, low sodium beef broth,vegetable broth']"
89685,chicken thukpa,"rice noodles, chicken broth, grilled chicken breast, carrot, red bell pepper, celery, spinach, cooking oil, salt and pepper, cilantro, garlic, ginger, red chili peppers, cherry tomatoes, shallots, fresh cilantro, cumin seed, turmeric, peppercorn, asafoetida powder, lime juice",add,13,"[' cream of chicken soup, cream of mushroom soup, cream of wild mushroom soup']"
89685,chicken thukpa,"rice noodles, chicken broth, grilled chicken breast, carrot, red bell pepper, celery, spinach, cooking oil, salt and pepper, cilantro, garlic, ginger, red chili peppers, cherry tomatoes, shallots, fresh cilantro, cumin seed, turmeric, peppercorn, asafoetida powder, lime juice",add,15,"[' chicken broth, vegetable broth, reduced-sodium chicken broth, low sodium vegetable broth, low-fat chicken broth, beef broth, organic free range fat free chicken broth,chicken broth, broth, low sodium chicken broth, low sodium beef broth, rich chicken broth,vegetable broth,swanson chicken broth, reduced-sodium fat-free chicken broth']"
89685,chicken thukpa,"rice noodles, chicken broth, grilled chicken breast, carrot, red bell pepper, celery, spinach, cooking oil, salt and pepper, cilantro, garlic, ginger, red chili peppers, cherry tomatoes, shallots, fresh cilantro, cumin seed, turmeric, peppercorn, asafoetida powder, lime juice",add,17,"[' cream of chicken soup, cream of mushroom soup, cream of wild mushroom soup, chicken broth, vegetable broth, reduced-sodium chicken broth, low sodium vegetable broth, low-fat chicken broth, beef broth, organic free range fat free chicken broth,chicken broth, broth, low sodium chicken broth, low sodium beef broth, rich chicken broth,vegetable broth,swanson chicken broth, reduced-sodium fat-free chicken broth,boneless skinless chicken breasts,chicken breasts, chicken stock, chicken thigh fillet, chicken bouillon cube,chicken thighs, chicken stock cube, cooked chicken breasts, boneless chicken,boneless chicken breasts, chicken thighs, chicken, boneless chicken thighs, boneless skinless chicken breasts, boneless skinless chicken thighs, cooked chicken, boneless skinless chicken breast halves, ground chicken,skinless chicken thighs,chicken tenders,chicken, chicken bouillon cubes,chicken breast halves, chicken base,skinless chicken breasts, chicken legs, chicken breasts, chicken livers, chicken-flavored ramen noodles, skinless chicken thighs, chicken stock powder, boneless chicken breasts,chicken wings,boneless chicken thighs, boneless chicken breast halves, roasting chickens, chicken giblets, homemade chicken stock,cooked chicken,boneless chicken breast, chicken bouillon, chicken breast,boneless skinless chicken breast,chicken breast, cooked chicken breast,skinless chicken breast, skinless chicken leg quarters,boneless skinless chicken breast halves, rotisserie-cooked chicken, boneless skinless chicken legs, skinless chicken breast half, whole chicken breasts,skinless chicken piece,skinless chicken drumsticks, chicken tenders,skinless chicken,chicken stock, skinless chicken breast,chicken fillets,chicken pieces,whole chicken,chicken piece, chicken breast fillets,ground chicken,whole chickens, boneless skinless chicken,boneless skinless chicken thighs,boneless chicken,roasting chickens, chicken legs-thighs, grilled chicken breast, pepperoni slices, cheese slices, long-grain rice, rice, basmati rice, cooked wild rice, brown basmati rice, cooked rice, rice wine, brown rice, long grain white rice, rice vinegar, rice sticks, rice wine vinegar, cooked white rice, jasmine rice, cooked long-grain rice,rice wine vinegar, long grain rice, steamed rice, converted rice, rice vermicelli,cooked brown rice, white rice, wild rice,rice, instant rice, seasoned rice vinegar,basmati rice,rice noodles,lasagna noodles, egg noodles, noodles, chinese egg noodles,spaghetti noodles, medium egg noodles, somen noodles, fresh egg noodles, wide egg noodles, cellophane noodles']"
89685,chicken thukpa,"rice noodles, chicken broth, grilled chicken breast, carrot, red bell pepper, celery, spinach, cooking oil, salt and pepper, cilantro, garlic, ginger, red chili peppers, cherry tomatoes, shallots, fresh cilantro, cumin seed, turmeric, peppercorn, asafoetida powder, lime juice",add,19,"[' chili powder, red chili pepper, chili,chili powder, thai sweet chili sauce, chili flakes, green chilies, dried red chili peppers, chili oil, chili-garlic sauce, red chili peppers, ancho chilies, guajillo chilies, chili paste, thai red chili pepper, green chili pepper, green chili, dried red chilies, red chili powder, sweet chili sauce, chili pepper, red chili sauce, mild green chilies, chili sauce, chili peppers, diced green chilies, serrano chili, red chili pepper flakes, hot chili paste, anaheim chili, hot chili pepper, chili paste with garlic, red chilies, dried chilies, chilies, ortega green chilies, soy sauce, tomato sauce, a.1. original sauce, worcestershire sauce, adobo sauce, spaghetti sauce, sriracha sauce, tabasco sauce, picante sauce, pesto sauce, tamari soy sauce, applesauce, hot sauce,spaghetti sauce, hot pepper sauce, hoisin sauce, oyster sauce, reduced sodium soy sauce, low sodium soy sauce, fish sauce, teriyaki sauce, dark soy sauce, barbecue sauce, soya sauce,hoisin sauce, sweet soy sauce, vegetarian oyster sauce, light soy sauce, pizza sauce, cranberry sauce, horseradish sauce, ""franks red hot sauce"", remoulade sauce, liquid hot pepper sauce, pasta sauce, sweet and sour sauce,soya sauce, spaghetti sauce with meat, hollandaise sauce mix, louisiana hot sauce, garlic sauce, tomatoes, crushed tomatoes, tomato paste, crushed tomatoes in puree, roma tomatoes, whole tomatoes, cherry tomatoes, chopped tomato, diced tomatoes, diced tomatoes with juice, chopped tomatoes, tomato puree, diced tomato,tomatoes, grape tomatoes, sun-dried tomatoes, plum tomatoes, roma tomato, tomato juice, canned tomatoes,tomato puree, tomato ketchup,tomato paste, italian-style diced tomatoes, fresh tomato, fresh tomatoes, canned stewed tomatoes, italian-style tomatoes, whole canned tomatoes, sun-dried tomato, stewed tomatoes, tomatoes with juice, rotel tomatoes, del monte zesty jalapeno pepper diced tomato,roma tomatoes, diced tomatoes with basil and garlic, cream of chicken soup, cream of mushroom soup, cream of wild mushroom soup, chicken broth, vegetable broth, reduced-sodium chicken broth, low sodium vegetable broth, low-fat chicken broth, beef broth, organic free range fat free chicken broth,chicken broth, broth, low sodium chicken broth, low sodium beef broth, rich chicken broth,vegetable broth,swanson chicken broth, reduced-sodium fat-free chicken broth']"
89685,chicken thukpa,"rice noodles, chicken broth, grilled chicken breast, carrot, red bell pepper, celery, spinach, cooking oil, salt and pepper, cilantro, garlic, ginger, red chili peppers, cherry tomatoes, shallots, fresh cilantro, cumin seed, turmeric, peppercorn, asafoetida powder, lime juice",bring,10,"[' boiling water, hard-boiled egg,crab boil seasoning, hard-boiled eggs, boiled ham, boiled potatoes, crab boil seasoning, crab boil']"
89685,chicken thukpa,"rice noodles, chicken broth, grilled chicken breast, carrot, red bell pepper, celery, spinach, cooking oil, salt and pepper, cilantro, garlic, ginger, red chili peppers, cherry tomatoes, shallots, fresh cilantro, cumin seed, turmeric, peppercorn, asafoetida powder, lime juice",set,11,"[' buckwheat flour, whole wheat flour,whole wheat flour, wheat germ,buckwheat flour, bulgur wheat, whole wheat bread crumbs, whole wheat hamburger buns, wheat, whole wheat pasta']"
89685,chicken thukpa,"rice noodles, chicken broth, grilled chicken breast, carrot, red bell pepper, celery, spinach, cooking oil, salt and pepper, cilantro, garlic, ginger, red chili peppers, cherry tomatoes, shallots, fresh cilantro, cumin seed, turmeric, peppercorn, asafoetida powder, lime juice",adjust,12,"[' salt, salt and pepper, unsalted butter,salt, salt & freshly ground black pepper,unsalted butter, kosher salt, coarse salt, seasoning salt, sea salt, salted peanuts, salt & pepper,kosher salt, garlic salt, celery salt, kosher salt & freshly ground black pepper, coarse sea salt, no-salt-added corn, salt and black pepper,sea salt,coarse salt, onion salt, salted butter, saltine crackers, unsalted cashews, fresh coarse ground black pepper, cracked black pepper, green pepper, cayenne pepper, red chili pepper, ground cayenne pepper, pepper, red peppers, habanero pepper, green bell pepper, fresh jalapeno peppers, serrano pepper, fresh ground black pepper, red bell pepper, yellow bell pepper, peppercorns, black pepper, white pepper, ground red pepper, ground black pepper, red pepper, red bell peppers, yellow pepper, black peppercorns, chipotle pepper, fresh cracked pepper, piquillo peppers, red pepper flakes, crushed red pepper flakes, bell pepper, green peppers, bell peppers, scotch bonnet pepper, yellow peppers, jalapeno pepper, peppercorn, pepperoni, hot pepper sauce, dried red chili peppers, szechuan peppercorns, roasted red pepper, poblano pepper, dry crushed red pepper, fresh ground white pepper, red chili peppers, red cayenne pepper, pickled jalapeno pepper, coarse black pepper, thai red chili pepper, red sweet bell pepper, green chili pepper, sweet red pepper, fresh ground pepper, pepperoncini peppers, chili pepper, monterey jack pepper cheese, green bell peppers, chinese red peppers, yellow bell peppers, jalapeno peppers, dried red pepper flakes, habanero peppers, chipotle peppers, chili peppers, red chili pepper flakes, pickled sweet peppers, white peppercorns, roasted red and yellow peppers, hot pepper flakes, ground pepper, roasted red peppers,roasted red peppers, liquid hot pepper sauce, sweet pepper, pepperoni slices, scotch bonnet peppers, lemon pepper seasoning, cracked pepper, hot pepper paste, hot chili pepper, poblano peppers,white pepper, garlic pepper seasoning, dried hot peppers, peppercorn ranch dressing, pepper bacon, whole black peppercorns, green pepper ring,bell peppers, del monte zesty jalapeno pepper diced tomato, white pepper powder, pepper rings, hot red pepper flakes, pepperoncini pepper']"
89685,chicken thukpa,"rice noodles, chicken broth, grilled chicken breast, carrot, red bell pepper, celery, spinach, cooking oil, salt and pepper, cilantro, garlic, ginger, red chili peppers, cherry tomatoes, shallots, fresh cilantro, cumin seed, turmeric, peppercorn, asafoetida powder, lime juice",adjust,16,"[' salt, salt and pepper, unsalted butter,salt, salt & freshly ground black pepper,unsalted butter, kosher salt, coarse salt, seasoning salt, sea salt, salted peanuts, salt & pepper,kosher salt, garlic salt, celery salt, kosher salt & freshly ground black pepper, coarse sea salt, no-salt-added corn, salt and black pepper,sea salt,coarse salt, onion salt, salted butter, saltine crackers, unsalted cashews, fresh coarse ground black pepper, cracked black pepper, green pepper, cayenne pepper, red chili pepper, ground cayenne pepper, pepper, red peppers, habanero pepper, green bell pepper, fresh jalapeno peppers, serrano pepper, fresh ground black pepper, red bell pepper, yellow bell pepper, peppercorns, black pepper, white pepper, ground red pepper, ground black pepper, red pepper, red bell peppers, yellow pepper, black peppercorns, chipotle pepper, fresh cracked pepper, piquillo peppers, red pepper flakes, crushed red pepper flakes, bell pepper, green peppers, bell peppers, scotch bonnet pepper, yellow peppers, jalapeno pepper, peppercorn, pepperoni, hot pepper sauce, dried red chili peppers, szechuan peppercorns, roasted red pepper, poblano pepper, dry crushed red pepper, fresh ground white pepper, red chili peppers, red cayenne pepper, pickled jalapeno pepper, coarse black pepper, thai red chili pepper, red sweet bell pepper, green chili pepper, sweet red pepper, fresh ground pepper, pepperoncini peppers, chili pepper, monterey jack pepper cheese, green bell peppers, chinese red peppers, yellow bell peppers, jalapeno peppers, dried red pepper flakes, habanero peppers, chipotle peppers, chili peppers, red chili pepper flakes, pickled sweet peppers, white peppercorns, roasted red and yellow peppers, hot pepper flakes, ground pepper, roasted red peppers,roasted red peppers, liquid hot pepper sauce, sweet pepper, pepperoni slices, scotch bonnet peppers, lemon pepper seasoning, cracked pepper, hot pepper paste, hot chili pepper, poblano peppers,white pepper, garlic pepper seasoning, dried hot peppers, peppercorn ranch dressing, pepper bacon, whole black peppercorns, green pepper ring,bell peppers, del monte zesty jalapeno pepper diced tomato, white pepper powder, pepper rings, hot red pepper flakes, pepperoncini pepper']"
89685,chicken thukpa,"rice noodles, chicken broth, grilled chicken breast, carrot, red bell pepper, celery, spinach, cooking oil, salt and pepper, cilantro, garlic, ginger, red chili peppers, cherry tomatoes, shallots, fresh cilantro, cumin seed, turmeric, peppercorn, asafoetida powder, lime juice",seasoning,12,"[' salt, salt and pepper, unsalted butter,salt, salt & freshly ground black pepper,unsalted butter, kosher salt, coarse salt, seasoning salt, sea salt, salted peanuts, salt & pepper,kosher salt, garlic salt, celery salt, kosher salt & freshly ground black pepper, coarse sea salt, no-salt-added corn, salt and black pepper,sea salt,coarse salt, onion salt, salted butter, saltine crackers, unsalted cashews, fresh coarse ground black pepper, cracked black pepper, green pepper, cayenne pepper, red chili pepper, ground cayenne pepper, pepper, red peppers, habanero pepper, green bell pepper, fresh jalapeno peppers, serrano pepper, fresh ground black pepper, red bell pepper, yellow bell pepper, peppercorns, black pepper, white pepper, ground red pepper, ground black pepper, red pepper, red bell peppers, yellow pepper, black peppercorns, chipotle pepper, fresh cracked pepper, piquillo peppers, red pepper flakes, crushed red pepper flakes, bell pepper, green peppers, bell peppers, scotch bonnet pepper, yellow peppers, jalapeno pepper, peppercorn, pepperoni, hot pepper sauce, dried red chili peppers, szechuan peppercorns, roasted red pepper, poblano pepper, dry crushed red pepper, fresh ground white pepper, red chili peppers, red cayenne pepper, pickled jalapeno pepper, coarse black pepper, thai red chili pepper, red sweet bell pepper, green chili pepper, sweet red pepper, fresh ground pepper, pepperoncini peppers, chili pepper, monterey jack pepper cheese, green bell peppers, chinese red peppers, yellow bell peppers, jalapeno peppers, dried red pepper flakes, habanero peppers, chipotle peppers, chili peppers, red chili pepper flakes, pickled sweet peppers, white peppercorns, roasted red and yellow peppers, hot pepper flakes, ground pepper, roasted red peppers,roasted red peppers, liquid hot pepper sauce, sweet pepper, pepperoni slices, scotch bonnet peppers, lemon pepper seasoning, cracked pepper, hot pepper paste, hot chili pepper, poblano peppers,white pepper, garlic pepper seasoning, dried hot peppers, peppercorn ranch dressing, pepper bacon, whole black peppercorns, green pepper ring,bell peppers, del monte zesty jalapeno pepper diced tomato, white pepper powder, pepper rings, hot red pepper flakes, pepperoncini pepper']"
89685,chicken thukpa,"rice noodles, chicken broth, grilled chicken breast, carrot, red bell pepper, celery, spinach, cooking oil, salt and pepper, cilantro, garlic, ginger, red chili peppers, cherry tomatoes, shallots, fresh cilantro, cumin seed, turmeric, peppercorn, asafoetida powder, lime juice",seasoning,16,"[' salt, salt and pepper, unsalted butter,salt, salt & freshly ground black pepper,unsalted butter, kosher salt, coarse salt, seasoning salt, sea salt, salted peanuts, salt & pepper,kosher salt, garlic salt, celery salt, kosher salt & freshly ground black pepper, coarse sea salt, no-salt-added corn, salt and black pepper,sea salt,coarse salt, onion salt, salted butter, saltine crackers, unsalted cashews, fresh coarse ground black pepper, cracked black pepper, green pepper, cayenne pepper, red chili pepper, ground cayenne pepper, pepper, red peppers, habanero pepper, green bell pepper, fresh jalapeno peppers, serrano pepper, fresh ground black pepper, red bell pepper, yellow bell pepper, peppercorns, black pepper, white pepper, ground red pepper, ground black pepper, red pepper, red bell peppers, yellow pepper, black peppercorns, chipotle pepper, fresh cracked pepper, piquillo peppers, red pepper flakes, crushed red pepper flakes, bell pepper, green peppers, bell peppers, scotch bonnet pepper, yellow peppers, jalapeno pepper, peppercorn, pepperoni, hot pepper sauce, dried red chili peppers, szechuan peppercorns, roasted red pepper, poblano pepper, dry crushed red pepper, fresh ground white pepper, red chili peppers, red cayenne pepper, pickled jalapeno pepper, coarse black pepper, thai red chili pepper, red sweet bell pepper, green chili pepper, sweet red pepper, fresh ground pepper, pepperoncini peppers, chili pepper, monterey jack pepper cheese, green bell peppers, chinese red peppers, yellow bell peppers, jalapeno peppers, dried red pepper flakes, habanero peppers, chipotle peppers, chili peppers, red chili pepper flakes, pickled sweet peppers, white peppercorns, roasted red and yellow peppers, hot pepper flakes, ground pepper, roasted red peppers,roasted red peppers, liquid hot pepper sauce, sweet pepper, pepperoni slices, scotch bonnet peppers, lemon pepper seasoning, cracked pepper, hot pepper paste, hot chili pepper, poblano peppers,white pepper, garlic pepper seasoning, dried hot peppers, peppercorn ranch dressing, pepper bacon, whole black peppercorns, green pepper ring,bell peppers, del monte zesty jalapeno pepper diced tomato, white pepper powder, pepper rings, hot red pepper flakes, pepperoncini pepper']"
89685,chicken thukpa,"rice noodles, chicken broth, grilled chicken breast, carrot, red bell pepper, celery, spinach, cooking oil, salt and pepper, cilantro, garlic, ginger, red chili peppers, cherry tomatoes, shallots, fresh cilantro, cumin seed, turmeric, peppercorn, asafoetida powder, lime juice",desired,15,"[' chicken broth, vegetable broth, reduced-sodium chicken broth, low sodium vegetable broth, low-fat chicken broth, beef broth, organic free range fat free chicken broth,chicken broth, broth, low sodium chicken broth, low sodium beef broth, rich chicken broth,vegetable broth,swanson chicken broth, reduced-sodium fat-free chicken broth']"
89685,chicken thukpa,"rice noodles, chicken broth, grilled chicken breast, carrot, red bell pepper, celery, spinach, cooking oil, salt and pepper, cilantro, garlic, ginger, red chili peppers, cherry tomatoes, shallots, fresh cilantro, cumin seed, turmeric, peppercorn, asafoetida powder, lime juice",serve,17,"[' cream of chicken soup, cream of mushroom soup, cream of wild mushroom soup, chicken broth, vegetable broth, reduced-sodium chicken broth, low sodium vegetable broth, low-fat chicken broth, beef broth, organic free range fat free chicken broth,chicken broth, broth, low sodium chicken broth, low sodium beef broth, rich chicken broth,vegetable broth,swanson chicken broth, reduced-sodium fat-free chicken broth,boneless skinless chicken breasts,chicken breasts, chicken stock, chicken thigh fillet, chicken bouillon cube,chicken thighs, chicken stock cube, cooked chicken breasts, boneless chicken,boneless chicken breasts, chicken thighs, chicken, boneless chicken thighs, boneless skinless chicken breasts, boneless skinless chicken thighs, cooked chicken, boneless skinless chicken breast halves, ground chicken,skinless chicken thighs,chicken tenders,chicken, chicken bouillon cubes,chicken breast halves, chicken base,skinless chicken breasts, chicken legs, chicken breasts, chicken livers, chicken-flavored ramen noodles, skinless chicken thighs, chicken stock powder, boneless chicken breasts,chicken wings,boneless chicken thighs, boneless chicken breast halves, roasting chickens, chicken giblets, homemade chicken stock,cooked chicken,boneless chicken breast, chicken bouillon, chicken breast,boneless skinless chicken breast,chicken breast, cooked chicken breast,skinless chicken breast, skinless chicken leg quarters,boneless skinless chicken breast halves, rotisserie-cooked chicken, boneless skinless chicken legs, skinless chicken breast half, whole chicken breasts,skinless chicken piece,skinless chicken drumsticks, chicken tenders,skinless chicken,chicken stock, skinless chicken breast,chicken fillets,chicken pieces,whole chicken,chicken piece, chicken breast fillets,ground chicken,whole chickens, boneless skinless chicken,boneless skinless chicken thighs,boneless chicken,roasting chickens, chicken legs-thighs, grilled chicken breast, pepperoni slices, cheese slices, long-grain rice, rice, basmati rice, cooked wild rice, brown basmati rice, cooked rice, rice wine, brown rice, long grain white rice, rice vinegar, rice sticks, rice wine vinegar, cooked white rice, jasmine rice, cooked long-grain rice,rice wine vinegar, long grain rice, steamed rice, converted rice, rice vermicelli,cooked brown rice, white rice, wild rice,rice, instant rice, seasoned rice vinegar,basmati rice,rice noodles,lasagna noodles, egg noodles, noodles, chinese egg noodles,spaghetti noodles, medium egg noodles, somen noodles, fresh egg noodles, wide egg noodles, cellophane noodles']"
89685,chicken thukpa,"rice noodles, chicken broth, grilled chicken breast, carrot, red bell pepper, celery, spinach, cooking oil, salt and pepper, cilantro, garlic, ginger, red chili peppers, cherry tomatoes, shallots, fresh cilantro, cumin seed, turmeric, peppercorn, asafoetida powder, lime juice",serve,18,{}
89685,chicken thukpa,"rice noodles, chicken broth, grilled chicken breast, carrot, red bell pepper, celery, spinach, cooking oil, salt and pepper, cilantro, garlic, ginger, red chili peppers, cherry tomatoes, shallots, fresh cilantro, cumin seed, turmeric, peppercorn, asafoetida powder, lime juice",pour,17,"[' cream of chicken soup, cream of mushroom soup, cream of wild mushroom soup, chicken broth, vegetable broth, reduced-sodium chicken broth, low sodium vegetable broth, low-fat chicken broth, beef broth, organic free range fat free chicken broth,chicken broth, broth, low sodium chicken broth, low sodium beef broth, rich chicken broth,vegetable broth,swanson chicken broth, reduced-sodium fat-free chicken broth,boneless skinless chicken breasts,chicken breasts, chicken stock, chicken thigh fillet, chicken bouillon cube,chicken thighs, chicken stock cube, cooked chicken breasts, boneless chicken,boneless chicken breasts, chicken thighs, chicken, boneless chicken thighs, boneless skinless chicken breasts, boneless skinless chicken thighs, cooked chicken, boneless skinless chicken breast halves, ground chicken,skinless chicken thighs,chicken tenders,chicken, chicken bouillon cubes,chicken breast halves, chicken base,skinless chicken breasts, chicken legs, chicken breasts, chicken livers, chicken-flavored ramen noodles, skinless chicken thighs, chicken stock powder, boneless chicken breasts,chicken wings,boneless chicken thighs, boneless chicken breast halves, roasting chickens, chicken giblets, homemade chicken stock,cooked chicken,boneless chicken breast, chicken bouillon, chicken breast,boneless skinless chicken breast,chicken breast, cooked chicken breast,skinless chicken breast, skinless chicken leg quarters,boneless skinless chicken breast halves, rotisserie-cooked chicken, boneless skinless chicken legs, skinless chicken breast half, whole chicken breasts,skinless chicken piece,skinless chicken drumsticks, chicken tenders,skinless chicken,chicken stock, skinless chicken breast,chicken fillets,chicken pieces,whole chicken,chicken piece, chicken breast fillets,ground chicken,whole chickens, boneless skinless chicken,boneless skinless chicken thighs,boneless chicken,roasting chickens, chicken legs-thighs, grilled chicken breast, pepperoni slices, cheese slices, long-grain rice, rice, basmati rice, cooked wild rice, brown basmati rice, cooked rice, rice wine, brown rice, long grain white rice, rice vinegar, rice sticks, rice wine vinegar, cooked white rice, jasmine rice, cooked long-grain rice,rice wine vinegar, long grain rice, steamed rice, converted rice, rice vermicelli,cooked brown rice, white rice, wild rice,rice, instant rice, seasoned rice vinegar,basmati rice,rice noodles,lasagna noodles, egg noodles, noodles, chinese egg noodles,spaghetti noodles, medium egg noodles, somen noodles, fresh egg noodles, wide egg noodles, cellophane noodles']"
89685,chicken thukpa,"rice noodles, chicken broth, grilled chicken breast, carrot, red bell pepper, celery, spinach, cooking oil, salt and pepper, cilantro, garlic, ginger, red chili peppers, cherry tomatoes, shallots, fresh cilantro, cumin seed, turmeric, peppercorn, asafoetida powder, lime juice",serving,17,"[' cream of chicken soup, cream of mushroom soup, cream of wild mushroom soup, chicken broth, vegetable broth, reduced-sodium chicken broth, low sodium vegetable broth, low-fat chicken broth, beef broth, organic free range fat free chicken broth,chicken broth, broth, low sodium chicken broth, low sodium beef broth, rich chicken broth,vegetable broth,swanson chicken broth, reduced-sodium fat-free chicken broth,boneless skinless chicken breasts,chicken breasts, chicken stock, chicken thigh fillet, chicken bouillon cube,chicken thighs, chicken stock cube, cooked chicken breasts, boneless chicken,boneless chicken breasts, chicken thighs, chicken, boneless chicken thighs, boneless skinless chicken breasts, boneless skinless chicken thighs, cooked chicken, boneless skinless chicken breast halves, ground chicken,skinless chicken thighs,chicken tenders,chicken, chicken bouillon cubes,chicken breast halves, chicken base,skinless chicken breasts, chicken legs, chicken breasts, chicken livers, chicken-flavored ramen noodles, skinless chicken thighs, chicken stock powder, boneless chicken breasts,chicken wings,boneless chicken thighs, boneless chicken breast halves, roasting chickens, chicken giblets, homemade chicken stock,cooked chicken,boneless chicken breast, chicken bouillon, chicken breast,boneless skinless chicken breast,chicken breast, cooked chicken breast,skinless chicken breast, skinless chicken leg quarters,boneless skinless chicken breast halves, rotisserie-cooked chicken, boneless skinless chicken legs, skinless chicken breast half, whole chicken breasts,skinless chicken piece,skinless chicken drumsticks, chicken tenders,skinless chicken,chicken stock, skinless chicken breast,chicken fillets,chicken pieces,whole chicken,chicken piece, chicken breast fillets,ground chicken,whole chickens, boneless skinless chicken,boneless skinless chicken thighs,boneless chicken,roasting chickens, chicken legs-thighs, grilled chicken breast, pepperoni slices, cheese slices, long-grain rice, rice, basmati rice, cooked wild rice, brown basmati rice, cooked rice, rice wine, brown rice, long grain white rice, rice vinegar, rice sticks, rice wine vinegar, cooked white rice, jasmine rice, cooked long-grain rice,rice wine vinegar, long grain rice, steamed rice, converted rice, rice vermicelli,cooked brown rice, white rice, wild rice,rice, instant rice, seasoned rice vinegar,basmati rice,rice noodles,lasagna noodles, egg noodles, noodles, chinese egg noodles,spaghetti noodles, medium egg noodles, somen noodles, fresh egg noodles, wide egg noodles, cellophane noodles']"
89685,chicken thukpa,"rice noodles, chicken broth, grilled chicken breast, carrot, red bell pepper, celery, spinach, cooking oil, salt and pepper, cilantro, garlic, ginger, red chili peppers, cherry tomatoes, shallots, fresh cilantro, cumin seed, turmeric, peppercorn, asafoetida powder, lime juice",grilled,17,"[' cream of chicken soup, cream of mushroom soup, cream of wild mushroom soup, chicken broth, vegetable broth, reduced-sodium chicken broth, low sodium vegetable broth, low-fat chicken broth, beef broth, organic free range fat free chicken broth,chicken broth, broth, low sodium chicken broth, low sodium beef broth, rich chicken broth,vegetable broth,swanson chicken broth, reduced-sodium fat-free chicken broth,boneless skinless chicken breasts,chicken breasts, chicken stock, chicken thigh fillet, chicken bouillon cube,chicken thighs, chicken stock cube, cooked chicken breasts, boneless chicken,boneless chicken breasts, chicken thighs, chicken, boneless chicken thighs, boneless skinless chicken breasts, boneless skinless chicken thighs, cooked chicken, boneless skinless chicken breast halves, ground chicken,skinless chicken thighs,chicken tenders,chicken, chicken bouillon cubes,chicken breast halves, chicken base,skinless chicken breasts, chicken legs, chicken breasts, chicken livers, chicken-flavored ramen noodles, skinless chicken thighs, chicken stock powder, boneless chicken breasts,chicken wings,boneless chicken thighs, boneless chicken breast halves, roasting chickens, chicken giblets, homemade chicken stock,cooked chicken,boneless chicken breast, chicken bouillon, chicken breast,boneless skinless chicken breast,chicken breast, cooked chicken breast,skinless chicken breast, skinless chicken leg quarters,boneless skinless chicken breast halves, rotisserie-cooked chicken, boneless skinless chicken legs, skinless chicken breast half, whole chicken breasts,skinless chicken piece,skinless chicken drumsticks, chicken tenders,skinless chicken,chicken stock, skinless chicken breast,chicken fillets,chicken pieces,whole chicken,chicken piece, chicken breast fillets,ground chicken,whole chickens, boneless skinless chicken,boneless skinless chicken thighs,boneless chicken,roasting chickens, chicken legs-thighs, grilled chicken breast, pepperoni slices, cheese slices, long-grain rice, rice, basmati rice, cooked wild rice, brown basmati rice, cooked rice, rice wine, brown rice, long grain white rice, rice vinegar, rice sticks, rice wine vinegar, cooked white rice, jasmine rice, cooked long-grain rice,rice wine vinegar, long grain rice, steamed rice, converted rice, rice vermicelli,cooked brown rice, white rice, wild rice,rice, instant rice, seasoned rice vinegar,basmati rice,rice noodles,lasagna noodles, egg noodles, noodles, chinese egg noodles,spaghetti noodles, medium egg noodles, somen noodles, fresh egg noodles, wide egg noodles, cellophane noodles']"
89685,chicken thukpa,"rice noodles, chicken broth, grilled chicken breast, carrot, red bell pepper, celery, spinach, cooking oil, salt and pepper, cilantro, garlic, ginger, red chili peppers, cherry tomatoes, shallots, fresh cilantro, cumin seed, turmeric, peppercorn, asafoetida powder, lime juice",cooked,17,"[' cream of chicken soup, cream of mushroom soup, cream of wild mushroom soup, chicken broth, vegetable broth, reduced-sodium chicken broth, low sodium vegetable broth, low-fat chicken broth, beef broth, organic free range fat free chicken broth,chicken broth, broth, low sodium chicken broth, low sodium beef broth, rich chicken broth,vegetable broth,swanson chicken broth, reduced-sodium fat-free chicken broth,boneless skinless chicken breasts,chicken breasts, chicken stock, chicken thigh fillet, chicken bouillon cube,chicken thighs, chicken stock cube, cooked chicken breasts, boneless chicken,boneless chicken breasts, chicken thighs, chicken, boneless chicken thighs, boneless skinless chicken breasts, boneless skinless chicken thighs, cooked chicken, boneless skinless chicken breast halves, ground chicken,skinless chicken thighs,chicken tenders,chicken, chicken bouillon cubes,chicken breast halves, chicken base,skinless chicken breasts, chicken legs, chicken breasts, chicken livers, chicken-flavored ramen noodles, skinless chicken thighs, chicken stock powder, boneless chicken breasts,chicken wings,boneless chicken thighs, boneless chicken breast halves, roasting chickens, chicken giblets, homemade chicken stock,cooked chicken,boneless chicken breast, chicken bouillon, chicken breast,boneless skinless chicken breast,chicken breast, cooked chicken breast,skinless chicken breast, skinless chicken leg quarters,boneless skinless chicken breast halves, rotisserie-cooked chicken, boneless skinless chicken legs, skinless chicken breast half, whole chicken breasts,skinless chicken piece,skinless chicken drumsticks, chicken tenders,skinless chicken,chicken stock, skinless chicken breast,chicken fillets,chicken pieces,whole chicken,chicken piece, chicken breast fillets,ground chicken,whole chickens, boneless skinless chicken,boneless skinless chicken thighs,boneless chicken,roasting chickens, chicken legs-thighs, grilled chicken breast, pepperoni slices, cheese slices, long-grain rice, rice, basmati rice, cooked wild rice, brown basmati rice, cooked rice, rice wine, brown rice, long grain white rice, rice vinegar, rice sticks, rice wine vinegar, cooked white rice, jasmine rice, cooked long-grain rice,rice wine vinegar, long grain rice, steamed rice, converted rice, rice vermicelli,cooked brown rice, white rice, wild rice,rice, instant rice, seasoned rice vinegar,basmati rice,rice noodles,lasagna noodles, egg noodles, noodles, chinese egg noodles,spaghetti noodles, medium egg noodles, somen noodles, fresh egg noodles, wide egg noodles, cellophane noodles']"
89685,chicken thukpa,"rice noodles, chicken broth, grilled chicken breast, carrot, red bell pepper, celery, spinach, cooking oil, salt and pepper, cilantro, garlic, ginger, red chili peppers, cherry tomatoes, shallots, fresh cilantro, cumin seed, turmeric, peppercorn, asafoetida powder, lime juice",desire,19,"[' chili powder, red chili pepper, chili,chili powder, thai sweet chili sauce, chili flakes, green chilies, dried red chili peppers, chili oil, chili-garlic sauce, red chili peppers, ancho chilies, guajillo chilies, chili paste, thai red chili pepper, green chili pepper, green chili, dried red chilies, red chili powder, sweet chili sauce, chili pepper, red chili sauce, mild green chilies, chili sauce, chili peppers, diced green chilies, serrano chili, red chili pepper flakes, hot chili paste, anaheim chili, hot chili pepper, chili paste with garlic, red chilies, dried chilies, chilies, ortega green chilies, soy sauce, tomato sauce, a.1. original sauce, worcestershire sauce, adobo sauce, spaghetti sauce, sriracha sauce, tabasco sauce, picante sauce, pesto sauce, tamari soy sauce, applesauce, hot sauce,spaghetti sauce, hot pepper sauce, hoisin sauce, oyster sauce, reduced sodium soy sauce, low sodium soy sauce, fish sauce, teriyaki sauce, dark soy sauce, barbecue sauce, soya sauce,hoisin sauce, sweet soy sauce, vegetarian oyster sauce, light soy sauce, pizza sauce, cranberry sauce, horseradish sauce, ""franks red hot sauce"", remoulade sauce, liquid hot pepper sauce, pasta sauce, sweet and sour sauce,soya sauce, spaghetti sauce with meat, hollandaise sauce mix, louisiana hot sauce, garlic sauce, tomatoes, crushed tomatoes, tomato paste, crushed tomatoes in puree, roma tomatoes, whole tomatoes, cherry tomatoes, chopped tomato, diced tomatoes, diced tomatoes with juice, chopped tomatoes, tomato puree, diced tomato,tomatoes, grape tomatoes, sun-dried tomatoes, plum tomatoes, roma tomato, tomato juice, canned tomatoes,tomato puree, tomato ketchup,tomato paste, italian-style diced tomatoes, fresh tomato, fresh tomatoes, canned stewed tomatoes, italian-style tomatoes, whole canned tomatoes, sun-dried tomato, stewed tomatoes, tomatoes with juice, rotel tomatoes, del monte zesty jalapeno pepper diced tomato,roma tomatoes, diced tomatoes with basil and garlic, cream of chicken soup, cream of mushroom soup, cream of wild mushroom soup, chicken broth, vegetable broth, reduced-sodium chicken broth, low sodium vegetable broth, low-fat chicken broth, beef broth, organic free range fat free chicken broth,chicken broth, broth, low sodium chicken broth, low sodium beef broth, rich chicken broth,vegetable broth,swanson chicken broth, reduced-sodium fat-free chicken broth']"
89685,chicken thukpa,"rice noodles, chicken broth, grilled chicken breast, carrot, red bell pepper, celery, spinach, cooking oil, salt and pepper, cilantro, garlic, ginger, red chili peppers, cherry tomatoes, shallots, fresh cilantro, cumin seed, turmeric, peppercorn, asafoetida powder, lime juice",chopped,20,"[' fresh cilantro leaves, fresh cilantro, cilantro,fresh cilantro, cilantro leaves, dried cilantro, fresh cilantro stem, cilantro leaf, fresh cilantro stems']"
