Id,Name,AllIngredients,Verbs,Steps,Ingredient
96956,whole grain banana coconut bread,"whole wheat pastry flour, oat bran, soy powder, ground flax seeds, cornstarch, baking powder, salt, pecans, fresh coconut, sugar substitute, brown sugar, honey, light butter, lecithin granules, liquid lecithin, xanthan gum, banana, reduced-fat coconut milk, extra large egg whites, vanilla extract, coconut extract",use,3,"[' cooking spray,cooking spray, nonstick cooking spray, cooking oil,nonstick cooking spray, tart cooking apples, pam cooking spray, olive oil flavored cooking spray, quick-cooking tapioca,olive oil flavored cooking spray, quick-cooking rolled oats,vegetable oil cooking spray, light vegetable oil cooking spray, quick-cooking oats,canola oil cooking spray,cooking oil, quick-cooking oatmeal, vegetable oil cooking spray, quick-cooking barley, quick-cooking couscous, crisco cooking oil, canola oil cooking spray, cooking sherry, quick-cooking brown rice, cooking onion']"
96956,whole grain banana coconut bread,"whole wheat pastry flour, oat bran, soy powder, ground flax seeds, cornstarch, baking powder, salt, pecans, fresh coconut, sugar substitute, brown sugar, honey, light butter, lecithin granules, liquid lecithin, xanthan gum, banana, reduced-fat coconut milk, extra large egg whites, vanilla extract, coconut extract",use,12,{}
96956,whole grain banana coconut bread,"whole wheat pastry flour, oat bran, soy powder, ground flax seeds, cornstarch, baking powder, salt, pecans, fresh coconut, sugar substitute, brown sugar, honey, light butter, lecithin granules, liquid lecithin, xanthan gum, banana, reduced-fat coconut milk, extra large egg whites, vanilla extract, coconut extract",sticking,3,"[' cooking spray,cooking spray, nonstick cooking spray, cooking oil,nonstick cooking spray, tart cooking apples, pam cooking spray, olive oil flavored cooking spray, quick-cooking tapioca,olive oil flavored cooking spray, quick-cooking rolled oats,vegetable oil cooking spray, light vegetable oil cooking spray, quick-cooking oats,canola oil cooking spray,cooking oil, quick-cooking oatmeal, vegetable oil cooking spray, quick-cooking barley, quick-cooking couscous, crisco cooking oil, canola oil cooking spray, cooking sherry, quick-cooking brown rice, cooking onion']"
96956,whole grain banana coconut bread,"whole wheat pastry flour, oat bran, soy powder, ground flax seeds, cornstarch, baking powder, salt, pecans, fresh coconut, sugar substitute, brown sugar, honey, light butter, lecithin granules, liquid lecithin, xanthan gum, banana, reduced-fat coconut milk, extra large egg whites, vanilla extract, coconut extract",used,4,[' meatloaf mix']
96956,whole grain banana coconut bread,"whole wheat pastry flour, oat bran, soy powder, ground flax seeds, cornstarch, baking powder, salt, pecans, fresh coconut, sugar substitute, brown sugar, honey, light butter, lecithin granules, liquid lecithin, xanthan gum, banana, reduced-fat coconut milk, extra large egg whites, vanilla extract, coconut extract",resulting,4,[' meatloaf mix']
96956,whole grain banana coconut bread,"whole wheat pastry flour, oat bran, soy powder, ground flax seeds, cornstarch, baking powder, salt, pecans, fresh coconut, sugar substitute, brown sugar, honey, light butter, lecithin granules, liquid lecithin, xanthan gum, banana, reduced-fat coconut milk, extra large egg whites, vanilla extract, coconut extract",were,4,[' meatloaf mix']
96956,whole grain banana coconut bread,"whole wheat pastry flour, oat bran, soy powder, ground flax seeds, cornstarch, baking powder, salt, pecans, fresh coconut, sugar substitute, brown sugar, honey, light butter, lecithin granules, liquid lecithin, xanthan gum, banana, reduced-fat coconut milk, extra large egg whites, vanilla extract, coconut extract",whisk,5,"[' buckwheat flour, whole wheat flour,whole wheat flour, wheat germ,buckwheat flour, bulgur wheat, whole wheat bread crumbs, whole wheat hamburger buns, wheat, whole wheat pasta, whole wheat angel hair pasta, whole wheat bread,whole wheat tortillas, wheat flour,wheat berries, whole wheat crackers,whole wheat macaroni, whole grain wheat flour,wheat flour, bulgar wheat,whole wheat pita bread, whole wheat penne, whole wheat lasagna noodles, white whole wheat flour, whole wheat pastry flour, wheat bran, whole wheat breadcrumbs, whole wheat spaghetti, whole wheat couscous, buckwheat groats, whole wheat pita bread, stone ground whole wheat flour, whole wheat elbow macaroni,whole wheat pastry flour, puff pastry sheet, phyllo pastry,shortcrust pastry dough, frozen puff pastry, filo pastry, puff pastry,pastry dough,puff pastry sheets, phyllo pastry sheet, puff pastry sheets,all-purpose flour, flour, all-purpose flour, flour tortillas, white flour, unbleached all-purpose flour,flour, plain flour, cornflour, chickpea flour, self rising flour,cake flour, flour tortilla, oat flour, rye flour, gram flour, cake flour,bread flour,flour tortillas, gluten-free flour, self-rising flour, besan flour, rice flour,unbleached all-purpose flour, almond flour,brown rice flour, tapioca flour, sorghum flour, teff flour,unbleached flour, seasoned flour,plain flour, water chestnut flour, bread flour,oat flour, gluten flour, refined flour, unbleached flour, unsifted flour, unbleached white flour, burrito-size flour tortillas, wondra flour, soft taco-size flour tortillas, self raising flour, soy flour,unsifted all-purpose flour, barley flour,white flour, masa harina flour, masa corn flour, all-purpose white flour,rice flour,oats, oat bran, oats, ""goats cheese"", goat cheese, quick-cooking rolled oats, oatmeal, goat meat, old fashioned oats, soft fresh goat cheese,quick oats, gluten-free oats, quick-cooking oats, quick oatmeal, quick-cooking oatmeal, goat milk yogurt, rolled oats,old fashioned oats, quick oats,goat meat,oat bran,rolled oats, brandy, apricot brandy, tabasco brand chipotle pepper sauce, rice bran oil, natural bran, soy sauce, tamari soy sauce, soy mozzarella cheese, reduced sodium soy sauce, low sodium soy sauce, dark soy sauce, soya sauce, soy chorizo, sweet soy sauce, light soy sauce, soymilk,soya sauce,soy sauce, dark soya sauce, powdered soy protein concentrate,reduced sodium soy sauce,light soy sauce, soy protein isolate, soybeans, soy cheese, soya oil, unsweetened soymilk, soya milk, plain soymilk,soy yogurt, soya margarine, soybean paste, soy powder, chili powder, baking powder, cayenne powder, powdered sugar,chili powder, garlic powder, onion powder,dried ancho chile powder, dried chipotle powder, mustard powder, curry powder, nonfat dry milk powder, ginger powder, five-spice powder, coriander powder, cumin powder, garam masala powder, vegan egg replacer powder, red chili powder, chinese five spice powder, mango powder, asafoetida powder, madras curry powder, unsweetened cocoa powder, turmeric powder, mild curry powder, coconut milk powder, chicken stock powder, cocoa powder, powdered ginger, file powder, powdered milk, vegetable stock powder, pure chile powder, white pepper powder, double-acting baking powder, dark chili powder, instant espresso coffee powder,curry powder, wasabi powder, amchur powder, mild chili powder, cardamom powder, jalapeno powder, mexican chili powder, instant coffee powder, hot chili powder, gluten free baking powder, powdered thyme,onion powder, beef bouillon powder,nonfat dry milk powder, powdered saffron, achiote powder, clove powder, jeera powder, celery powder, dutch-processed cocoa powder,coriander powder, powdered lemon grass, dried ancho chile powder, new mexico chile powder, rice powder, powdered rice root, laos powder, chicken bouillon powder, ground pasilla chile powder,dry coconut powder,garlic powder, bovril powder, powdered allspice, powdered cumin, tamarind powder, flax seed, ground flax seeds,flax seed, flax seed meal, flax seeds, sesame seeds, coriander seeds, cumin seeds, fenugreek seeds, mustard seeds, annatto seeds, fennel seeds, poppy seeds, toasted sesame seeds, roasted sesame seeds, sunflower seeds, whole cumin seeds, pumpkin seeds, yellow mustard seeds, white poppy seeds, black mustard seeds, hamburger buns with sesame seeds, white sesame seeds,coriander seeds, celery seeds, dill seeds, pomegranate seeds, methi seeds,annatto seeds, brown mustard seeds, hemp seeds, chia seeds, seeds, whole coriander seeds, onion seeds, green cardamom seeds,fennel seeds, black sesame seeds, mixed seeds, cardamom seeds, nigella seeds, cornstarch, salt, salt and pepper, unsalted butter,salt, salt & freshly ground black pepper,unsalted butter, kosher salt, coarse salt, seasoning salt, sea salt, salted peanuts, salt & pepper,kosher salt, garlic salt, celery salt, kosher salt & freshly ground black pepper, coarse sea salt, no-salt-added corn, salt and black pepper,sea salt,coarse salt, onion salt, salted butter, saltine crackers, unsalted cashews, salt & fresh ground pepper, fine sea salt, table salt, unsalted dry roasted peanuts, unsalted peanuts, ""lawrys seasoned salt"",salt cod fish, black salt, saltines, flaked sea salt, garlic sea salt, iodized salt, unsalted chicken stock, salted almond, no-added-salt tomato paste, saltine, rock salt, salt pork, no-salt-added diced tomatoes, jalapeno seasoning salt, salt-free cream-style corn, no-salt-added whole tomatoes,unsalted dry roasted peanuts, season salt, roasted unsalted peanuts, saltine crumbs, gray salt,salted butter, dry roasted salted peanut']"
96956,whole grain banana coconut bread,"whole wheat pastry flour, oat bran, soy powder, ground flax seeds, cornstarch, baking powder, salt, pecans, fresh coconut, sugar substitute, brown sugar, honey, light butter, lecithin granules, liquid lecithin, xanthan gum, banana, reduced-fat coconut milk, extra large egg whites, vanilla extract, coconut extract",baking,5,"[' buckwheat flour, whole wheat flour,whole wheat flour, wheat germ,buckwheat flour, bulgur wheat, whole wheat bread crumbs, whole wheat hamburger buns, wheat, whole wheat pasta, whole wheat angel hair pasta, whole wheat bread,whole wheat tortillas, wheat flour,wheat berries, whole wheat crackers,whole wheat macaroni, whole grain wheat flour,wheat flour, bulgar wheat,whole wheat pita bread, whole wheat penne, whole wheat lasagna noodles, white whole wheat flour, whole wheat pastry flour, wheat bran, whole wheat breadcrumbs, whole wheat spaghetti, whole wheat couscous, buckwheat groats, whole wheat pita bread, stone ground whole wheat flour, whole wheat elbow macaroni,whole wheat pastry flour, puff pastry sheet, phyllo pastry,shortcrust pastry dough, frozen puff pastry, filo pastry, puff pastry,pastry dough,puff pastry sheets, phyllo pastry sheet, puff pastry sheets,all-purpose flour, flour, all-purpose flour, flour tortillas, white flour, unbleached all-purpose flour,flour, plain flour, cornflour, chickpea flour, self rising flour,cake flour, flour tortilla, oat flour, rye flour, gram flour, cake flour,bread flour,flour tortillas, gluten-free flour, self-rising flour, besan flour, rice flour,unbleached all-purpose flour, almond flour,brown rice flour, tapioca flour, sorghum flour, teff flour,unbleached flour, seasoned flour,plain flour, water chestnut flour, bread flour,oat flour, gluten flour, refined flour, unbleached flour, unsifted flour, unbleached white flour, burrito-size flour tortillas, wondra flour, soft taco-size flour tortillas, self raising flour, soy flour,unsifted all-purpose flour, barley flour,white flour, masa harina flour, masa corn flour, all-purpose white flour,rice flour,oats, oat bran, oats, ""goats cheese"", goat cheese, quick-cooking rolled oats, oatmeal, goat meat, old fashioned oats, soft fresh goat cheese,quick oats, gluten-free oats, quick-cooking oats, quick oatmeal, quick-cooking oatmeal, goat milk yogurt, rolled oats,old fashioned oats, quick oats,goat meat,oat bran,rolled oats, brandy, apricot brandy, tabasco brand chipotle pepper sauce, rice bran oil, natural bran, soy sauce, tamari soy sauce, soy mozzarella cheese, reduced sodium soy sauce, low sodium soy sauce, dark soy sauce, soya sauce, soy chorizo, sweet soy sauce, light soy sauce, soymilk,soya sauce,soy sauce, dark soya sauce, powdered soy protein concentrate,reduced sodium soy sauce,light soy sauce, soy protein isolate, soybeans, soy cheese, soya oil, unsweetened soymilk, soya milk, plain soymilk,soy yogurt, soya margarine, soybean paste, soy powder, chili powder, baking powder, cayenne powder, powdered sugar,chili powder, garlic powder, onion powder,dried ancho chile powder, dried chipotle powder, mustard powder, curry powder, nonfat dry milk powder, ginger powder, five-spice powder, coriander powder, cumin powder, garam masala powder, vegan egg replacer powder, red chili powder, chinese five spice powder, mango powder, asafoetida powder, madras curry powder, unsweetened cocoa powder, turmeric powder, mild curry powder, coconut milk powder, chicken stock powder, cocoa powder, powdered ginger, file powder, powdered milk, vegetable stock powder, pure chile powder, white pepper powder, double-acting baking powder, dark chili powder, instant espresso coffee powder,curry powder, wasabi powder, amchur powder, mild chili powder, cardamom powder, jalapeno powder, mexican chili powder, instant coffee powder, hot chili powder, gluten free baking powder, powdered thyme,onion powder, beef bouillon powder,nonfat dry milk powder, powdered saffron, achiote powder, clove powder, jeera powder, celery powder, dutch-processed cocoa powder,coriander powder, powdered lemon grass, dried ancho chile powder, new mexico chile powder, rice powder, powdered rice root, laos powder, chicken bouillon powder, ground pasilla chile powder,dry coconut powder,garlic powder, bovril powder, powdered allspice, powdered cumin, tamarind powder, flax seed, ground flax seeds,flax seed, flax seed meal, flax seeds, sesame seeds, coriander seeds, cumin seeds, fenugreek seeds, mustard seeds, annatto seeds, fennel seeds, poppy seeds, toasted sesame seeds, roasted sesame seeds, sunflower seeds, whole cumin seeds, pumpkin seeds, yellow mustard seeds, white poppy seeds, black mustard seeds, hamburger buns with sesame seeds, white sesame seeds,coriander seeds, celery seeds, dill seeds, pomegranate seeds, methi seeds,annatto seeds, brown mustard seeds, hemp seeds, chia seeds, seeds, whole coriander seeds, onion seeds, green cardamom seeds,fennel seeds, black sesame seeds, mixed seeds, cardamom seeds, nigella seeds, cornstarch, salt, salt and pepper, unsalted butter,salt, salt & freshly ground black pepper,unsalted butter, kosher salt, coarse salt, seasoning salt, sea salt, salted peanuts, salt & pepper,kosher salt, garlic salt, celery salt, kosher salt & freshly ground black pepper, coarse sea salt, no-salt-added corn, salt and black pepper,sea salt,coarse salt, onion salt, salted butter, saltine crackers, unsalted cashews, salt & fresh ground pepper, fine sea salt, table salt, unsalted dry roasted peanuts, unsalted peanuts, ""lawrys seasoned salt"",salt cod fish, black salt, saltines, flaked sea salt, garlic sea salt, iodized salt, unsalted chicken stock, salted almond, no-added-salt tomato paste, saltine, rock salt, salt pork, no-salt-added diced tomatoes, jalapeno seasoning salt, salt-free cream-style corn, no-salt-added whole tomatoes,unsalted dry roasted peanuts, season salt, roasted unsalted peanuts, saltine crumbs, gray salt,salted butter, dry roasted salted peanut']"
96956,whole grain banana coconut bread,"whole wheat pastry flour, oat bran, soy powder, ground flax seeds, cornstarch, baking powder, salt, pecans, fresh coconut, sugar substitute, brown sugar, honey, light butter, lecithin granules, liquid lecithin, xanthan gum, banana, reduced-fat coconut milk, extra large egg whites, vanilla extract, coconut extract",add,6,"[' pecans,pecans, candied pecans']"
96956,whole grain banana coconut bread,"whole wheat pastry flour, oat bran, soy powder, ground flax seeds, cornstarch, baking powder, salt, pecans, fresh coconut, sugar substitute, brown sugar, honey, light butter, lecithin granules, liquid lecithin, xanthan gum, banana, reduced-fat coconut milk, extra large egg whites, vanilla extract, coconut extract",add,10,"[' green bananas, banana, bananas, banana extract, red bananas, hot banana peppers, banana peppers, low-fat buttermilk, skim milk, milk, buttermilk, coconut milk, nonfat dry milk powder,skim milk,milk, reduced-fat milk, whole milk, 2% low-fat milk, coconut milk powder, unsweetened coconut milk, evaporated skim milk, evaporated milk, powdered milk, soymilk, 2% milk,buttermilk, 1% low-fat milk,whole milk, whole milk ricotta cheese,coconut milk, nonfat milk, milk chocolate chips, dry buttermilk, light coconut milk, carnation evaporated milk, low-fat milk,nonfat dry milk powder, pillsbury grands refrigerated buttermilk biscuits, sweetened condensed milk, fat-free sweetened condensed milk, low-fat coconut milk, goat milk yogurt, half and half milk, skim milk buttermilk, rice milk,almond milk,low-fat milk, unsweetened soymilk, soya milk, plain soymilk, almond milk, reduced-fat coconut milk, eggs, egg, egg whites,egg, parmigiano-reggiano cheese, eggplant, egg beaters egg substitute, egg noodles, egg white, hard-boiled egg, egg yolk, chinese egg noodles, eggplants, vegan egg replacer powder,eggplants, extra large egg whites, medium egg noodles, egg roll wraps, hard-boiled eggs,egg white, egg yolks, fresh egg noodles, extra large egg, hard-cooked egg, egg substitute, wide egg noodles,eggs, extra-large egg, hardboiled egg,egg yolk, japanese eggplants, extra-large eggs, ""yves veggie ground round"", thin egg noodles, ener-g egg substitute, japanese eggplant,eggplant,egg noodles,extra large eggs, jumbo eggs, egg wash,globe eggplants,hard-boiled eggs, fine egg noodles, veggie crumbles, flat egg noodles,wide egg noodles, yolk-free egg noodles, cooked egg noodles,egg yolks, vanilla, vanilla extract, pure vanilla extract,vanilla extract, vanilla essence, gluten-free vanilla extract, nonfat vanilla yogurt, white vanilla, vanilla instant pudding mix, vanilla ice cream, vanilla bean paste, vanilla wafer, vanilla beans, vanilla sugar, red food coloring, yellow food coloring, green food coloring, orange food coloring, seafood stock, seafood cocktail sauce, seafood, seafood seasoning, carrot baby food']"
96956,whole grain banana coconut bread,"whole wheat pastry flour, oat bran, soy powder, ground flax seeds, cornstarch, baking powder, salt, pecans, fresh coconut, sugar substitute, brown sugar, honey, light butter, lecithin granules, liquid lecithin, xanthan gum, banana, reduced-fat coconut milk, extra large egg whites, vanilla extract, coconut extract",stir,6,"[' pecans,pecans, candied pecans']"
96956,whole grain banana coconut bread,"whole wheat pastry flour, oat bran, soy powder, ground flax seeds, cornstarch, baking powder, salt, pecans, fresh coconut, sugar substitute, brown sugar, honey, light butter, lecithin granules, liquid lecithin, xanthan gum, banana, reduced-fat coconut milk, extra large egg whites, vanilla extract, coconut extract",incorporate,6,"[' pecans,pecans, candied pecans']"
96956,whole grain banana coconut bread,"whole wheat pastry flour, oat bran, soy powder, ground flax seeds, cornstarch, baking powder, salt, pecans, fresh coconut, sugar substitute, brown sugar, honey, light butter, lecithin granules, liquid lecithin, xanthan gum, banana, reduced-fat coconut milk, extra large egg whites, vanilla extract, coconut extract",set,7,{}
96956,whole grain banana coconut bread,"whole wheat pastry flour, oat bran, soy powder, ground flax seeds, cornstarch, baking powder, salt, pecans, fresh coconut, sugar substitute, brown sugar, honey, light butter, lecithin granules, liquid lecithin, xanthan gum, banana, reduced-fat coconut milk, extra large egg whites, vanilla extract, coconut extract",fitted,8,"[' red food coloring, yellow food coloring, green food coloring, orange food coloring, seafood stock, seafood cocktail sauce, seafood, seafood seasoning, carrot baby food, splenda sugar substitute, splenda granular, splenda brown sugar blend, brown sugar, sugar, dark brown sugar, powdered sugar, white sugar, ""confectioners sugar"", granulated sugar, cinnamon sugar,sugar, light brown sugar, icing sugar,granulated sugar, sugar snap pea, unbleached cane sugar,dark brown sugar, palm sugar, caster sugar, sugar-free chocolate syrup, golden brown sugar, turbinado sugar, no-sugar-added raspberry jam, light-brown sugar,brown sugar, coarse sugar,light brown sugar,sugar-free strawberry jam, raw sugar, ""sweetn low brown sugar substitute"", decorator sugar, demerara sugar, maple sugar, sugar snap peas, extra finely granulated sugar, vanilla sugar, sugar substitute, honey, date honey,honey, liquid honey, honeydew melon, clear honey, honey mustard, teddy grahams honey graham snacks, pearl barley, barley, quick-cooking barley, rolled barley, barley flour, barley malt,pearl barley, schmaltz, malt vinegar, pomegranate syrup, pure maple syrup, golden syrup, light corn syrup, maple syrup, agave syrup, corn syrup, syrup, coconut syrup, cane syrup, dark corn syrup, chocolate syrup, peach slices in heavy syrup,pineapple slices in syrup,corn syrup, low-fat buttermilk, butter, unsalted butter,unsalted butter,butter, buttermilk, peanut butter, natural-style peanut butter, reduced-fat creamy peanut butter, coconut butter, clarified butter,butternut squash, smooth cashew butter, smooth peanut butter, butternut squash,peanut butter, butter flavor shortening, salted butter, sweet butter, butter lettuce leaves, chunky peanut butter,buttermilk, light butter, butter flavored crackers, peanut butter chips, dry buttermilk, pillsbury grands refrigerated buttermilk biscuits, butter beans,clarified butter, whipped butter, butter lettuce leaf, creamy peanut butter, almond butter, skim milk buttermilk, butter buds, butternut pumpkin, prune butter, apple butter, crunchy peanut butter,butterhead lettuce,buttery crackers, butter toffee peanuts,salted butter, xanthan gum, ""gumbo file"", zatarians gumbo base mix, gumbo file, guar gum, gumdrops, gummy bears']"
96956,whole grain banana coconut bread,"whole wheat pastry flour, oat bran, soy powder, ground flax seeds, cornstarch, baking powder, salt, pecans, fresh coconut, sugar substitute, brown sugar, honey, light butter, lecithin granules, liquid lecithin, xanthan gum, banana, reduced-fat coconut milk, extra large egg whites, vanilla extract, coconut extract",place,8,"[' red food coloring, yellow food coloring, green food coloring, orange food coloring, seafood stock, seafood cocktail sauce, seafood, seafood seasoning, carrot baby food, splenda sugar substitute, splenda granular, splenda brown sugar blend, brown sugar, sugar, dark brown sugar, powdered sugar, white sugar, ""confectioners sugar"", granulated sugar, cinnamon sugar,sugar, light brown sugar, icing sugar,granulated sugar, sugar snap pea, unbleached cane sugar,dark brown sugar, palm sugar, caster sugar, sugar-free chocolate syrup, golden brown sugar, turbinado sugar, no-sugar-added raspberry jam, light-brown sugar,brown sugar, coarse sugar,light brown sugar,sugar-free strawberry jam, raw sugar, ""sweetn low brown sugar substitute"", decorator sugar, demerara sugar, maple sugar, sugar snap peas, extra finely granulated sugar, vanilla sugar, sugar substitute, honey, date honey,honey, liquid honey, honeydew melon, clear honey, honey mustard, teddy grahams honey graham snacks, pearl barley, barley, quick-cooking barley, rolled barley, barley flour, barley malt,pearl barley, schmaltz, malt vinegar, pomegranate syrup, pure maple syrup, golden syrup, light corn syrup, maple syrup, agave syrup, corn syrup, syrup, coconut syrup, cane syrup, dark corn syrup, chocolate syrup, peach slices in heavy syrup,pineapple slices in syrup,corn syrup, low-fat buttermilk, butter, unsalted butter,unsalted butter,butter, buttermilk, peanut butter, natural-style peanut butter, reduced-fat creamy peanut butter, coconut butter, clarified butter,butternut squash, smooth cashew butter, smooth peanut butter, butternut squash,peanut butter, butter flavor shortening, salted butter, sweet butter, butter lettuce leaves, chunky peanut butter,buttermilk, light butter, butter flavored crackers, peanut butter chips, dry buttermilk, pillsbury grands refrigerated buttermilk biscuits, butter beans,clarified butter, whipped butter, butter lettuce leaf, creamy peanut butter, almond butter, skim milk buttermilk, butter buds, butternut pumpkin, prune butter, apple butter, crunchy peanut butter,butterhead lettuce,buttery crackers, butter toffee peanuts,salted butter, xanthan gum, ""gumbo file"", zatarians gumbo base mix, gumbo file, guar gum, gumdrops, gummy bears']"
96956,whole grain banana coconut bread,"whole wheat pastry flour, oat bran, soy powder, ground flax seeds, cornstarch, baking powder, salt, pecans, fresh coconut, sugar substitute, brown sugar, honey, light butter, lecithin granules, liquid lecithin, xanthan gum, banana, reduced-fat coconut milk, extra large egg whites, vanilla extract, coconut extract",puree,10,"[' green bananas, banana, bananas, banana extract, red bananas, hot banana peppers, banana peppers, low-fat buttermilk, skim milk, milk, buttermilk, coconut milk, nonfat dry milk powder,skim milk,milk, reduced-fat milk, whole milk, 2% low-fat milk, coconut milk powder, unsweetened coconut milk, evaporated skim milk, evaporated milk, powdered milk, soymilk, 2% milk,buttermilk, 1% low-fat milk,whole milk, whole milk ricotta cheese,coconut milk, nonfat milk, milk chocolate chips, dry buttermilk, light coconut milk, carnation evaporated milk, low-fat milk,nonfat dry milk powder, pillsbury grands refrigerated buttermilk biscuits, sweetened condensed milk, fat-free sweetened condensed milk, low-fat coconut milk, goat milk yogurt, half and half milk, skim milk buttermilk, rice milk,almond milk,low-fat milk, unsweetened soymilk, soya milk, plain soymilk, almond milk, reduced-fat coconut milk, eggs, egg, egg whites,egg, parmigiano-reggiano cheese, eggplant, egg beaters egg substitute, egg noodles, egg white, hard-boiled egg, egg yolk, chinese egg noodles, eggplants, vegan egg replacer powder,eggplants, extra large egg whites, medium egg noodles, egg roll wraps, hard-boiled eggs,egg white, egg yolks, fresh egg noodles, extra large egg, hard-cooked egg, egg substitute, wide egg noodles,eggs, extra-large egg, hardboiled egg,egg yolk, japanese eggplants, extra-large eggs, ""yves veggie ground round"", thin egg noodles, ener-g egg substitute, japanese eggplant,eggplant,egg noodles,extra large eggs, jumbo eggs, egg wash,globe eggplants,hard-boiled eggs, fine egg noodles, veggie crumbles, flat egg noodles,wide egg noodles, yolk-free egg noodles, cooked egg noodles,egg yolks, vanilla, vanilla extract, pure vanilla extract,vanilla extract, vanilla essence, gluten-free vanilla extract, nonfat vanilla yogurt, white vanilla, vanilla instant pudding mix, vanilla ice cream, vanilla bean paste, vanilla wafer, vanilla beans, vanilla sugar, red food coloring, yellow food coloring, green food coloring, orange food coloring, seafood stock, seafood cocktail sauce, seafood, seafood seasoning, carrot baby food']"
96956,whole grain banana coconut bread,"whole wheat pastry flour, oat bran, soy powder, ground flax seeds, cornstarch, baking powder, salt, pecans, fresh coconut, sugar substitute, brown sugar, honey, light butter, lecithin granules, liquid lecithin, xanthan gum, banana, reduced-fat coconut milk, extra large egg whites, vanilla extract, coconut extract",blended,10,"[' green bananas, banana, bananas, banana extract, red bananas, hot banana peppers, banana peppers, low-fat buttermilk, skim milk, milk, buttermilk, coconut milk, nonfat dry milk powder,skim milk,milk, reduced-fat milk, whole milk, 2% low-fat milk, coconut milk powder, unsweetened coconut milk, evaporated skim milk, evaporated milk, powdered milk, soymilk, 2% milk,buttermilk, 1% low-fat milk,whole milk, whole milk ricotta cheese,coconut milk, nonfat milk, milk chocolate chips, dry buttermilk, light coconut milk, carnation evaporated milk, low-fat milk,nonfat dry milk powder, pillsbury grands refrigerated buttermilk biscuits, sweetened condensed milk, fat-free sweetened condensed milk, low-fat coconut milk, goat milk yogurt, half and half milk, skim milk buttermilk, rice milk,almond milk,low-fat milk, unsweetened soymilk, soya milk, plain soymilk, almond milk, reduced-fat coconut milk, eggs, egg, egg whites,egg, parmigiano-reggiano cheese, eggplant, egg beaters egg substitute, egg noodles, egg white, hard-boiled egg, egg yolk, chinese egg noodles, eggplants, vegan egg replacer powder,eggplants, extra large egg whites, medium egg noodles, egg roll wraps, hard-boiled eggs,egg white, egg yolks, fresh egg noodles, extra large egg, hard-cooked egg, egg substitute, wide egg noodles,eggs, extra-large egg, hardboiled egg,egg yolk, japanese eggplants, extra-large eggs, ""yves veggie ground round"", thin egg noodles, ener-g egg substitute, japanese eggplant,eggplant,egg noodles,extra large eggs, jumbo eggs, egg wash,globe eggplants,hard-boiled eggs, fine egg noodles, veggie crumbles, flat egg noodles,wide egg noodles, yolk-free egg noodles, cooked egg noodles,egg yolks, vanilla, vanilla extract, pure vanilla extract,vanilla extract, vanilla essence, gluten-free vanilla extract, nonfat vanilla yogurt, white vanilla, vanilla instant pudding mix, vanilla ice cream, vanilla bean paste, vanilla wafer, vanilla beans, vanilla sugar, red food coloring, yellow food coloring, green food coloring, orange food coloring, seafood stock, seafood cocktail sauce, seafood, seafood seasoning, carrot baby food']"
96956,whole grain banana coconut bread,"whole wheat pastry flour, oat bran, soy powder, ground flax seeds, cornstarch, baking powder, salt, pecans, fresh coconut, sugar substitute, brown sugar, honey, light butter, lecithin granules, liquid lecithin, xanthan gum, banana, reduced-fat coconut milk, extra large egg whites, vanilla extract, coconut extract",shake,11,"[' canola oil, pecans, jamaican jerk spice, mexican oregano, candied ginger, picante sauce,canola oil, canned corn niblet, mixed candied fruit, candied cherry, canned spinach, canned tomatoes, mexican blend cheese, canned black beans, cannellini beans, canned corn, canned stewed tomatoes, canned red kidney beans, whole canned tomatoes, canadian bacon, spearmint candy leaf, canned pumpkin,cannelloni tubes, unbleached cane sugar, cannelloni tubes, mexican chocolate, candied lemon peel, canned tomatillos, mexican crema, dried mexican oregano, pecan halves,pecans, canned diced green chiles, mexican chili powder, cane syrup,canned whole kernel corn, pecan pieces, canned mushroom,cantaloupe, american cheese, canned corn kernel, canned artichoke hearts, canned mushrooms, canned tomato, candied pecans, canned white beans, candlenuts, canned crushed pineapple,canola oil cooking spray, canned plum tomatoes, canned pinto beans, canned beets, dried cannellini beans, cannellini, canned chick-peas, canned kidney beans, picante salsa, canned chicken broth, canned pumpkin puree, canola oil cooking spray, canned tomato sauce,dried mexican oregano, canned beef broth, canned corn niblets, velveeta mexican cheese, canned pineapple juice, canned cannellini, canned jalapeno slices, canned tuna, mexican cheese, ""m&ms plain chocolate candy"", candy corn, red cinnamon candies, low-fat buttermilk, skim milk, milk, buttermilk, coconut milk, nonfat dry milk powder,skim milk,milk, reduced-fat milk, whole milk, 2% low-fat milk, coconut milk powder, unsweetened coconut milk, evaporated skim milk, evaporated milk, powdered milk, soymilk, 2% milk,buttermilk, 1% low-fat milk,whole milk, whole milk ricotta cheese,coconut milk, nonfat milk, milk chocolate chips, dry buttermilk, light coconut milk, carnation evaporated milk, low-fat milk,nonfat dry milk powder, pillsbury grands refrigerated buttermilk biscuits, sweetened condensed milk, fat-free sweetened condensed milk, low-fat coconut milk, goat milk yogurt, half and half milk, skim milk buttermilk, rice milk,almond milk,low-fat milk, unsweetened soymilk, soya milk, plain soymilk, almond milk, reduced-fat coconut milk']"
96956,whole grain banana coconut bread,"whole wheat pastry flour, oat bran, soy powder, ground flax seeds, cornstarch, baking powder, salt, pecans, fresh coconut, sugar substitute, brown sugar, honey, light butter, lecithin granules, liquid lecithin, xanthan gum, banana, reduced-fat coconut milk, extra large egg whites, vanilla extract, coconut extract",opening,11,"[' canola oil, pecans, jamaican jerk spice, mexican oregano, candied ginger, picante sauce,canola oil, canned corn niblet, mixed candied fruit, candied cherry, canned spinach, canned tomatoes, mexican blend cheese, canned black beans, cannellini beans, canned corn, canned stewed tomatoes, canned red kidney beans, whole canned tomatoes, canadian bacon, spearmint candy leaf, canned pumpkin,cannelloni tubes, unbleached cane sugar, cannelloni tubes, mexican chocolate, candied lemon peel, canned tomatillos, mexican crema, dried mexican oregano, pecan halves,pecans, canned diced green chiles, mexican chili powder, cane syrup,canned whole kernel corn, pecan pieces, canned mushroom,cantaloupe, american cheese, canned corn kernel, canned artichoke hearts, canned mushrooms, canned tomato, candied pecans, canned white beans, candlenuts, canned crushed pineapple,canola oil cooking spray, canned plum tomatoes, canned pinto beans, canned beets, dried cannellini beans, cannellini, canned chick-peas, canned kidney beans, picante salsa, canned chicken broth, canned pumpkin puree, canola oil cooking spray, canned tomato sauce,dried mexican oregano, canned beef broth, canned corn niblets, velveeta mexican cheese, canned pineapple juice, canned cannellini, canned jalapeno slices, canned tuna, mexican cheese, ""m&ms plain chocolate candy"", candy corn, red cinnamon candies, low-fat buttermilk, skim milk, milk, buttermilk, coconut milk, nonfat dry milk powder,skim milk,milk, reduced-fat milk, whole milk, 2% low-fat milk, coconut milk powder, unsweetened coconut milk, evaporated skim milk, evaporated milk, powdered milk, soymilk, 2% milk,buttermilk, 1% low-fat milk,whole milk, whole milk ricotta cheese,coconut milk, nonfat milk, milk chocolate chips, dry buttermilk, light coconut milk, carnation evaporated milk, low-fat milk,nonfat dry milk powder, pillsbury grands refrigerated buttermilk biscuits, sweetened condensed milk, fat-free sweetened condensed milk, low-fat coconut milk, goat milk yogurt, half and half milk, skim milk buttermilk, rice milk,almond milk,low-fat milk, unsweetened soymilk, soya milk, plain soymilk, almond milk, reduced-fat coconut milk']"
96956,whole grain banana coconut bread,"whole wheat pastry flour, oat bran, soy powder, ground flax seeds, cornstarch, baking powder, salt, pecans, fresh coconut, sugar substitute, brown sugar, honey, light butter, lecithin granules, liquid lecithin, xanthan gum, banana, reduced-fat coconut milk, extra large egg whites, vanilla extract, coconut extract",separated,11,"[' canola oil, pecans, jamaican jerk spice, mexican oregano, candied ginger, picante sauce,canola oil, canned corn niblet, mixed candied fruit, candied cherry, canned spinach, canned tomatoes, mexican blend cheese, canned black beans, cannellini beans, canned corn, canned stewed tomatoes, canned red kidney beans, whole canned tomatoes, canadian bacon, spearmint candy leaf, canned pumpkin,cannelloni tubes, unbleached cane sugar, cannelloni tubes, mexican chocolate, candied lemon peel, canned tomatillos, mexican crema, dried mexican oregano, pecan halves,pecans, canned diced green chiles, mexican chili powder, cane syrup,canned whole kernel corn, pecan pieces, canned mushroom,cantaloupe, american cheese, canned corn kernel, canned artichoke hearts, canned mushrooms, canned tomato, candied pecans, canned white beans, candlenuts, canned crushed pineapple,canola oil cooking spray, canned plum tomatoes, canned pinto beans, canned beets, dried cannellini beans, cannellini, canned chick-peas, canned kidney beans, picante salsa, canned chicken broth, canned pumpkin puree, canola oil cooking spray, canned tomato sauce,dried mexican oregano, canned beef broth, canned corn niblets, velveeta mexican cheese, canned pineapple juice, canned cannellini, canned jalapeno slices, canned tuna, mexican cheese, ""m&ms plain chocolate candy"", candy corn, red cinnamon candies, low-fat buttermilk, skim milk, milk, buttermilk, coconut milk, nonfat dry milk powder,skim milk,milk, reduced-fat milk, whole milk, 2% low-fat milk, coconut milk powder, unsweetened coconut milk, evaporated skim milk, evaporated milk, powdered milk, soymilk, 2% milk,buttermilk, 1% low-fat milk,whole milk, whole milk ricotta cheese,coconut milk, nonfat milk, milk chocolate chips, dry buttermilk, light coconut milk, carnation evaporated milk, low-fat milk,nonfat dry milk powder, pillsbury grands refrigerated buttermilk biscuits, sweetened condensed milk, fat-free sweetened condensed milk, low-fat coconut milk, goat milk yogurt, half and half milk, skim milk buttermilk, rice milk,almond milk,low-fat milk, unsweetened soymilk, soya milk, plain soymilk, almond milk, reduced-fat coconut milk']"
96956,whole grain banana coconut bread,"whole wheat pastry flour, oat bran, soy powder, ground flax seeds, cornstarch, baking powder, salt, pecans, fresh coconut, sugar substitute, brown sugar, honey, light butter, lecithin granules, liquid lecithin, xanthan gum, banana, reduced-fat coconut milk, extra large egg whites, vanilla extract, coconut extract",measure,11,"[' canola oil, pecans, jamaican jerk spice, mexican oregano, candied ginger, picante sauce,canola oil, canned corn niblet, mixed candied fruit, candied cherry, canned spinach, canned tomatoes, mexican blend cheese, canned black beans, cannellini beans, canned corn, canned stewed tomatoes, canned red kidney beans, whole canned tomatoes, canadian bacon, spearmint candy leaf, canned pumpkin,cannelloni tubes, unbleached cane sugar, cannelloni tubes, mexican chocolate, candied lemon peel, canned tomatillos, mexican crema, dried mexican oregano, pecan halves,pecans, canned diced green chiles, mexican chili powder, cane syrup,canned whole kernel corn, pecan pieces, canned mushroom,cantaloupe, american cheese, canned corn kernel, canned artichoke hearts, canned mushrooms, canned tomato, candied pecans, canned white beans, candlenuts, canned crushed pineapple,canola oil cooking spray, canned plum tomatoes, canned pinto beans, canned beets, dried cannellini beans, cannellini, canned chick-peas, canned kidney beans, picante salsa, canned chicken broth, canned pumpkin puree, canola oil cooking spray, canned tomato sauce,dried mexican oregano, canned beef broth, canned corn niblets, velveeta mexican cheese, canned pineapple juice, canned cannellini, canned jalapeno slices, canned tuna, mexican cheese, ""m&ms plain chocolate candy"", candy corn, red cinnamon candies, low-fat buttermilk, skim milk, milk, buttermilk, coconut milk, nonfat dry milk powder,skim milk,milk, reduced-fat milk, whole milk, 2% low-fat milk, coconut milk powder, unsweetened coconut milk, evaporated skim milk, evaporated milk, powdered milk, soymilk, 2% milk,buttermilk, 1% low-fat milk,whole milk, whole milk ricotta cheese,coconut milk, nonfat milk, milk chocolate chips, dry buttermilk, light coconut milk, carnation evaporated milk, low-fat milk,nonfat dry milk powder, pillsbury grands refrigerated buttermilk biscuits, sweetened condensed milk, fat-free sweetened condensed milk, low-fat coconut milk, goat milk yogurt, half and half milk, skim milk buttermilk, rice milk,almond milk,low-fat milk, unsweetened soymilk, soya milk, plain soymilk, almond milk, reduced-fat coconut milk']"
96956,whole grain banana coconut bread,"whole wheat pastry flour, oat bran, soy powder, ground flax seeds, cornstarch, baking powder, salt, pecans, fresh coconut, sugar substitute, brown sugar, honey, light butter, lecithin granules, liquid lecithin, xanthan gum, banana, reduced-fat coconut milk, extra large egg whites, vanilla extract, coconut extract",pour,12,{}
96956,whole grain banana coconut bread,"whole wheat pastry flour, oat bran, soy powder, ground flax seeds, cornstarch, baking powder, salt, pecans, fresh coconut, sugar substitute, brown sugar, honey, light butter, lecithin granules, liquid lecithin, xanthan gum, banana, reduced-fat coconut milk, extra large egg whites, vanilla extract, coconut extract",pour,14,"['batter, meatloaf mix, panko breadcrumbs, campanelle pasta, pancetta, spanish onion, spanish olives with pimento, panir,pancetta,panir,pancakes, japanese eggplants, japanese-style bread crumbs, spanish olives,spanish onion, pan dripping, japanese eggplant, marzipan carrots, spanish rice, pan juices,spanish chorizo, vegan egg replacer powder, herbes de provence']"
96956,whole grain banana coconut bread,"whole wheat pastry flour, oat bran, soy powder, ground flax seeds, cornstarch, baking powder, salt, pecans, fresh coconut, sugar substitute, brown sugar, honey, light butter, lecithin granules, liquid lecithin, xanthan gum, banana, reduced-fat coconut milk, extra large egg whites, vanilla extract, coconut extract",fold,12,{}
96956,whole grain banana coconut bread,"whole wheat pastry flour, oat bran, soy powder, ground flax seeds, cornstarch, baking powder, salt, pecans, fresh coconut, sugar substitute, brown sugar, honey, light butter, lecithin granules, liquid lecithin, xanthan gum, banana, reduced-fat coconut milk, extra large egg whites, vanilla extract, coconut extract",be,13,"['batter, gluten-free flour, gluten-free oats, gluten free baking powder, gluten-free vanilla extract, gluten flour, gluten']"
96956,whole grain banana coconut bread,"whole wheat pastry flour, oat bran, soy powder, ground flax seeds, cornstarch, baking powder, salt, pecans, fresh coconut, sugar substitute, brown sugar, honey, light butter, lecithin granules, liquid lecithin, xanthan gum, banana, reduced-fat coconut milk, extra large egg whites, vanilla extract, coconut extract",overmix,13,"['batter, gluten-free flour, gluten-free oats, gluten free baking powder, gluten-free vanilla extract, gluten flour, gluten']"
96956,whole grain banana coconut bread,"whole wheat pastry flour, oat bran, soy powder, ground flax seeds, cornstarch, baking powder, salt, pecans, fresh coconut, sugar substitute, brown sugar, honey, light butter, lecithin granules, liquid lecithin, xanthan gum, banana, reduced-fat coconut milk, extra large egg whites, vanilla extract, coconut extract",activating,13,"['batter, gluten-free flour, gluten-free oats, gluten free baking powder, gluten-free vanilla extract, gluten flour, gluten']"
96956,whole grain banana coconut bread,"whole wheat pastry flour, oat bran, soy powder, ground flax seeds, cornstarch, baking powder, salt, pecans, fresh coconut, sugar substitute, brown sugar, honey, light butter, lecithin granules, liquid lecithin, xanthan gum, banana, reduced-fat coconut milk, extra large egg whites, vanilla extract, coconut extract",reaches,15,"[' baked corn tortilla chips, baked tofu']"
96956,whole grain banana coconut bread,"whole wheat pastry flour, oat bran, soy powder, ground flax seeds, cornstarch, baking powder, salt, pecans, fresh coconut, sugar substitute, brown sugar, honey, light butter, lecithin granules, liquid lecithin, xanthan gum, banana, reduced-fat coconut milk, extra large egg whites, vanilla extract, coconut extract",took,16,"[' herbes de provence, panko breadcrumbs, campanelle pasta, pancetta, spanish onion, spanish olives with pimento, panir,pancetta,panir,pancakes, japanese eggplants, japanese-style bread crumbs, spanish olives,spanish onion, pan dripping, japanese eggplant, marzipan carrots, spanish rice, pan juices,spanish chorizo']"
96956,whole grain banana coconut bread,"whole wheat pastry flour, oat bran, soy powder, ground flax seeds, cornstarch, baking powder, salt, pecans, fresh coconut, sugar substitute, brown sugar, honey, light butter, lecithin granules, liquid lecithin, xanthan gum, banana, reduced-fat coconut milk, extra large egg whites, vanilla extract, coconut extract",take,16,"[' herbes de provence, panko breadcrumbs, campanelle pasta, pancetta, spanish onion, spanish olives with pimento, panir,pancetta,panir,pancakes, japanese eggplants, japanese-style bread crumbs, spanish olives,spanish onion, pan dripping, japanese eggplant, marzipan carrots, spanish rice, pan juices,spanish chorizo']"
96956,whole grain banana coconut bread,"whole wheat pastry flour, oat bran, soy powder, ground flax seeds, cornstarch, baking powder, salt, pecans, fresh coconut, sugar substitute, brown sugar, honey, light butter, lecithin granules, liquid lecithin, xanthan gum, banana, reduced-fat coconut milk, extra large egg whites, vanilla extract, coconut extract",look,17,"[' lite extra-firm tofu, firm tofu,extra-firm silken tofu, firm silken tofu, boneless pork top loin, scallion top, green onion top, green onions with top, onion tops, top sirloin steaks, green onion tops, caramel ice cream topping, green onions with tops, scallion tops, panko breadcrumbs, campanelle pasta, pancetta, spanish onion, spanish olives with pimento, panir,pancetta,panir,pancakes, japanese eggplants, japanese-style bread crumbs, spanish olives,spanish onion, pan dripping, japanese eggplant, marzipan carrots, spanish rice, pan juices,spanish chorizo']"
96956,whole grain banana coconut bread,"whole wheat pastry flour, oat bran, soy powder, ground flax seeds, cornstarch, baking powder, salt, pecans, fresh coconut, sugar substitute, brown sugar, honey, light butter, lecithin granules, liquid lecithin, xanthan gum, banana, reduced-fat coconut milk, extra large egg whites, vanilla extract, coconut extract",pull,17,"[' lite extra-firm tofu, firm tofu,extra-firm silken tofu, firm silken tofu, boneless pork top loin, scallion top, green onion top, green onions with top, onion tops, top sirloin steaks, green onion tops, caramel ice cream topping, green onions with tops, scallion tops, panko breadcrumbs, campanelle pasta, pancetta, spanish onion, spanish olives with pimento, panir,pancetta,panir,pancakes, japanese eggplants, japanese-style bread crumbs, spanish olives,spanish onion, pan dripping, japanese eggplant, marzipan carrots, spanish rice, pan juices,spanish chorizo']"
